city,month,country,high_temp_F,low_temp_F,mean_temp_F,precipitation_in,humidity_percent,dew_point_F,wind_mph,pressure_Hg,visibility_mi
Accra,January,Ghana,89.0,75.0,82.0,1.57,75.0,73.0,14.0,29.85,5.0
Accra,February,Ghana,90.0,77.0,84.0,1.79,77.0,75.0,17.0,29.84,6.0
Accra,March,Ghana,91.0,78.0,84.0,2.29,78.0,76.0,17.0,29.83,7.0
Accra,April,Ghana,90.0,78.0,84.0,2.93,78.0,76.0,16.0,29.83,7.0
Accra,May,Ghana,89.0,77.0,83.0,5.11,80.0,75.0,15.0,29.87,8.0
Accra,June,Ghana,85.0,75.0,80.0,6.39,84.0,74.0,15.0,29.93,7.0
Accra,July,Ghana,83.0,75.0,79.0,2.78,84.0,73.0,19.0,29.95,7.0
Accra,August,Ghana,83.0,74.0,78.0,1.83,84.0,72.0,20.0,29.95,7.0
Accra,September,Ghana,85.0,75.0,79.0,2.44,84.0,73.0,19.0,29.92,7.0
Accra,October,Ghana,86.0,75.0,80.0,3.75,83.0,74.0,15.0,29.88,7.0
Accra,November,Ghana,88.0,76.0,82.0,2.67,80.0,75.0,13.0,29.86,7.0
Accra,December,Ghana,89.0,76.0,82.0,2.07,78.0,75.0,13.0,29.85,5.0
Edmonton,January,Canada,21.0,1.0,11.0,0.82,74.0,5.0,14.0,30.07,13.0
Edmonton,February,Canada,24.0,2.0,13.0,0.53,73.0,7.0,14.0,30.08,13.0
Edmonton,March,Canada,34.0,14.0,24.0,0.74,74.0,17.0,15.0,30.03,13.0
Edmonton,April,Canada,50.0,27.0,38.0,1.08,64.0,26.0,17.0,29.98,14.0
Edmonton,May,Canada,64.0,37.0,50.0,2.0,56.0,34.0,17.0,29.97,14.0
Edmonton,June,Canada,70.0,46.0,58.0,2.92,67.0,46.0,15.0,29.91,14.0
Edmonton,July,Canada,74.0,49.0,61.0,3.46,74.0,52.0,13.0,29.95,14.0
Edmonton,August,Canada,73.0,46.0,59.0,2.02,74.0,50.0,12.0,29.97,14.0
Edmonton,September,Canada,65.0,37.0,51.0,1.45,70.0,40.0,14.0,29.98,15.0
Edmonton,October,Canada,51.0,26.0,39.0,0.77,70.0,29.0,15.0,29.98,15.0
Edmonton,November,Canada,33.0,14.0,24.0,0.85,77.0,17.0,14.0,30.0,13.0
Edmonton,December,Canada,23.0,2.0,13.0,0.63,75.0,7.0,14.0,30.03,13.0
Nassau,January,Bahamas,80.0,65.0,72.0,2.67,75.0,63.0,16.0,30.11,8.0
Nassau,February,Bahamas,81.0,66.0,73.0,2.07,75.0,64.0,16.0,30.1,8.0
Nassau,March,Bahamas,82.0,67.0,74.0,2.24,71.0,64.0,17.0,30.07,8.0
Nassau,April,Bahamas,84.0,69.0,77.0,2.45,71.0,66.0,17.0,30.04,8.0
Nassau,May,Bahamas,87.0,72.0,80.0,4.94,74.0,70.0,15.0,30.02,8.0
Nassau,June,Bahamas,90.0,75.0,83.0,8.4,76.0,74.0,14.0,30.03,7.0
Nassau,July,Bahamas,91.0,77.0,84.0,5.8,74.0,75.0,14.0,30.07,7.0
Nassau,August,Bahamas,92.0,77.0,84.0,7.74,76.0,76.0,13.0,30.02,7.0
Nassau,September,Bahamas,90.0,76.0,83.0,7.01,77.0,75.0,12.0,29.97,7.0
Nassau,October,Bahamas,88.0,75.0,81.0,5.44,77.0,73.0,15.0,29.97,7.0
Nassau,November,Bahamas,84.0,71.0,77.0,3.53,75.0,68.0,17.0,30.03,8.0
Nassau,December,Bahamas,81.0,67.0,74.0,1.73,77.0,66.0,16.0,30.09,8.0
Addis Ababa,January,Ethiopia,74.0,49.0,61.0,0.42,49.0,41.0,16.0,29.95,12.0
Addis Ababa,February,Ethiopia,77.0,52.0,64.0,0.84,49.0,43.0,16.0,29.89,11.0
Addis Ababa,March,Ethiopia,78.0,55.0,67.0,2.14,47.0,44.0,16.0,29.86,10.0
Addis Ababa,April,Ethiopia,77.0,56.0,67.0,3.87,56.0,49.0,15.0,29.86,10.0
Addis Ababa,May,Ethiopia,76.0,56.0,66.0,4.91,61.0,51.0,14.0,29.9,10.0
Addis Ababa,June,Ethiopia,73.0,55.0,64.0,5.9,69.0,52.0,12.0,29.89,10.0
Addis Ababa,July,Ethiopia,69.0,55.0,62.0,8.16,80.0,54.0,12.0,29.92,9.0
Addis Ababa,August,Ethiopia,69.0,54.0,62.0,8.77,80.0,54.0,12.0,29.93,10.0
Addis Ababa,September,Ethiopia,71.0,54.0,63.0,6.92,75.0,53.0,12.0,29.91,10.0
Addis Ababa,October,Ethiopia,74.0,52.0,63.0,1.91,57.0,47.0,16.0,29.9,11.0
Addis Ababa,November,Ethiopia,73.0,50.0,62.0,1.45,54.0,45.0,16.0,29.92,11.0
Addis Ababa,December,Ethiopia,73.0,47.0,60.0,1.2,53.0,42.0,16.0,29.96,12.0
Frankfurt,January,Germany,41.0,32.0,36.0,1.86,83.0,31.0,13.0,30.11,6.0
Frankfurt,February,Germany,44.0,32.0,38.0,1.65,78.0,32.0,13.0,30.09,7.0
Frankfurt,March,Germany,53.0,36.0,45.0,1.51,70.0,35.0,14.0,30.05,7.0
Frankfurt,April,Germany,62.0,42.0,52.0,1.43,63.0,39.0,13.0,29.98,8.0
Frankfurt,May,Germany,69.0,49.0,59.0,2.51,66.0,47.0,13.0,30.0,8.0
Frankfurt,June,Germany,75.0,56.0,66.0,2.35,64.0,53.0,12.0,30.02,8.0
Frankfurt,July,Germany,79.0,59.0,69.0,2.4,63.0,55.0,12.0,30.0,8.0
Frankfurt,August,Germany,78.0,58.0,68.0,2.34,65.0,55.0,11.0,30.01,8.0
Frankfurt,September,Germany,69.0,52.0,60.0,1.9,72.0,50.0,11.0,30.05,7.0
Frankfurt,October,Germany,59.0,45.0,52.0,2.1,81.0,45.0,11.0,30.05,7.0
Frankfurt,November,Germany,48.0,38.0,43.0,1.85,86.0,39.0,11.0,30.03,6.0
Frankfurt,December,Germany,42.0,33.0,38.0,2.23,86.0,34.0,12.0,30.08,6.0
New Delhi,January,India,70.0,46.0,58.0,1.84,80.0,50.0,6.0,30.05,1.0
New Delhi,February,India,78.0,51.0,65.0,1.47,69.0,53.0,8.0,29.98,1.0
New Delhi,March,India,88.0,60.0,74.0,2.99,59.0,58.0,9.0,29.87,2.0
New Delhi,April,India,99.0,70.0,85.0,2.04,44.0,60.0,9.0,29.73,2.0
New Delhi,May,India,105.0,77.0,91.0,2.28,42.0,64.0,10.0,29.59,2.0
New Delhi,June,India,104.0,82.0,93.0,2.51,54.0,73.0,11.0,29.47,2.0
New Delhi,July,India,98.0,81.0,89.0,8.82,74.0,79.0,8.0,29.47,1.0
New Delhi,August,India,95.0,80.0,88.0,10.06,76.0,78.0,8.0,29.54,1.0
New Delhi,September,India,95.0,78.0,86.0,3.92,70.0,75.0,7.0,29.66,2.0
New Delhi,October,India,93.0,67.0,80.0,0.62,63.0,66.0,4.0,29.83,1.0
New Delhi,November,India,83.0,55.0,69.0,0.07,67.0,56.0,4.0,29.96,1.0
New Delhi,December,India,74.0,47.0,60.0,0.29,74.0,50.0,5.0,30.04,1.0
Adelaide,January,Australia,87.0,64.0,76.0,0.96,45.0,50.0,13.0,29.91,12.0
Adelaide,February,Australia,85.0,63.0,74.0,1.11,49.0,51.0,12.0,29.96,12.0
Adelaide,March,Australia,81.0,60.0,71.0,0.98,53.0,51.0,11.0,30.03,12.0
Adelaide,April,Australia,74.0,55.0,65.0,1.41,58.0,48.0,10.0,30.13,12.0
Adelaide,May,Australia,66.0,51.0,59.0,2.49,67.0,46.0,10.0,30.17,10.0
Adelaide,June,Australia,61.0,46.0,54.0,2.81,74.0,44.0,9.0,30.2,10.0
Adelaide,July,Australia,60.0,46.0,53.0,3.09,72.0,44.0,12.0,30.13,10.0
Adelaide,August,Australia,62.0,46.0,54.0,2.38,68.0,43.0,13.0,30.12,11.0
Adelaide,September,Australia,68.0,49.0,58.0,1.97,60.0,43.0,14.0,30.08,11.0
Adelaide,October,Australia,74.0,53.0,64.0,1.47,53.0,44.0,14.0,30.04,11.0
Adelaide,November,Australia,79.0,57.0,68.0,0.9,49.0,46.0,14.0,29.98,12.0
Adelaide,December,Australia,84.0,60.0,72.0,0.88,47.0,48.0,14.0,29.93,12.0
Guatemala City,January,Guatemala,76.0,57.0,66.0,0.38,73.0,55.0,24.0,30.1,8.0
Guatemala City,February,Guatemala,78.0,58.0,68.0,0.57,70.0,56.0,22.0,30.08,7.0
Guatemala City,March,Guatemala,80.0,59.0,69.0,0.7,69.0,56.0,21.0,30.05,7.0
Guatemala City,April,Guatemala,81.0,62.0,71.0,1.61,71.0,59.0,18.0,30.05,6.0
Guatemala City,May,Guatemala,80.0,63.0,72.0,4.61,77.0,62.0,15.0,30.04,6.0
Guatemala City,June,Guatemala,77.0,63.0,70.0,7.25,83.0,62.0,14.0,30.05,7.0
Guatemala City,July,Guatemala,77.0,63.0,70.0,5.62,79.0,61.0,19.0,30.09,8.0
Guatemala City,August,Guatemala,78.0,63.0,70.0,7.06,80.0,62.0,17.0,30.07,7.0
Guatemala City,September,Guatemala,77.0,63.0,70.0,7.35,84.0,62.0,13.0,30.05,7.0
Guatemala City,October,Guatemala,76.0,62.0,69.0,4.92,82.0,61.0,17.0,30.04,7.0
Guatemala City,November,Guatemala,75.0,59.0,67.0,1.44,77.0,58.0,23.0,30.07,8.0
Guatemala City,December,Guatemala,75.0,57.0,66.0,0.37,75.0,56.0,23.0,30.1,8.0
New Orleans,January,USA,62.0,48.0,55.0,4.63,74.0,46.0,20.0,30.15,9.0
New Orleans,February,USA,66.0,51.0,59.0,4.2,74.0,49.0,21.0,30.11,9.0
New Orleans,March,USA,73.0,58.0,65.0,4.84,73.0,55.0,20.0,30.07,9.0
New Orleans,April,USA,79.0,64.0,71.0,5.44,70.0,60.0,21.0,30.01,9.0
New Orleans,May,USA,86.0,71.0,78.0,5.15,70.0,67.0,18.0,29.99,9.0
New Orleans,June,USA,90.0,77.0,84.0,6.49,71.0,72.0,16.0,29.97,9.0
New Orleans,July,USA,92.0,79.0,85.0,6.28,73.0,74.0,15.0,30.02,10.0
New Orleans,August,USA,92.0,79.0,85.0,6.58,72.0,74.0,15.0,29.98,9.0
New Orleans,September,USA,88.0,76.0,82.0,4.95,72.0,71.0,17.0,29.97,9.0
New Orleans,October,USA,81.0,67.0,74.0,3.63,72.0,63.0,19.0,30.03,9.0
New Orleans,November,USA,71.0,57.0,64.0,3.59,73.0,54.0,19.0,30.12,9.0
New Orleans,December,USA,65.0,50.0,58.0,4.52,76.0,49.0,20.0,30.13,9.0
Algiers,January,Algeria,63.0,42.0,52.0,3.12,80.0,44.0,10.0,30.17,7.0
Algiers,February,Algeria,64.0,42.0,53.0,2.83,78.0,45.0,10.0,30.15,7.0
Algiers,March,Algeria,67.0,45.0,56.0,2.48,77.0,48.0,11.0,30.08,7.0
Algiers,April,Algeria,71.0,49.0,60.0,2.24,76.0,52.0,12.0,29.99,7.0
Algiers,May,Algeria,77.0,55.0,66.0,1.65,74.0,57.0,12.0,30.0,7.0
Algiers,June,Algeria,84.0,61.0,73.0,0.36,71.0,62.0,12.0,30.01,6.0
Algiers,July,Algeria,89.0,67.0,78.0,0.08,69.0,66.0,12.0,29.98,6.0
Algiers,August,Algeria,91.0,69.0,80.0,0.38,69.0,68.0,11.0,29.98,6.0
Algiers,September,Algeria,85.0,64.0,75.0,1.17,72.0,64.0,11.0,30.01,7.0
Algiers,October,Algeria,80.0,57.0,68.0,1.85,74.0,58.0,9.0,30.05,7.0
Algiers,November,Algeria,70.0,50.0,60.0,4.31,78.0,51.0,10.0,30.07,7.0
Algiers,December,Algeria,65.0,44.0,54.0,3.61,80.0,47.0,9.0,30.16,7.0
Halifax,January,Canada,31.0,15.0,23.0,5.09,83.0,18.0,22.0,29.91,11.0
Halifax,February,Canada,32.0,15.0,23.0,4.79,79.0,18.0,22.0,29.91,11.0
Halifax,March,Canada,38.0,22.0,30.0,4.64,76.0,23.0,22.0,29.94,11.0
Halifax,April,Canada,48.0,31.0,40.0,4.38,76.0,31.0,22.0,29.93,11.0
Halifax,May,Canada,60.0,40.0,50.0,3.82,76.0,41.0,19.0,29.98,11.0
Halifax,June,Canada,69.0,49.0,59.0,4.12,78.0,51.0,18.0,29.94,11.0
Halifax,July,Canada,76.0,57.0,66.0,3.39,80.0,59.0,16.0,29.95,11.0
Halifax,August,Canada,76.0,57.0,66.0,3.06,79.0,58.0,15.0,29.99,12.0
Halifax,September,Canada,68.0,50.0,59.0,4.55,81.0,53.0,17.0,30.04,12.0
Halifax,October,Canada,57.0,40.0,49.0,5.2,82.0,43.0,19.0,30.0,13.0
Halifax,November,Canada,46.0,32.0,39.0,5.85,83.0,34.0,20.0,30.01,12.0
Halifax,December,Canada,37.0,22.0,30.0,6.09,85.0,25.0,22.0,29.94,11.0
New York,January,USA,40.0,28.0,34.0,3.61,60.0,21.0,13.0,30.07,9.0
New York,February,USA,42.0,29.0,36.0,3.37,57.0,21.0,13.0,30.06,9.0
New York,March,USA,50.0,35.0,43.0,4.25,57.0,27.0,12.0,30.06,9.0
New York,April,USA,62.0,45.0,53.0,4.06,56.0,36.0,11.0,30.0,9.0
New York,May,USA,71.0,54.0,63.0,4.02,62.0,48.0,8.0,30.0,9.0
New York,June,USA,80.0,64.0,72.0,4.5,65.0,59.0,7.0,29.96,9.0
New York,July,USA,85.0,70.0,77.0,4.83,65.0,64.0,6.0,29.96,9.0
New York,August,USA,84.0,69.0,76.0,4.62,66.0,63.0,6.0,30.0,9.0
New York,September,USA,76.0,62.0,69.0,4.53,67.0,57.0,7.0,30.06,9.0
New York,October,USA,65.0,51.0,58.0,4.48,66.0,46.0,8.0,30.06,9.0
New York,November,USA,54.0,41.0,48.0,3.56,62.0,35.0,10.0,30.11,9.0
New York,December,USA,45.0,33.0,39.0,4.27,62.0,27.0,11.0,30.09,9.0
Almaty,January,Kazakstan,33.0,15.0,24.0,1.2,83.0,16.0,6.0,30.33,3.0
Almaty,February,Kazakstan,37.0,20.0,29.0,1.46,81.0,21.0,7.0,30.26,3.0
Almaty,March,Kazakstan,50.0,31.0,41.0,2.24,72.0,31.0,8.0,30.15,5.0
Almaty,April,Kazakstan,64.0,43.0,54.0,3.12,61.0,39.0,9.0,30.06,6.0
Almaty,May,Kazakstan,74.0,52.0,63.0,3.27,57.0,47.0,9.0,29.95,7.0
Almaty,June,Kazakstan,83.0,60.0,71.0,1.98,50.0,51.0,9.0,29.78,7.0
Almaty,July,Kazakstan,87.0,64.0,76.0,1.8,45.0,52.0,9.0,29.7,7.0
Almaty,August,Kazakstan,86.0,62.0,74.0,1.15,45.0,49.0,8.0,29.78,7.0
Almaty,September,Kazakstan,77.0,52.0,64.0,0.85,47.0,42.0,8.0,29.98,7.0
Almaty,October,Kazakstan,63.0,40.0,51.0,1.44,63.0,36.0,7.0,30.19,6.0
Almaty,November,Kazakstan,47.0,29.0,38.0,1.78,78.0,28.0,7.0,30.3,4.0
Almaty,December,Kazakstan,36.0,20.0,28.0,1.47,84.0,20.0,6.0,30.36,3.0
Hanoi,January,Vietnam,68.0,58.0,63.0,1.53,76.0,55.0,11.0,30.09,4.0
Hanoi,February,Vietnam,71.0,61.0,66.0,0.85,76.0,58.0,13.0,30.04,4.0
Hanoi,March,Vietnam,76.0,67.0,71.0,2.15,82.0,65.0,13.0,29.93,4.0
Hanoi,April,Vietnam,83.0,72.0,77.0,4.34,81.0,70.0,14.0,29.85,5.0
Hanoi,May,Vietnam,91.0,78.0,84.0,7.3,78.0,76.0,14.0,29.72,5.0
Hanoi,June,Vietnam,94.0,80.0,87.0,7.71,74.0,77.0,12.0,29.62,5.0
Hanoi,July,Vietnam,93.0,80.0,86.0,11.77,77.0,77.0,12.0,29.62,6.0
Hanoi,August,Vietnam,91.0,79.0,85.0,15.01,81.0,77.0,11.0,29.63,5.0
Hanoi,September,Vietnam,90.0,77.0,84.0,9.6,78.0,75.0,10.0,29.77,5.0
Hanoi,October,Vietnam,85.0,73.0,79.0,6.23,72.0,68.0,11.0,29.92,5.0
Hanoi,November,Vietnam,79.0,68.0,73.0,1.82,72.0,63.0,11.0,30.0,5.0
Hanoi,December,Vietnam,71.0,59.0,65.0,1.11,68.0,54.0,11.0,30.1,4.0
Oslo,January,Norway,32.0,24.0,28.0,2.3,85.0,24.0,11.0,29.81,21.0
Oslo,February,Norway,35.0,26.0,30.0,2.05,82.0,25.0,11.0,29.87,22.0
Oslo,March,Norway,44.0,30.0,37.0,1.48,69.0,26.0,12.0,29.9,28.0
Oslo,April,Norway,53.0,35.0,44.0,1.73,57.0,28.0,13.0,29.92,32.0
Oslo,May,Norway,63.0,45.0,54.0,2.7,63.0,39.0,13.0,29.93,29.0
Oslo,June,Norway,70.0,52.0,61.0,3.46,64.0,47.0,12.0,29.89,30.0
Oslo,July,Norway,74.0,56.0,65.0,3.33,65.0,52.0,11.0,29.86,32.0
Oslo,August,Norway,70.0,54.0,62.0,3.91,72.0,52.0,11.0,29.88,31.0
Oslo,September,Norway,63.0,48.0,55.0,3.52,75.0,47.0,11.0,29.92,30.0
Oslo,October,Norway,51.0,40.0,45.0,3.94,81.0,39.0,12.0,29.9,28.0
Oslo,November,Norway,41.0,33.0,37.0,3.24,86.0,33.0,11.0,29.83,24.0
Oslo,December,Norway,35.0,27.0,31.0,3.11,87.0,27.0,10.0,29.77,22.0
Amman,January,Jordan,55.0,40.0,48.0,2.56,71.0,37.0,11.0,30.08,4.0
Amman,February,Jordan,58.0,42.0,50.0,2.3,68.0,37.0,12.0,30.04,4.0
Amman,March,Jordan,64.0,46.0,55.0,1.95,60.0,39.0,12.0,29.97,4.0
Amman,April,Jordan,74.0,52.0,63.0,1.16,47.0,39.0,12.0,29.9,4.0
Amman,May,Jordan,83.0,60.0,72.0,1.44,39.0,43.0,13.0,29.83,4.0
Amman,June,Jordan,88.0,66.0,77.0,1.1,39.0,48.0,14.0,29.76,4.0
Amman,July,Jordan,91.0,70.0,81.0,0.61,40.0,52.0,15.0,29.68,4.0
Amman,August,Jordan,91.0,70.0,81.0,1.73,45.0,55.0,12.0,29.71,4.0
Amman,September,Jordan,88.0,66.0,77.0,0.92,50.0,54.0,10.0,29.82,4.0
Amman,October,Jordan,81.0,60.0,71.0,0.58,51.0,49.0,8.0,29.93,4.0
Amman,November,Jordan,69.0,51.0,60.0,1.13,59.0,42.0,8.0,30.03,4.0
Amman,December,Jordan,59.0,44.0,51.0,1.51,68.0,39.0,9.0,30.1,4.0
Harare,January,Zimbabwe,80.0,62.0,71.0,6.86,75.0,61.0,12.0,29.97,11.0
Harare,February,Zimbabwe,80.0,62.0,71.0,5.28,75.0,61.0,12.0,29.99,11.0
Harare,March,Zimbabwe,80.0,60.0,70.0,3.8,73.0,59.0,12.0,30.03,11.0
Harare,April,Zimbabwe,78.0,56.0,67.0,1.4,67.0,54.0,12.0,30.1,11.0
Harare,May,Zimbabwe,75.0,50.0,63.0,0.72,60.0,47.0,11.0,30.16,11.0
Harare,June,Zimbabwe,71.0,47.0,59.0,0.34,59.0,43.0,12.0,30.22,11.0
Harare,July,Zimbabwe,71.0,46.0,58.0,0.07,57.0,41.0,13.0,30.24,10.0
Harare,August,Zimbabwe,76.0,49.0,63.0,0.06,49.0,41.0,14.0,30.17,8.0
Harare,September,Zimbabwe,82.0,55.0,69.0,0.09,44.0,43.0,16.0,30.1,6.0
Harare,October,Zimbabwe,85.0,59.0,72.0,1.03,48.0,49.0,17.0,30.04,8.0
Harare,November,Zimbabwe,84.0,62.0,73.0,3.11,59.0,55.0,16.0,30.01,10.0
Harare,December,Zimbabwe,81.0,62.0,71.0,7.17,72.0,60.0,13.0,29.99,10.0
Ottawa,January,Canada,23.0,6.0,15.0,2.64,75.0,8.0,17.0,30.03,12.0
Ottawa,February,Canada,26.0,9.0,17.0,2.14,70.0,10.0,17.0,30.03,12.0
Ottawa,March,Canada,36.0,20.0,28.0,2.51,66.0,18.0,17.0,30.03,13.0
Ottawa,April,Canada,52.0,33.0,42.0,3.11,61.0,29.0,18.0,29.97,15.0
Ottawa,May,Canada,67.0,45.0,56.0,2.96,62.0,42.0,16.0,29.97,15.0
Ottawa,June,Canada,76.0,55.0,66.0,3.91,69.0,54.0,14.0,29.92,14.0
Ottawa,July,Canada,80.0,60.0,70.0,3.76,70.0,59.0,13.0,29.92,15.0
Ottawa,August,Canada,79.0,58.0,68.0,3.21,73.0,58.0,12.0,29.98,14.0
Ottawa,September,Canada,70.0,50.0,60.0,3.41,75.0,52.0,13.0,30.03,14.0
Ottawa,October,Canada,56.0,39.0,47.0,3.42,76.0,39.0,15.0,30.02,14.0
Ottawa,November,Canada,42.0,27.0,35.0,2.77,77.0,28.0,16.0,30.04,13.0
Ottawa,December,Canada,30.0,16.0,23.0,2.86,79.0,17.0,17.0,30.03,11.0
Amsterdam,January,Netherlands,44.0,34.0,39.0,2.73,88.0,36.0,24.0,30.0,7.0
Amsterdam,February,Netherlands,45.0,34.0,40.0,2.34,86.0,36.0,23.0,30.0,7.0
Amsterdam,March,Netherlands,50.0,37.0,44.0,2.14,82.0,38.0,22.0,30.0,7.0
Amsterdam,April,Netherlands,57.0,41.0,49.0,1.64,76.0,41.0,19.0,29.97,9.0
Amsterdam,May,Netherlands,64.0,47.0,56.0,2.47,75.0,47.0,19.0,29.99,10.0
Amsterdam,June,Netherlands,69.0,53.0,61.0,2.73,76.0,53.0,18.0,30.02,10.0
Amsterdam,July,Netherlands,72.0,56.0,64.0,3.08,78.0,57.0,17.0,29.98,10.0
Amsterdam,August,Netherlands,72.0,56.0,64.0,4.05,79.0,57.0,17.0,29.97,10.0
Amsterdam,September,Netherlands,67.0,52.0,59.0,3.06,82.0,53.0,17.0,30.0,9.0
Amsterdam,October,Netherlands,59.0,46.0,52.0,3.55,85.0,48.0,20.0,29.96,8.0
Amsterdam,November,Netherlands,50.0,40.0,45.0,3.3,89.0,42.0,20.0,29.93,7.0
Amsterdam,December,Netherlands,45.0,35.0,40.0,3.23,89.0,38.0,22.0,29.96,7.0
Havana,January,Cuba,79.0,61.0,70.0,1.28,78.0,62.0,14.0,30.09,5.0
Havana,February,Cuba,81.0,62.0,72.0,1.16,77.0,63.0,14.0,30.07,5.0
Havana,March,Cuba,83.0,63.0,73.0,1.1,74.0,63.0,15.0,30.05,5.0
Havana,April,Cuba,86.0,67.0,76.0,1.28,72.0,66.0,15.0,30.01,5.0
Havana,May,Cuba,88.0,70.0,79.0,3.12,76.0,70.0,13.0,29.98,5.0
Havana,June,Cuba,89.0,73.0,81.0,4.57,81.0,73.0,11.0,30.0,5.0
Havana,July,Cuba,90.0,73.0,82.0,3.95,80.0,73.0,11.0,30.03,5.0
Havana,August,Cuba,90.0,73.0,82.0,4.78,81.0,74.0,10.0,29.99,5.0
Havana,September,Cuba,89.0,73.0,81.0,5.12,83.0,74.0,10.0,29.95,5.0
Havana,October,Cuba,86.0,71.0,79.0,4.53,82.0,72.0,12.0,29.95,5.0
Havana,November,Cuba,83.0,66.0,74.0,2.37,80.0,67.0,13.0,30.02,5.0
Havana,December,Cuba,81.0,63.0,72.0,1.36,80.0,65.0,13.0,30.07,5.0
Paris,January,France,45.0,35.0,40.0,1.84,87.0,37.0,16.0,30.05,6.0
Paris,February,France,47.0,35.0,41.0,1.74,78.0,34.0,17.0,30.05,6.0
Paris,March,France,54.0,39.0,46.0,1.67,72.0,37.0,16.0,30.03,6.0
Paris,April,France,61.0,42.0,51.0,1.35,65.0,39.0,15.0,29.99,8.0
Paris,May,France,66.0,46.0,56.0,2.79,71.0,47.0,15.0,30.0,8.0
Paris,June,France,74.0,53.0,64.0,2.43,70.0,53.0,14.0,30.02,8.0
Paris,July,France,79.0,58.0,68.0,1.57,64.0,55.0,14.0,30.02,9.0
Paris,August,France,78.0,56.0,67.0,1.77,66.0,55.0,13.0,30.02,9.0
Paris,September,France,71.0,51.0,61.0,1.81,71.0,52.0,12.0,30.06,8.0
Paris,October,France,61.0,47.0,54.0,2.13,82.0,49.0,14.0,30.02,7.0
Paris,November,France,51.0,40.0,46.0,2.1,87.0,42.0,14.0,29.99,6.0
Paris,December,France,48.0,37.0,42.0,2.54,88.0,39.0,16.0,30.08,6.0
Anadyr,January,Russia,-1.0,-15.0,-8.0,1.61,81.0,-12.0,26.0,29.99,13.0
Anadyr,February,Russia,1.0,-13.0,-6.0,1.84,81.0,-10.0,28.0,29.95,12.0
Anadyr,March,Russia,6.0,-8.0,-1.0,1.46,81.0,-5.0,26.0,30.03,14.0
Anadyr,April,Russia,18.0,4.0,11.0,0.93,82.0,7.0,22.0,30.0,15.0
Anadyr,May,Russia,36.0,25.0,31.0,0.47,82.0,26.0,21.0,29.95,14.0
Anadyr,June,Russia,53.0,39.0,46.0,0.6,75.0,38.0,23.0,29.86,15.0
Anadyr,July,Russia,61.0,48.0,54.0,1.45,78.0,47.0,23.0,29.81,15.0
Anadyr,August,Russia,57.0,45.0,51.0,1.76,80.0,45.0,22.0,29.82,14.0
Anadyr,September,Russia,47.0,36.0,42.0,1.3,79.0,36.0,21.0,29.83,14.0
Anadyr,October,Russia,30.0,21.0,25.0,1.06,85.0,21.0,24.0,29.85,13.0
Anadyr,November,Russia,17.0,5.0,11.0,1.31,85.0,7.0,30.0,29.85,12.0
Anadyr,December,Russia,4.0,-10.0,-3.0,1.38,82.0,-7.0,29.0,29.9,12.0
Helsinki,January,Finland,31.0,21.0,26.0,1.95,89.0,23.0,15.0,29.83,6.0
Helsinki,February,Finland,30.0,19.0,25.0,1.54,87.0,21.0,14.0,29.87,6.0
Helsinki,March,Finland,36.0,24.0,30.0,1.26,80.0,24.0,14.0,29.87,7.0
Helsinki,April,Finland,47.0,32.0,40.0,1.22,70.0,30.0,14.0,29.92,7.0
Helsinki,May,Finland,59.0,41.0,50.0,1.36,64.0,38.0,14.0,29.95,8.0
Helsinki,June,Finland,67.0,50.0,58.0,1.95,68.0,48.0,14.0,29.88,8.0
Helsinki,July,Finland,72.0,56.0,64.0,2.12,71.0,54.0,13.0,29.87,8.0
Helsinki,August,Finland,69.0,53.0,61.0,3.02,76.0,53.0,12.0,29.9,7.0
Helsinki,September,Finland,60.0,46.0,53.0,2.05,82.0,47.0,13.0,29.94,7.0
Helsinki,October,Finland,48.0,38.0,43.0,2.74,86.0,39.0,14.0,29.91,7.0
Helsinki,November,Finland,39.0,31.0,35.0,2.42,89.0,32.0,14.0,29.89,6.0
Helsinki,December,Finland,34.0,25.0,30.0,2.38,89.0,27.0,15.0,29.83,6.0
Perth,January,Australia,90.0,64.0,77.0,0.62,49.0,53.0,23.0,29.88,11.0
Perth,February,Australia,90.0,64.0,77.0,0.68,50.0,54.0,22.0,29.89,11.0
Perth,March,Australia,86.0,62.0,74.0,0.75,53.0,53.0,21.0,29.98,11.0
Perth,April,Australia,79.0,56.0,68.0,1.18,62.0,51.0,17.0,30.06,11.0
Perth,May,Australia,72.0,51.0,62.0,3.22,69.0,49.0,15.0,30.1,10.0
Perth,June,Australia,67.0,48.0,58.0,4.68,74.0,47.0,16.0,30.12,10.0
Perth,July,Australia,65.0,47.0,56.0,5.54,76.0,47.0,16.0,30.12,9.0
Perth,August,Australia,66.0,47.0,57.0,4.75,75.0,47.0,16.0,30.12,9.0
Perth,September,Australia,69.0,48.0,59.0,3.08,71.0,47.0,17.0,30.07,10.0
Perth,October,Australia,74.0,51.0,63.0,1.4,64.0,48.0,19.0,30.04,10.0
Perth,November,Australia,81.0,56.0,68.0,1.05,57.0,50.0,21.0,29.96,10.0
Perth,December,Australia,86.0,60.0,73.0,0.34,51.0,51.0,23.0,29.91,11.0
Anchorage,January,USA,23.0,11.0,17.0,0.63,78.0,12.0,7.0,29.92,9.0
Anchorage,February,USA,28.0,15.0,21.0,0.68,77.0,15.0,7.0,30.03,9.0
Anchorage,March,USA,34.0,18.0,26.0,0.54,66.0,16.0,8.0,30.01,10.0
Anchorage,April,USA,46.0,30.0,38.0,0.39,62.0,26.0,7.0,29.92,10.0
Anchorage,May,USA,58.0,42.0,50.0,0.66,57.0,35.0,8.0,29.95,10.0
Anchorage,June,USA,65.0,50.0,58.0,0.95,62.0,44.0,9.0,29.93,12.0
Anchorage,July,USA,68.0,54.0,61.0,1.74,68.0,50.0,7.0,29.96,10.0
Anchorage,August,USA,65.0,52.0,59.0,2.87,72.0,49.0,6.0,29.91,10.0
Anchorage,September,USA,57.0,44.0,50.0,3.02,73.0,42.0,7.0,29.85,10.0
Anchorage,October,USA,43.0,32.0,38.0,1.75,74.0,30.0,7.0,29.9,10.0
Anchorage,November,USA,29.0,19.0,24.0,0.97,78.0,18.0,8.0,29.91,9.0
Anchorage,December,USA,25.0,14.0,19.0,0.95,80.0,14.0,7.0,30.01,9.0
Hong Kong,January,Hong Kong,68.0,58.0,63.0,1.1,67.0,51.0,18.0,30.13,5.0
Hong Kong,February,Hong Kong,69.0,60.0,65.0,1.21,73.0,55.0,18.0,30.08,6.0
Hong Kong,March,Hong Kong,74.0,64.0,69.0,2.08,76.0,60.0,19.0,30.0,6.0
Hong Kong,April,Hong Kong,80.0,71.0,76.0,3.12,77.0,67.0,19.0,29.91,6.0
Hong Kong,May,Hong Kong,86.0,77.0,82.0,6.32,76.0,73.0,18.0,29.8,7.0
Hong Kong,June,Hong Kong,89.0,81.0,85.0,8.56,76.0,76.0,18.0,29.71,7.0
Hong Kong,July,Hong Kong,91.0,81.0,86.0,7.49,75.0,77.0,18.0,29.7,7.0
Hong Kong,August,Hong Kong,91.0,81.0,86.0,8.95,75.0,76.0,16.0,29.69,7.0
Hong Kong,September,Hong Kong,89.0,80.0,85.0,5.75,72.0,74.0,17.0,29.79,7.0
Hong Kong,October,Hong Kong,85.0,76.0,80.0,1.51,66.0,67.0,18.0,29.95,6.0
Hong Kong,November,Hong Kong,79.0,69.0,74.0,1.07,65.0,60.0,18.0,30.04,6.0
Hong Kong,December,Hong Kong,71.0,61.0,66.0,1.04,63.0,52.0,17.0,30.13,6.0
Philadelphia,January,USA,41.0,27.0,34.0,3.03,63.0,22.0,16.0,30.1,9.0
Philadelphia,February,USA,44.0,28.0,36.0,2.9,60.0,23.0,17.0,30.09,9.0
Philadelphia,March,USA,53.0,35.0,44.0,3.98,58.0,29.0,17.0,30.08,9.0
Philadelphia,April,USA,64.0,45.0,55.0,3.48,57.0,39.0,17.0,30.0,9.0
Philadelphia,May,USA,74.0,55.0,64.0,3.41,62.0,50.0,14.0,30.01,9.0
Philadelphia,June,USA,83.0,65.0,74.0,4.04,64.0,61.0,14.0,29.97,9.0
Philadelphia,July,USA,88.0,70.0,79.0,4.47,64.0,65.0,13.0,29.97,9.0
Philadelphia,August,USA,86.0,69.0,77.0,4.38,66.0,64.0,12.0,30.01,9.0
Philadelphia,September,USA,79.0,62.0,70.0,4.44,67.0,59.0,13.0,30.06,9.0
Philadelphia,October,USA,67.0,50.0,59.0,3.56,67.0,47.0,14.0,30.08,9.0
Philadelphia,November,USA,56.0,39.0,48.0,2.88,64.0,35.0,15.0,30.13,9.0
Philadelphia,December,USA,46.0,32.0,39.0,3.85,65.0,28.0,15.0,30.12,9.0
Ankara,January,Turkey,41.0,26.0,33.0,1.39,80.0,27.0,7.0,30.13,5.0
Ankara,February,Turkey,46.0,28.0,37.0,1.26,73.0,28.0,9.0,30.08,6.0
Ankara,March,Turkey,54.0,33.0,43.0,1.76,64.0,31.0,10.0,29.99,7.0
Ankara,April,Turkey,63.0,41.0,52.0,1.74,59.0,37.0,10.0,29.93,7.0
Ankara,May,Turkey,73.0,49.0,61.0,2.29,57.0,44.0,10.0,29.91,7.0
Ankara,June,Turkey,81.0,56.0,68.0,2.19,53.0,49.0,11.0,29.88,7.0
Ankara,July,Turkey,88.0,62.0,75.0,0.71,43.0,50.0,11.0,29.82,7.0
Ankara,August,Turkey,88.0,62.0,75.0,0.65,43.0,50.0,11.0,29.86,7.0
Ankara,September,Turkey,80.0,53.0,66.0,0.9,49.0,45.0,9.0,29.95,7.0
Ankara,October,Turkey,69.0,44.0,56.0,0.96,62.0,41.0,7.0,30.08,7.0
Ankara,November,Turkey,56.0,33.0,45.0,1.11,73.0,35.0,6.0,30.14,6.0
Ankara,December,Turkey,44.0,29.0,37.0,1.41,80.0,31.0,7.0,30.16,6.0
Honolulu,January,USA,81.0,67.0,74.0,1.95,71.0,63.0,14.0,30.01,11.0
Honolulu,February,USA,81.0,67.0,74.0,2.05,68.0,62.0,15.0,30.03,10.0
Honolulu,March,USA,81.0,68.0,75.0,2.35,67.0,63.0,16.0,30.05,10.0
Honolulu,April,USA,83.0,70.0,77.0,0.83,65.0,64.0,19.0,30.06,11.0
Honolulu,May,USA,85.0,72.0,78.0,0.89,64.0,65.0,18.0,30.04,11.0
Honolulu,June,USA,87.0,74.0,80.0,0.57,62.0,66.0,21.0,30.03,11.0
Honolulu,July,USA,88.0,75.0,82.0,0.59,62.0,67.0,22.0,30.02,11.0
Honolulu,August,USA,89.0,76.0,82.0,0.94,62.0,67.0,21.0,30.0,11.0
Honolulu,September,USA,88.0,75.0,82.0,0.89,64.0,68.0,18.0,29.98,11.0
Honolulu,October,USA,87.0,74.0,80.0,1.46,66.0,68.0,17.0,29.98,11.0
Honolulu,November,USA,84.0,72.0,78.0,2.26,68.0,66.0,16.0,30.0,10.0
Honolulu,December,USA,82.0,69.0,76.0,2.55,70.0,65.0,15.0,30.02,10.0
Phoenix,January,USA,68.0,46.0,57.0,0.88,42.0,32.0,6.0,30.05,11.0
Phoenix,February,USA,71.0,49.0,60.0,0.87,39.0,33.0,7.0,29.99,11.0
Phoenix,March,USA,79.0,54.0,66.0,0.78,32.0,33.0,7.0,29.92,10.0
Phoenix,April,USA,86.0,61.0,73.0,0.23,22.0,31.0,8.0,29.84,10.0
Phoenix,May,USA,95.0,69.0,82.0,0.13,18.0,34.0,8.0,29.78,10.0
Phoenix,June,USA,105.0,79.0,92.0,0.03,15.0,37.0,8.0,29.73,10.0
Phoenix,July,USA,107.0,84.0,96.0,0.98,27.0,55.0,8.0,29.78,10.0
Phoenix,August,USA,105.0,83.0,94.0,1.0,32.0,59.0,7.0,29.78,10.0
Phoenix,September,USA,101.0,78.0,89.0,0.59,29.0,52.0,7.0,29.78,10.0
Phoenix,October,USA,90.0,65.0,77.0,0.53,28.0,41.0,6.0,29.86,10.0
Phoenix,November,USA,77.0,54.0,65.0,0.54,33.0,34.0,6.0,29.98,10.0
Phoenix,December,USA,67.0,45.0,56.0,0.74,43.0,32.0,6.0,30.04,10.0
Antananarivo,January,Madagascar,82.0,63.0,72.0,13.33,82.0,64.0,11.0,29.99,8.0
Antananarivo,February,Madagascar,81.0,63.0,72.0,11.27,82.0,64.0,11.0,29.98,9.0
Antananarivo,March,Madagascar,81.0,63.0,72.0,8.36,81.0,63.0,11.0,30.02,9.0
Antananarivo,April,Madagascar,80.0,60.0,70.0,2.85,79.0,61.0,10.0,30.08,10.0
Antananarivo,May,Madagascar,76.0,56.0,66.0,1.36,80.0,57.0,9.0,30.14,9.0
Antananarivo,June,Madagascar,72.0,51.0,61.0,0.32,80.0,53.0,10.0,30.2,9.0
Antananarivo,July,Madagascar,70.0,50.0,60.0,0.43,79.0,51.0,12.0,30.23,9.0
Antananarivo,August,Madagascar,73.0,50.0,61.0,0.3,76.0,51.0,12.0,30.22,9.0
Antananarivo,September,Madagascar,77.0,52.0,65.0,0.64,71.0,52.0,13.0,30.19,10.0
Antananarivo,October,Madagascar,81.0,56.0,69.0,2.19,70.0,56.0,13.0,30.13,9.0
Antananarivo,November,Madagascar,83.0,60.0,71.0,6.24,73.0,59.0,11.0,30.07,8.0
Antananarivo,December,Madagascar,83.0,62.0,72.0,11.06,78.0,63.0,11.0,30.03,8.0
Houston,January,USA,64.0,46.0,55.0,3.85,71.0,45.0,15.0,30.15,9.0
Houston,February,USA,68.0,50.0,59.0,2.87,72.0,49.0,15.0,30.1,9.0
Houston,March,USA,74.0,56.0,65.0,3.3,71.0,55.0,15.0,30.05,9.0
Houston,April,USA,80.0,62.0,71.0,3.81,71.0,60.0,15.0,29.98,10.0
Houston,May,USA,86.0,69.0,78.0,5.5,72.0,67.0,14.0,29.96,10.0
Houston,June,USA,91.0,75.0,83.0,5.94,72.0,73.0,11.0,29.94,10.0
Houston,July,USA,93.0,76.0,85.0,4.78,71.0,74.0,10.0,30.0,10.0
Houston,August,USA,94.0,77.0,85.0,5.31,70.0,74.0,9.0,29.98,10.0
Houston,September,USA,90.0,73.0,81.0,5.48,70.0,70.0,10.0,29.97,10.0
Houston,October,USA,83.0,64.0,73.0,5.8,69.0,62.0,12.0,30.03,10.0
Houston,November,USA,73.0,54.0,64.0,3.76,72.0,54.0,13.0,30.12,10.0
Houston,December,USA,66.0,48.0,57.0,4.19,73.0,48.0,14.0,30.13,9.0
Prague,January,Czech Republic,35.0,26.0,30.0,2.1,86.0,27.0,18.0,30.1,8.0
Prague,February,Czech Republic,39.0,27.0,33.0,1.4,81.0,28.0,18.0,30.08,9.0
Prague,March,Czech Republic,47.0,32.0,39.0,1.22,76.0,31.0,18.0,30.04,10.0
Prague,April,Czech Republic,58.0,38.0,48.0,1.11,67.0,37.0,16.0,29.97,12.0
Prague,May,Czech Republic,66.0,46.0,56.0,2.42,70.0,46.0,15.0,29.99,13.0
Prague,June,Czech Republic,72.0,52.0,62.0,2.65,71.0,52.0,14.0,30.0,14.0
Prague,July,Czech Republic,76.0,55.0,66.0,2.91,69.0,54.0,15.0,29.98,14.0
Prague,August,Czech Republic,76.0,55.0,65.0,2.56,69.0,54.0,14.0,30.0,14.0
Prague,September,Czech Republic,66.0,48.0,57.0,1.59,76.0,49.0,14.0,30.04,12.0
Prague,October,Czech Republic,55.0,41.0,48.0,1.34,83.0,42.0,15.0,30.07,9.0
Prague,November,Czech Republic,44.0,34.0,39.0,1.13,88.0,35.0,15.0,30.04,7.0
Prague,December,Czech Republic,37.0,28.0,33.0,1.21,87.0,30.0,17.0,30.09,8.0
Asuncion,January,Paraguay,95.0,73.0,84.0,5.28,69.0,70.0,13.0,29.79,8.0
Asuncion,February,Paraguay,93.0,72.0,83.0,5.88,71.0,70.0,13.0,29.82,8.0
Asuncion,March,Paraguay,91.0,70.0,81.0,5.07,72.0,68.0,12.0,29.86,8.0
Asuncion,April,Paraguay,87.0,66.0,76.0,5.68,75.0,65.0,12.0,29.92,8.0
Asuncion,May,Paraguay,79.0,59.0,69.0,4.92,78.0,59.0,13.0,30.0,8.0
Asuncion,June,Paraguay,77.0,57.0,67.0,2.87,77.0,57.0,14.0,30.01,7.0
Asuncion,July,Paraguay,77.0,54.0,66.0,1.98,70.0,53.0,15.0,30.04,7.0
Asuncion,August,Paraguay,82.0,57.0,70.0,1.49,63.0,54.0,17.0,30.0,7.0
Asuncion,September,Paraguay,85.0,61.0,73.0,2.52,62.0,56.0,17.0,29.94,7.0
Asuncion,October,Paraguay,89.0,66.0,78.0,5.52,68.0,63.0,17.0,29.86,8.0
Asuncion,November,Paraguay,90.0,68.0,79.0,6.97,67.0,65.0,15.0,29.82,8.0
Asuncion,December,Paraguay,93.0,72.0,82.0,6.0,69.0,69.0,14.0,29.79,8.0
Indianapolis,January,USA,36.0,21.0,29.0,3.14,77.0,22.0,18.0,30.13,8.0
Indianapolis,February,USA,41.0,24.0,33.0,2.49,72.0,24.0,18.0,30.11,8.0
Indianapolis,March,USA,52.0,33.0,42.0,3.6,66.0,31.0,18.0,30.08,9.0
Indianapolis,April,USA,64.0,43.0,53.0,4.34,63.0,40.0,18.0,29.98,9.0
Indianapolis,May,USA,74.0,54.0,64.0,4.73,67.0,52.0,15.0,29.99,9.0
Indianapolis,June,USA,82.0,63.0,73.0,5.19,68.0,61.0,13.0,29.96,9.0
Indianapolis,July,USA,85.0,67.0,76.0,4.59,70.0,65.0,12.0,29.99,9.0
Indianapolis,August,USA,85.0,65.0,75.0,3.15,69.0,64.0,11.0,30.01,9.0
Indianapolis,September,USA,78.0,58.0,68.0,3.3,67.0,56.0,12.0,30.04,9.0
Indianapolis,October,USA,66.0,46.0,56.0,3.31,68.0,45.0,15.0,30.07,10.0
Indianapolis,November,USA,52.0,35.0,43.0,3.39,71.0,34.0,17.0,30.12,9.0
Indianapolis,December,USA,41.0,26.0,34.0,3.03,77.0,27.0,17.0,30.12,8.0
Reykjavik,January,Iceland,38.0,29.0,33.0,3.89,79.0,27.0,24.0,29.47,12.0
Reykjavik,February,Iceland,38.0,29.0,33.0,3.86,77.0,26.0,25.0,29.5,11.0
Reykjavik,March,Iceland,39.0,30.0,35.0,3.81,76.0,27.0,24.0,29.63,12.0
Reykjavik,April,Iceland,44.0,34.0,39.0,2.85,73.0,31.0,23.0,29.82,12.0
Reykjavik,May,Iceland,49.0,39.0,44.0,2.37,72.0,35.0,20.0,29.92,13.0
Reykjavik,June,Iceland,55.0,45.0,50.0,2.05,76.0,42.0,18.0,29.9,13.0
Reykjavik,July,Iceland,58.0,49.0,53.0,2.55,79.0,46.0,16.0,29.81,13.0
Reykjavik,August,Iceland,57.0,48.0,52.0,3.21,80.0,46.0,17.0,29.77,13.0
Reykjavik,September,Iceland,52.0,43.0,48.0,3.99,79.0,41.0,21.0,29.68,12.0
Reykjavik,October,Iceland,45.0,37.0,41.0,3.38,77.0,34.0,21.0,29.65,13.0
Reykjavik,November,Iceland,40.0,32.0,36.0,3.8,78.0,30.0,23.0,29.57,13.0
Reykjavik,December,Iceland,38.0,29.0,34.0,4.29,79.0,27.0,24.0,29.51,12.0
Athens,January,Greece,57.0,44.0,50.0,2.04,68.0,40.0,8.0,30.03,7.0
Athens,February,Greece,59.0,46.0,53.0,1.67,69.0,42.0,9.0,30.04,7.0
Athens,March,Greece,64.0,49.0,56.0,1.64,63.0,43.0,9.0,29.98,7.0
Athens,April,Greece,71.0,55.0,63.0,0.99,56.0,47.0,8.0,29.96,7.0
Athens,May,Greece,79.0,63.0,71.0,0.73,54.0,53.0,8.0,29.91,7.0
Athens,June,Greece,87.0,70.0,79.0,0.72,49.0,57.0,10.0,29.89,7.0
Athens,July,Greece,93.0,76.0,84.0,0.26,41.0,57.0,11.0,29.85,7.0
Athens,August,Greece,93.0,76.0,85.0,0.21,39.0,56.0,12.0,29.87,7.0
Athens,September,Greece,85.0,70.0,77.0,0.85,51.0,57.0,10.0,29.95,7.0
Athens,October,Greece,76.0,62.0,69.0,1.12,61.0,54.0,8.0,30.04,7.0
Athens,November,Greece,68.0,55.0,62.0,2.66,68.0,50.0,8.0,30.06,7.0
Athens,December,Greece,59.0,47.0,53.0,2.72,69.0,43.0,8.0,30.1,7.0
Islamabad,January,Pakistan,63.0,40.0,51.0,3.81,69.0,39.0,7.0,30.09,2.0
Islamabad,February,Pakistan,68.0,45.0,56.0,4.31,65.0,43.0,10.0,30.02,3.0
Islamabad,March,Pakistan,76.0,53.0,65.0,8.24,59.0,48.0,12.0,29.93,4.0
Islamabad,April,Pakistan,87.0,62.0,74.0,3.81,50.0,53.0,15.0,29.81,4.0
Islamabad,May,Pakistan,97.0,71.0,84.0,3.85,41.0,56.0,16.0,29.64,4.0
Islamabad,June,Pakistan,100.0,76.0,88.0,4.47,46.0,63.0,17.0,29.5,4.0
Islamabad,July,Pakistan,95.0,77.0,86.0,12.58,67.0,73.0,15.0,29.49,4.0
Islamabad,August,Pakistan,92.0,76.0,84.0,10.37,73.0,74.0,13.0,29.57,4.0
Islamabad,September,Pakistan,92.0,71.0,82.0,4.24,67.0,69.0,10.0,29.7,4.0
Islamabad,October,Pakistan,87.0,61.0,74.0,2.99,60.0,57.0,8.0,29.89,3.0
Islamabad,November,Pakistan,77.0,49.0,63.0,2.12,63.0,47.0,6.0,30.02,3.0
Islamabad,December,Pakistan,68.0,41.0,54.0,1.88,67.0,41.0,5.0,30.09,2.0
Rio de Janeiro,January,Brazil,87.0,76.0,82.0,3.94,77.0,73.0,13.0,29.87,6.0
Rio de Janeiro,February,Brazil,88.0,76.0,82.0,3.06,77.0,73.0,13.0,29.89,6.0
Rio de Janeiro,March,Brazil,86.0,75.0,80.0,4.07,79.0,73.0,13.0,29.92,6.0
Rio de Janeiro,April,Brazil,83.0,73.0,78.0,2.56,79.0,70.0,12.0,29.98,6.0
Rio de Janeiro,May,Brazil,79.0,69.0,74.0,1.92,79.0,66.0,11.0,30.03,6.0
Rio de Janeiro,June,Brazil,78.0,67.0,73.0,1.12,79.0,65.0,11.0,30.09,6.0
Rio de Janeiro,July,Brazil,77.0,66.0,72.0,0.95,78.0,64.0,12.0,30.12,6.0
Rio de Janeiro,August,Brazil,78.0,67.0,72.0,0.87,77.0,64.0,12.0,30.11,6.0
Rio de Janeiro,September,Brazil,79.0,68.0,74.0,1.55,78.0,65.0,14.0,30.04,6.0
Rio de Janeiro,October,Brazil,80.0,70.0,75.0,2.21,78.0,67.0,14.0,29.97,6.0
Rio de Janeiro,November,Brazil,82.0,71.0,76.0,4.25,80.0,69.0,14.0,29.91,6.0
Rio de Janeiro,December,Brazil,85.0,74.0,79.0,4.92,79.0,72.0,14.0,29.87,6.0
Atlanta,January,USA,54.0,33.0,44.0,4.21,66.0,32.0,9.0,30.15,9.0
Atlanta,February,USA,58.0,36.0,47.0,4.59,65.0,35.0,10.0,30.11,9.0
Atlanta,March,USA,66.0,43.0,54.0,4.42,62.0,40.0,10.0,30.08,9.0
Atlanta,April,USA,74.0,49.0,62.0,3.67,63.0,48.0,9.0,30.02,9.0
Atlanta,May,USA,81.0,59.0,70.0,3.62,67.0,58.0,7.0,30.02,9.0
Atlanta,June,USA,87.0,67.0,77.0,3.84,70.0,66.0,6.0,30.0,9.0
Atlanta,July,USA,90.0,70.0,80.0,4.82,70.0,69.0,6.0,30.02,8.0
Atlanta,August,USA,89.0,70.0,79.0,3.97,71.0,68.0,5.0,30.01,8.0
Atlanta,September,USA,84.0,63.0,74.0,3.52,71.0,63.0,6.0,30.03,9.0
Atlanta,October,USA,75.0,52.0,63.0,3.35,71.0,53.0,7.0,30.07,9.0
Atlanta,November,USA,64.0,40.0,52.0,3.8,67.0,41.0,7.0,30.15,9.0
Atlanta,December,USA,56.0,36.0,46.0,4.32,69.0,36.0,8.0,30.15,9.0
Istanbul,January,Turkey,48.0,39.0,44.0,2.87,78.0,37.0,19.0,30.12,6.0
Istanbul,February,Turkey,50.0,39.0,44.0,2.99,77.0,37.0,19.0,30.09,6.0
Istanbul,March,Turkey,54.0,42.0,48.0,2.6,73.0,39.0,18.0,30.03,6.0
Istanbul,April,Turkey,62.0,48.0,55.0,1.75,69.0,44.0,16.0,29.97,6.0
Istanbul,May,Turkey,72.0,57.0,64.0,1.29,69.0,53.0,16.0,29.95,6.0
Istanbul,June,Turkey,81.0,66.0,73.0,1.24,65.0,60.0,17.0,29.93,6.0
Istanbul,July,Turkey,86.0,71.0,78.0,0.83,63.0,63.0,20.0,29.88,6.0
Istanbul,August,Turkey,86.0,72.0,79.0,0.82,65.0,65.0,20.0,29.91,6.0
Istanbul,September,Turkey,78.0,65.0,71.0,1.58,67.0,59.0,18.0,29.98,6.0
Istanbul,October,Turkey,69.0,57.0,63.0,2.24,74.0,54.0,17.0,30.08,6.0
Istanbul,November,Turkey,60.0,49.0,54.0,2.42,76.0,47.0,17.0,30.12,6.0
Istanbul,December,Turkey,52.0,42.0,47.0,3.32,77.0,40.0,20.0,30.13,6.0
Riyadh,January,Saudi Arabia,69.0,49.0,59.0,3.97,44.0,35.0,12.0,30.12,6.0
Riyadh,February,Saudi Arabia,75.0,53.0,64.0,6.29,34.0,33.0,14.0,30.05,6.0
Riyadh,March,Saudi Arabia,83.0,60.0,71.0,5.73,29.0,35.0,15.0,29.96,5.0
Riyadh,April,Saudi Arabia,93.0,70.0,81.0,8.68,25.0,39.0,15.0,29.86,5.0
Riyadh,May,Saudi Arabia,103.0,80.0,91.0,5.59,16.0,37.0,14.0,29.75,5.0
Riyadh,June,Saudi Arabia,109.0,84.0,96.0,1.1,10.0,31.0,15.0,29.61,6.0
Riyadh,July,Saudi Arabia,111.0,86.0,98.0,1.2,10.0,33.0,15.0,29.51,6.0
Riyadh,August,Saudi Arabia,110.0,85.0,98.0,1.29,12.0,36.0,13.0,29.56,6.0
Riyadh,September,Saudi Arabia,105.0,80.0,92.0,0.67,14.0,35.0,11.0,29.72,6.0
Riyadh,October,Saudi Arabia,95.0,70.0,83.0,0.12,20.0,36.0,10.0,29.91,6.0
Riyadh,November,Saudi Arabia,81.0,60.0,71.0,3.6,38.0,41.0,11.0,30.04,6.0
Riyadh,December,Saudi Arabia,72.0,52.0,62.0,4.34,45.0,38.0,11.0,30.13,6.0
Auckland,January,New Zealand,75.0,61.0,68.0,2.08,75.0,59.0,20.0,29.98,13.0
Auckland,February,New Zealand,76.0,62.0,69.0,2.35,75.0,60.0,18.0,30.0,13.0
Auckland,March,New Zealand,73.0,59.0,66.0,2.69,77.0,58.0,18.0,30.04,13.0
Auckland,April,New Zealand,69.0,55.0,62.0,3.02,80.0,55.0,16.0,30.06,12.0
Auckland,May,New Zealand,64.0,51.0,58.0,4.26,84.0,52.0,17.0,30.01,11.0
Auckland,June,New Zealand,60.0,48.0,54.0,4.11,85.0,49.0,17.0,30.0,11.0
Auckland,July,New Zealand,58.0,46.0,52.0,4.5,85.0,47.0,17.0,29.99,11.0
Auckland,August,New Zealand,59.0,47.0,53.0,3.91,83.0,48.0,19.0,29.97,11.0
Auckland,September,New Zealand,62.0,49.0,55.0,3.44,81.0,49.0,20.0,30.0,12.0
Auckland,October,New Zealand,64.0,52.0,58.0,3.23,79.0,51.0,23.0,30.0,11.0
Auckland,November,New Zealand,67.0,55.0,61.0,2.98,77.0,53.0,22.0,29.97,11.0
Auckland,December,New Zealand,71.0,59.0,65.0,2.9,76.0,57.0,21.0,29.96,12.0
Jakarta,January,Indonesia,87.0,77.0,82.0,8.29,80.0,75.0,7.0,29.82,4.0
Jakarta,February,Indonesia,87.0,77.0,82.0,8.23,81.0,75.0,6.0,29.83,4.0
Jakarta,March,Indonesia,89.0,78.0,83.0,6.2,77.0,75.0,6.0,29.83,4.0
Jakarta,April,Indonesia,91.0,78.0,85.0,6.43,76.0,75.0,6.0,29.82,4.0
Jakarta,May,Indonesia,92.0,79.0,85.0,5.82,74.0,76.0,5.0,29.82,4.0
Jakarta,June,Indonesia,91.0,78.0,85.0,4.05,73.0,75.0,5.0,29.83,4.0
Jakarta,July,Indonesia,90.0,77.0,84.0,5.06,71.0,73.0,5.0,29.84,4.0
Jakarta,August,Indonesia,91.0,78.0,84.0,4.1,69.0,73.0,6.0,29.85,4.0
Jakarta,September,Indonesia,91.0,78.0,85.0,3.77,68.0,73.0,6.0,29.85,4.0
Jakarta,October,Indonesia,92.0,79.0,85.0,2.88,70.0,74.0,6.0,29.83,4.0
Jakarta,November,Indonesia,91.0,78.0,85.0,4.2,74.0,75.0,6.0,29.81,4.0
Jakarta,December,Indonesia,89.0,78.0,84.0,4.67,76.0,74.0,7.0,29.81,4.0
Rome,January,Italy,55.0,37.0,46.0,1.9,74.0,39.0,8.0,30.06,5.0
Rome,February,Italy,58.0,38.0,48.0,1.67,67.0,38.0,9.0,30.03,5.0
Rome,March,Italy,62.0,43.0,53.0,1.63,65.0,42.0,11.0,29.99,6.0
Rome,April,Italy,67.0,48.0,58.0,2.24,67.0,48.0,10.0,29.93,6.0
Rome,May,Italy,76.0,56.0,66.0,1.88,64.0,55.0,10.0,29.96,6.0
Rome,June,Italy,84.0,63.0,73.0,1.14,58.0,59.0,10.0,29.97,6.0
Rome,July,Italy,89.0,67.0,78.0,1.01,55.0,62.0,11.0,29.95,7.0
Rome,August,Italy,90.0,67.0,79.0,1.12,57.0,64.0,10.0,29.95,6.0
Rome,September,Italy,81.0,60.0,71.0,2.24,64.0,59.0,9.0,29.98,6.0
Rome,October,Italy,73.0,53.0,63.0,2.94,72.0,55.0,8.0,30.02,6.0
Rome,November,Italy,64.0,47.0,55.0,3.28,76.0,48.0,8.0,30.0,6.0
Rome,December,Italy,56.0,40.0,48.0,2.77,77.0,41.0,8.0,30.05,5.0
Baghdad,January,Iraq,51.0,32.0,42.0,3.1,64.0,28.0,7.0,30.15,6.0
Baghdad,February,Iraq,54.0,35.0,45.0,3.04,59.0,29.0,8.0,30.1,6.0
Baghdad,March,Iraq,61.0,40.0,50.0,2.98,55.0,33.0,8.0,30.0,6.0
Baghdad,April,Iraq,70.0,48.0,59.0,1.73,47.0,37.0,7.0,29.91,6.0
Baghdad,May,Iraq,82.0,59.0,70.0,1.14,34.0,38.0,7.0,29.79,6.0
Baghdad,June,Iraq,93.0,67.0,80.0,0.12,20.0,34.0,8.0,29.6,6.0
Baghdad,July,Iraq,99.0,73.0,86.0,0.14,18.0,36.0,8.0,29.47,6.0
Baghdad,August,Iraq,98.0,72.0,85.0,0.11,19.0,36.0,8.0,29.54,6.0
Baghdad,September,Iraq,91.0,65.0,78.0,0.06,21.0,33.0,7.0,29.73,6.0
Baghdad,October,Iraq,79.0,55.0,67.0,0.57,34.0,33.0,7.0,29.94,6.0
Baghdad,November,Iraq,63.0,44.0,53.0,2.34,58.0,35.0,6.0,30.08,6.0
Baghdad,December,Iraq,55.0,36.0,46.0,2.18,64.0,31.0,6.0,30.17,6.0
Jerusalem,January,Israel,65.0,49.0,57.0,5.37,71.0,45.0,13.0,30.07,6.0
Jerusalem,February,Israel,66.0,49.0,58.0,3.81,70.0,46.0,13.0,30.04,6.0
Jerusalem,March,Israel,70.0,52.0,61.0,2.03,67.0,48.0,14.0,29.99,6.0
Jerusalem,April,Israel,76.0,57.0,67.0,1.06,63.0,51.0,13.0,29.93,6.0
Jerusalem,May,Israel,82.0,63.0,72.0,0.92,61.0,57.0,14.0,29.89,6.0
Jerusalem,June,Israel,86.0,70.0,78.0,0.62,64.0,64.0,14.0,29.83,6.0
Jerusalem,July,Israel,89.0,74.0,82.0,0.9,66.0,68.0,14.0,29.74,6.0
Jerusalem,August,Israel,90.0,75.0,83.0,0.72,66.0,70.0,13.0,29.77,6.0
Jerusalem,September,Israel,88.0,73.0,80.0,0.59,64.0,66.0,13.0,29.87,6.0
Jerusalem,October,Israel,84.0,67.0,75.0,0.83,63.0,61.0,12.0,29.95,6.0
Jerusalem,November,Israel,77.0,58.0,67.0,2.44,62.0,52.0,12.0,30.01,6.0
Jerusalem,December,Israel,69.0,51.0,60.0,4.18,68.0,47.0,12.0,30.07,6.0
Salt Lake City,January,USA,39.0,23.0,31.0,1.4,75.0,23.0,8.0,30.21,8.0
Salt Lake City,February,USA,44.0,27.0,36.0,1.29,67.0,25.0,10.0,30.09,9.0
Salt Lake City,March,USA,55.0,35.0,45.0,1.76,55.0,29.0,11.0,30.01,11.0
Salt Lake City,April,USA,62.0,40.0,51.0,2.13,50.0,32.0,12.0,29.93,11.0
Salt Lake City,May,USA,73.0,49.0,61.0,1.78,45.0,38.0,11.0,29.87,11.0
Salt Lake City,June,USA,85.0,58.0,71.0,0.89,35.0,41.0,11.0,29.83,11.0
Salt Lake City,July,USA,94.0,67.0,81.0,0.53,30.0,45.0,11.0,29.85,11.0
Salt Lake City,August,USA,92.0,65.0,78.0,0.66,32.0,45.0,12.0,29.87,11.0
Salt Lake City,September,USA,81.0,55.0,68.0,1.01,39.0,40.0,10.0,29.93,11.0
Salt Lake City,October,USA,65.0,42.0,54.0,1.33,51.0,35.0,10.0,30.02,11.0
Salt Lake City,November,USA,51.0,31.0,41.0,1.25,64.0,28.0,9.0,30.13,10.0
Salt Lake City,December,USA,39.0,24.0,31.0,1.37,74.0,23.0,9.0,30.19,8.0
Bangkok,January,Thailand,90.0,73.0,82.0,0.94,66.0,68.0,9.0,29.9,5.0
Bangkok,February,Thailand,93.0,76.0,84.0,0.57,68.0,71.0,11.0,29.87,5.0
Bangkok,March,Thailand,95.0,79.0,87.0,2.37,70.0,74.0,13.0,29.83,6.0
Bangkok,April,Thailand,97.0,80.0,88.0,4.67,71.0,76.0,13.0,29.79,6.0
Bangkok,May,Thailand,95.0,80.0,88.0,7.99,73.0,76.0,12.0,29.75,6.0
Bangkok,June,Thailand,94.0,79.0,86.0,8.28,74.0,76.0,13.0,29.73,6.0
Bangkok,July,Thailand,93.0,79.0,86.0,7.45,75.0,75.0,13.0,29.73,6.0
Bangkok,August,Thailand,92.0,79.0,85.0,7.87,76.0,75.0,13.0,29.74,6.0
Bangkok,September,Thailand,92.0,78.0,85.0,12.48,79.0,76.0,11.0,29.77,6.0
Bangkok,October,Thailand,91.0,78.0,84.0,7.89,78.0,75.0,9.0,29.83,6.0
Bangkok,November,Thailand,91.0,76.0,84.0,1.69,69.0,71.0,9.0,29.86,6.0
Bangkok,December,Thailand,89.0,73.0,81.0,0.72,64.0,67.0,9.0,29.9,5.0
Johannesburg,January,South Africa,80.0,59.0,69.0,5.55,70.0,57.0,16.0,30.0,11.0
Johannesburg,February,South Africa,79.0,58.0,69.0,4.78,70.0,56.0,14.0,30.02,10.0
Johannesburg,March,South Africa,77.0,56.0,67.0,3.8,68.0,53.0,14.0,30.06,10.0
Johannesburg,April,South Africa,73.0,51.0,62.0,1.76,63.0,47.0,14.0,30.13,10.0
Johannesburg,May,South Africa,69.0,45.0,57.0,0.93,52.0,37.0,13.0,30.19,10.0
Johannesburg,June,South Africa,65.0,40.0,52.0,0.32,49.0,31.0,14.0,30.27,9.0
Johannesburg,July,South Africa,64.0,39.0,52.0,0.15,47.0,29.0,14.0,30.3,9.0
Johannesburg,August,South Africa,70.0,43.0,57.0,0.51,44.0,31.0,17.0,30.21,10.0
Johannesburg,September,South Africa,77.0,49.0,63.0,0.86,42.0,35.0,18.0,30.13,10.0
Johannesburg,October,South Africa,79.0,53.0,66.0,2.81,54.0,45.0,19.0,30.07,11.0
Johannesburg,November,South Africa,79.0,55.0,67.0,4.01,63.0,51.0,18.0,30.02,11.0
Johannesburg,December,South Africa,79.0,58.0,68.0,5.62,69.0,55.0,17.0,30.01,11.0
San Francisco,January,USA,57.0,45.0,51.0,4.01,79.0,45.0,9.0,30.14,9.0
San Francisco,February,USA,60.0,47.0,53.0,3.93,76.0,45.0,13.0,30.08,10.0
San Francisco,March,USA,62.0,48.0,55.0,2.58,73.0,46.0,16.0,30.07,10.0
San Francisco,April,USA,64.0,50.0,57.0,1.35,69.0,46.0,21.0,30.05,10.0
San Francisco,May,USA,67.0,52.0,60.0,0.48,69.0,48.0,24.0,30.0,10.0
San Francisco,June,USA,70.0,54.0,62.0,0.14,68.0,51.0,24.0,29.95,11.0
San Francisco,July,USA,71.0,56.0,64.0,0.01,71.0,53.0,23.0,29.95,10.0
San Francisco,August,USA,72.0,57.0,65.0,0.04,72.0,54.0,22.0,29.94,10.0
San Francisco,September,USA,73.0,56.0,65.0,0.08,70.0,53.0,19.0,29.93,10.0
San Francisco,October,USA,71.0,54.0,62.0,0.94,68.0,50.0,14.0,30.0,10.0
San Francisco,November,USA,63.0,49.0,56.0,2.0,74.0,48.0,10.0,30.1,9.0
San Francisco,December,USA,57.0,45.0,51.0,4.3,77.0,44.0,10.0,30.13,9.0
Barcelona,January,Spain,57.0,42.0,49.0,1.62,73.0,40.0,17.0,30.12,7.0
Barcelona,February,Spain,58.0,43.0,51.0,1.28,72.0,41.0,16.0,30.1,7.0
Barcelona,March,Spain,61.0,47.0,54.0,1.49,73.0,45.0,16.0,30.06,7.0
Barcelona,April,Spain,65.0,51.0,58.0,1.88,73.0,49.0,16.0,29.97,8.0
Barcelona,May,Spain,71.0,57.0,64.0,1.69,74.0,55.0,15.0,29.99,8.0
Barcelona,June,Spain,78.0,65.0,71.0,1.02,72.0,61.0,15.0,30.02,8.0
Barcelona,July,Spain,83.0,70.0,76.0,1.06,71.0,66.0,15.0,30.01,8.0
Barcelona,August,Spain,84.0,70.0,77.0,1.88,71.0,67.0,15.0,30.0,8.0
Barcelona,September,Spain,79.0,65.0,72.0,3.42,73.0,62.0,15.0,30.02,8.0
Barcelona,October,Spain,72.0,58.0,65.0,3.22,76.0,56.0,15.0,30.03,7.0
Barcelona,November,Spain,64.0,49.0,56.0,1.89,73.0,47.0,16.0,30.02,8.0
Barcelona,December,Spain,59.0,43.0,51.0,1.34,73.0,41.0,17.0,30.11,8.0
Karachi,January,Pakistan,79.0,54.0,67.0,0.58,49.0,44.0,10.0,30.03,4.0
Karachi,February,Pakistan,84.0,59.0,72.0,0.1,49.0,49.0,12.0,29.97,4.0
Karachi,March,Pakistan,90.0,68.0,79.0,0.31,53.0,57.0,13.0,29.88,4.0
Karachi,April,Pakistan,95.0,76.0,85.0,0.04,58.0,66.0,16.0,29.78,4.0
Karachi,May,Pakistan,96.0,81.0,89.0,0.14,66.0,74.0,20.0,29.67,4.0
Karachi,June,Pakistan,96.0,84.0,90.0,0.82,68.0,76.0,22.0,29.54,4.0
Karachi,July,Pakistan,92.0,83.0,88.0,2.84,71.0,76.0,22.0,29.51,4.0
Karachi,August,Pakistan,90.0,81.0,85.0,3.62,73.0,75.0,20.0,29.58,4.0
Karachi,September,Pakistan,92.0,79.0,86.0,1.59,69.0,73.0,18.0,29.69,4.0
Karachi,October,Pakistan,96.0,74.0,85.0,0.25,58.0,65.0,11.0,29.84,4.0
Karachi,November,Pakistan,90.0,64.0,77.0,0.08,49.0,53.0,9.0,29.95,4.0
Karachi,December,Pakistan,82.0,57.0,69.0,0.4,48.0,46.0,9.0,30.02,3.0
San Juan,January,Puerto Rico,83.0,72.0,78.0,4.05,78.0,69.0,14.0,30.03,10.0
San Juan,February,Puerto Rico,84.0,72.0,78.0,2.66,76.0,69.0,15.0,30.03,10.0
San Juan,March,Puerto Rico,85.0,72.0,79.0,2.18,74.0,69.0,15.0,30.01,10.0
San Juan,April,Puerto Rico,86.0,74.0,80.0,4.62,74.0,70.0,15.0,29.98,10.0
San Juan,May,Puerto Rico,88.0,76.0,82.0,5.56,77.0,73.0,15.0,29.99,10.0
San Juan,June,Puerto Rico,89.0,77.0,83.0,4.91,77.0,74.0,16.0,30.02,10.0
San Juan,July,Puerto Rico,89.0,78.0,83.0,6.09,78.0,75.0,18.0,30.03,10.0
San Juan,August,Puerto Rico,89.0,78.0,84.0,6.32,78.0,75.0,16.0,29.99,10.0
San Juan,September,Puerto Rico,89.0,78.0,83.0,6.49,77.0,75.0,12.0,29.94,10.0
San Juan,October,Puerto Rico,89.0,77.0,83.0,5.31,78.0,74.0,11.0,29.92,10.0
San Juan,November,Puerto Rico,86.0,75.0,81.0,7.27,79.0,73.0,11.0,29.93,10.0
San Juan,December,Puerto Rico,84.0,73.0,79.0,4.95,78.0,71.0,13.0,29.99,10.0
Beijing,January,China,36.0,17.0,27.0,0.11,43.0,4.0,12.0,30.38,6.0
Beijing,February,China,43.0,22.0,33.0,0.31,41.0,9.0,11.0,30.29,6.0
Beijing,March,China,56.0,33.0,45.0,0.4,40.0,19.0,13.0,30.13,6.0
Beijing,April,China,70.0,46.0,58.0,0.98,43.0,33.0,13.0,29.94,6.0
Beijing,May,China,81.0,57.0,69.0,1.55,49.0,47.0,12.0,29.79,7.0
Beijing,June,China,88.0,67.0,77.0,2.78,60.0,60.0,10.0,29.67,6.0
Beijing,July,China,89.0,72.0,81.0,6.32,74.0,70.0,9.0,29.64,5.0
Beijing,August,China,87.0,70.0,79.0,4.96,75.0,69.0,9.0,29.75,5.0
Beijing,September,China,80.0,60.0,70.0,2.39,68.0,57.0,9.0,29.95,6.0
Beijing,October,China,67.0,45.0,56.0,1.33,61.0,40.0,9.0,30.15,6.0
Beijing,November,China,51.0,31.0,41.0,0.65,55.0,23.0,10.0,30.26,5.0
Beijing,December,China,39.0,20.0,30.0,0.1,47.0,9.0,12.0,30.37,6.0
Kathmandu,January,Nepal,65.0,38.0,51.0,0.64,67.0,39.0,6.0,30.01,3.0
Kathmandu,February,Nepal,71.0,43.0,57.0,0.95,64.0,43.0,7.0,29.97,3.0
Kathmandu,March,Nepal,78.0,49.0,63.0,1.72,59.0,46.0,9.0,29.88,4.0
Kathmandu,April,Nepal,82.0,55.0,69.0,2.42,57.0,51.0,9.0,29.76,4.0
Kathmandu,May,Nepal,84.0,61.0,72.0,4.0,66.0,59.0,8.0,29.68,4.0
Kathmandu,June,Nepal,85.0,67.0,76.0,8.49,76.0,67.0,8.0,29.58,4.0
Kathmandu,July,Nepal,83.0,69.0,76.0,18.75,84.0,69.0,7.0,29.57,5.0
Kathmandu,August,Nepal,84.0,68.0,76.0,12.3,85.0,69.0,7.0,29.61,5.0
Kathmandu,September,Nepal,83.0,66.0,75.0,10.45,82.0,67.0,7.0,29.72,4.0
Kathmandu,October,Nepal,80.0,58.0,69.0,1.93,74.0,59.0,7.0,29.86,4.0
Kathmandu,November,Nepal,73.0,48.0,60.0,0.03,71.0,49.0,6.0,29.95,4.0
Kathmandu,December,Nepal,67.0,40.0,54.0,0.48,70.0,42.0,5.0,30.01,3.0
San Salvador,January,El Salvador,88.0,65.0,76.0,0.13,68.0,64.0,14.0,29.96,9.0
San Salvador,February,El Salvador,89.0,66.0,77.0,0.12,66.0,65.0,14.0,29.94,8.0
San Salvador,March,El Salvador,91.0,67.0,79.0,0.45,66.0,66.0,14.0,29.93,8.0
San Salvador,April,El Salvador,90.0,70.0,80.0,1.94,71.0,69.0,12.0,29.91,7.0
San Salvador,May,El Salvador,88.0,70.0,79.0,5.58,80.0,71.0,10.0,29.9,6.0
San Salvador,June,El Salvador,86.0,70.0,78.0,8.87,83.0,72.0,9.0,29.9,7.0
San Salvador,July,El Salvador,87.0,69.0,78.0,7.49,81.0,71.0,10.0,29.93,8.0
San Salvador,August,El Salvador,87.0,69.0,78.0,8.79,82.0,71.0,10.0,29.92,8.0
San Salvador,September,El Salvador,86.0,69.0,77.0,9.27,86.0,72.0,9.0,29.9,7.0
San Salvador,October,El Salvador,85.0,69.0,77.0,6.82,84.0,71.0,10.0,29.89,7.0
San Salvador,November,El Salvador,86.0,67.0,76.0,1.51,77.0,68.0,13.0,29.92,8.0
San Salvador,December,El Salvador,87.0,65.0,76.0,0.32,72.0,66.0,14.0,29.94,9.0
Belgrade,January,Serbia,42.0,32.0,37.0,2.21,78.0,30.0,10.0,30.08,7.0
Belgrade,February,Serbia,48.0,35.0,42.0,1.62,72.0,32.0,11.0,30.09,9.0
Belgrade,March,Serbia,57.0,41.0,49.0,2.3,63.0,35.0,10.0,30.02,10.0
Belgrade,April,Serbia,67.0,48.0,58.0,1.87,58.0,42.0,10.0,29.97,12.0
Belgrade,May,Serbia,73.0,56.0,65.0,4.38,64.0,51.0,9.0,29.93,13.0
Belgrade,June,Serbia,82.0,64.0,73.0,3.26,62.0,58.0,8.0,29.95,13.0
Belgrade,July,Serbia,86.0,67.0,77.0,2.24,58.0,60.0,8.0,29.94,13.0
Belgrade,August,Serbia,87.0,67.0,77.0,1.79,56.0,59.0,8.0,29.98,13.0
Belgrade,September,Serbia,77.0,59.0,68.0,1.9,62.0,53.0,8.0,30.03,13.0
Belgrade,October,Serbia,67.0,50.0,58.0,2.23,71.0,47.0,10.0,30.1,10.0
Belgrade,November,Serbia,56.0,43.0,49.0,1.84,76.0,41.0,11.0,30.09,8.0
Belgrade,December,Serbia,44.0,35.0,39.0,2.16,80.0,33.0,10.0,30.17,6.0
Kingston,January,Jamaica,88.0,73.0,80.0,0.79,69.0,69.0,16.0,29.98,9.0
Kingston,February,Jamaica,88.0,73.0,80.0,0.85,69.0,69.0,18.0,29.98,9.0
Kingston,March,Jamaica,88.0,73.0,81.0,1.09,69.0,69.0,17.0,29.97,9.0
Kingston,April,Jamaica,89.0,75.0,82.0,0.99,70.0,71.0,18.0,29.94,8.0
Kingston,May,Jamaica,90.0,76.0,83.0,3.75,71.0,73.0,21.0,29.93,8.0
Kingston,June,Jamaica,91.0,78.0,85.0,2.22,70.0,73.0,26.0,29.94,8.0
Kingston,July,Jamaica,92.0,78.0,85.0,2.16,69.0,73.0,23.0,29.96,8.0
Kingston,August,Jamaica,92.0,78.0,85.0,3.06,71.0,74.0,20.0,29.93,8.0
Kingston,September,Jamaica,92.0,78.0,85.0,4.37,72.0,74.0,17.0,29.9,8.0
Kingston,October,Jamaica,91.0,77.0,84.0,6.14,74.0,74.0,15.0,29.88,8.0
Kingston,November,Jamaica,90.0,75.0,83.0,3.3,72.0,72.0,14.0,29.9,9.0
Kingston,December,Jamaica,89.0,74.0,81.0,1.54,70.0,70.0,15.0,29.95,9.0
Santiago,January,Chile,88.0,55.0,72.0,0.13,50.0,49.0,16.0,29.89,6.0
Santiago,February,Chile,87.0,54.0,71.0,0.39,54.0,50.0,14.0,29.9,6.0
Santiago,March,Chile,84.0,51.0,68.0,0.18,57.0,48.0,12.0,29.93,6.0
Santiago,April,Chile,77.0,46.0,61.0,0.51,65.0,45.0,9.0,30.0,5.0
Santiago,May,Chile,68.0,41.0,55.0,1.25,73.0,43.0,7.0,30.06,4.0
Santiago,June,Chile,62.0,38.0,50.0,2.36,79.0,41.0,7.0,30.1,4.0
Santiago,July,Chile,62.0,36.0,49.0,1.5,79.0,39.0,7.0,30.12,4.0
Santiago,August,Chile,65.0,39.0,52.0,1.21,75.0,41.0,8.0,30.11,4.0
Santiago,September,Chile,69.0,42.0,56.0,0.6,70.0,43.0,10.0,30.07,5.0
Santiago,October,Chile,75.0,46.0,61.0,0.34,62.0,44.0,12.0,30.02,6.0
Santiago,November,Chile,81.0,50.0,65.0,0.15,54.0,45.0,14.0,29.97,6.0
Santiago,December,Chile,85.0,53.0,69.0,0.15,51.0,47.0,16.0,29.92,6.0
Bengaluru,January,India,84.0,62.0,73.0,1.77,58.0,56.0,4.0,29.9,4.0
Bengaluru,February,India,89.0,64.0,76.0,2.35,48.0,53.0,4.0,29.86,4.0
Bengaluru,March,India,93.0,69.0,81.0,4.02,44.0,55.0,4.0,29.8,4.0
Bengaluru,April,India,95.0,73.0,84.0,4.71,52.0,62.0,3.0,29.75,4.0
Bengaluru,May,India,92.0,72.0,82.0,6.2,65.0,67.0,5.0,29.71,4.0
Bengaluru,June,India,86.0,70.0,78.0,5.13,74.0,67.0,9.0,29.7,4.0
Bengaluru,July,India,84.0,69.0,76.0,5.0,78.0,67.0,9.0,29.72,4.0
Bengaluru,August,India,83.0,69.0,76.0,5.56,79.0,67.0,8.0,29.74,4.0
Bengaluru,September,India,84.0,68.0,76.0,8.72,76.0,67.0,6.0,29.76,4.0
Bengaluru,October,India,85.0,68.0,76.0,7.06,73.0,65.0,4.0,29.81,4.0
Bengaluru,November,India,83.0,66.0,74.0,3.32,72.0,62.0,4.0,29.86,4.0
Bengaluru,December,India,82.0,63.0,73.0,1.15,68.0,59.0,4.0,29.89,4.0
Kinshasa,January,Congo Demrep,88.0,72.0,80.0,5.46,80.0,72.0,7.0,29.82,6.0
Kinshasa,February,Congo Demrep,89.0,72.0,81.0,6.17,79.0,72.0,8.0,29.81,6.0
Kinshasa,March,Congo Demrep,90.0,73.0,82.0,7.9,78.0,72.0,8.0,29.8,7.0
Kinshasa,April,Congo Demrep,91.0,73.0,82.0,6.96,78.0,72.0,7.0,29.81,7.0
Kinshasa,May,Congo Demrep,89.0,72.0,81.0,4.86,80.0,72.0,7.0,29.84,6.0
Kinshasa,June,Congo Demrep,84.0,69.0,76.0,0.47,80.0,69.0,8.0,29.89,4.0
Kinshasa,July,Congo Demrep,83.0,67.0,75.0,0.15,77.0,66.0,9.0,29.92,4.0
Kinshasa,August,Congo Demrep,85.0,68.0,76.0,0.65,71.0,65.0,10.0,29.9,5.0
Kinshasa,September,Congo Demrep,88.0,71.0,79.0,1.98,70.0,67.0,11.0,29.87,6.0
Kinshasa,October,Congo Demrep,88.0,72.0,80.0,5.34,76.0,70.0,9.0,29.84,6.0
Kinshasa,November,Congo Demrep,88.0,72.0,80.0,10.72,80.0,71.0,8.0,29.82,7.0
Kinshasa,December,Congo Demrep,87.0,72.0,80.0,8.47,82.0,72.0,7.0,29.83,6.0
Santo Domingo,January,Dominican Republic,86.0,71.0,79.0,1.63,80.0,71.0,9.0,30.02,9.0
Santo Domingo,February,Dominican Republic,87.0,71.0,79.0,2.25,80.0,71.0,9.0,30.02,9.0
Santo Domingo,March,Dominican Republic,87.0,72.0,80.0,2.5,78.0,71.0,9.0,30.01,9.0
Santo Domingo,April,Dominican Republic,88.0,73.0,81.0,2.77,80.0,73.0,10.0,29.98,9.0
Santo Domingo,May,Dominican Republic,89.0,75.0,82.0,4.15,81.0,75.0,9.0,29.99,9.0
Santo Domingo,June,Dominican Republic,90.0,77.0,83.0,2.96,81.0,76.0,9.0,30.01,9.0
Santo Domingo,July,Dominican Republic,91.0,77.0,84.0,5.34,81.0,76.0,9.0,30.02,8.0
Santo Domingo,August,Dominican Republic,91.0,76.0,84.0,6.94,82.0,76.0,9.0,29.98,9.0
Santo Domingo,September,Dominican Republic,91.0,77.0,84.0,4.4,81.0,76.0,8.0,29.93,9.0
Santo Domingo,October,Dominican Republic,90.0,76.0,83.0,5.48,82.0,76.0,8.0,29.91,9.0
Santo Domingo,November,Dominican Republic,89.0,74.0,82.0,4.74,83.0,74.0,8.0,29.93,9.0
Santo Domingo,December,Dominican Republic,88.0,73.0,80.0,3.03,81.0,72.0,9.0,30.0,9.0
Berlin,January,Germany,38.0,30.0,34.0,1.91,88.0,29.0,16.0,30.04,5.0
Berlin,February,Germany,42.0,31.0,36.0,1.47,83.0,30.0,16.0,30.03,6.0
Berlin,March,Germany,48.0,34.0,41.0,1.59,78.0,33.0,16.0,30.01,6.0
Berlin,April,Germany,59.0,41.0,50.0,1.13,70.0,38.0,14.0,29.97,7.0
Berlin,May,Germany,68.0,49.0,58.0,2.05,69.0,45.0,14.0,29.99,7.0
Berlin,June,Germany,74.0,55.0,64.0,2.21,68.0,51.0,13.0,30.0,8.0
Berlin,July,Germany,77.0,59.0,68.0,2.87,69.0,54.0,13.0,29.96,7.0
Berlin,August,Germany,76.0,58.0,67.0,2.33,70.0,54.0,13.0,29.98,7.0
Berlin,September,Germany,68.0,51.0,59.0,1.91,78.0,50.0,13.0,30.02,7.0
Berlin,October,Germany,57.0,44.0,50.0,1.77,84.0,44.0,14.0,30.02,6.0
Berlin,November,Germany,46.0,37.0,42.0,1.7,89.0,37.0,14.0,29.99,5.0
Berlin,December,Germany,40.0,32.0,36.0,1.75,89.0,32.0,16.0,30.01,5.0
Kiritimati,January,Kiribati,87.0,78.0,82.0,9.21,81.0,74.0,20.0,61.35,17.0
Kiritimati,February,Kiribati,87.0,78.0,82.0,6.33,82.0,74.0,19.0,66.96,15.0
Kiritimati,March,Kiribati,88.0,78.0,83.0,6.17,83.0,76.0,18.0,58.25,15.0
Kiritimati,April,Kiribati,89.0,78.0,83.0,6.69,84.0,76.0,16.0,85.32,15.0
Kiritimati,May,Kiribati,89.0,79.0,84.0,8.36,82.0,74.0,14.0,86.73,17.0
Kiritimati,June,Kiribati,89.0,78.0,84.0,11.71,79.0,74.0,14.0,85.28,16.0
Kiritimati,July,Kiribati,88.0,78.0,83.0,12.37,78.0,73.0,16.0,77.24,16.0
Kiritimati,August,Kiribati,87.0,78.0,82.0,13.52,77.0,74.0,16.0,70.97,15.0
Kiritimati,September,Kiribati,88.0,78.0,83.0,13.85,77.0,73.0,16.0,101.74,15.0
Kiritimati,October,Kiribati,87.0,78.0,82.0,11.52,77.0,73.0,15.0,83.59,16.0
Kiritimati,November,Kiribati,87.0,78.0,83.0,8.79,77.0,73.0,15.0,104.89,17.0
Kiritimati,December,Kiribati,87.0,78.0,83.0,9.35,79.0,74.0,17.0,74.01,16.0
São Paulo,January,Brazil,84.0,68.0,76.0,9.14,76.0,65.0,12.0,29.93,6.0
São Paulo,February,Brazil,84.0,68.0,76.0,7.64,75.0,65.0,12.0,29.95,6.0
São Paulo,March,Brazil,83.0,67.0,75.0,5.7,77.0,64.0,12.0,29.98,6.0
São Paulo,April,Brazil,80.0,64.0,72.0,2.3,76.0,61.0,12.0,30.03,6.0
São Paulo,May,Brazil,75.0,59.0,67.0,1.72,76.0,57.0,11.0,30.08,6.0
São Paulo,June,Brazil,74.0,58.0,66.0,1.67,74.0,55.0,10.0,30.13,6.0
São Paulo,July,Brazil,74.0,56.0,65.0,1.56,72.0,52.0,10.0,30.16,6.0
São Paulo,August,Brazil,77.0,57.0,67.0,1.31,70.0,53.0,12.0,30.14,6.0
São Paulo,September,Brazil,78.0,59.0,69.0,2.64,74.0,56.0,13.0,30.08,5.0
São Paulo,October,Brazil,80.0,62.0,71.0,3.52,77.0,59.0,14.0,30.01,6.0
São Paulo,November,Brazil,80.0,63.0,72.0,4.58,76.0,61.0,15.0,29.96,6.0
São Paulo,December,Brazil,83.0,66.0,74.0,6.13,76.0,63.0,14.0,29.93,6.0
Bogota,January,Colombia,69.0,44.0,56.0,1.83,79.0,48.0,10.0,30.11,7.0
Bogota,February,Colombia,69.0,46.0,57.0,3.54,79.0,49.0,10.0,30.12,6.0
Bogota,March,Colombia,68.0,48.0,58.0,4.26,80.0,50.0,10.0,30.12,6.0
Bogota,April,Colombia,68.0,50.0,59.0,4.32,82.0,51.0,9.0,30.14,7.0
Bogota,May,Colombia,67.0,50.0,58.0,5.02,82.0,51.0,10.0,30.16,7.0
Bogota,June,Colombia,66.0,49.0,58.0,3.54,79.0,50.0,11.0,30.17,7.0
Bogota,July,Colombia,66.0,48.0,57.0,2.69,77.0,48.0,12.0,30.18,7.0
Bogota,August,Colombia,66.0,48.0,57.0,2.82,77.0,48.0,11.0,30.17,7.0
Bogota,September,Colombia,67.0,46.0,57.0,3.21,77.0,48.0,10.0,30.16,7.0
Bogota,October,Colombia,67.0,47.0,57.0,4.84,81.0,50.0,10.0,30.13,7.0
Bogota,November,Colombia,67.0,48.0,58.0,5.75,83.0,51.0,9.0,30.1,6.0
Bogota,December,Colombia,68.0,46.0,57.0,3.11,81.0,49.0,10.0,30.11,7.0
Kolkata,January,India,78.0,55.0,66.0,0.6,71.0,55.0,4.0,29.97,1.0
Kolkata,February,India,85.0,62.0,73.0,0.61,66.0,60.0,4.0,29.91,1.0
Kolkata,March,India,93.0,71.0,82.0,1.17,64.0,66.0,6.0,29.82,2.0
Kolkata,April,India,97.0,77.0,87.0,2.0,69.0,74.0,11.0,29.73,2.0
Kolkata,May,India,97.0,78.0,88.0,5.7,74.0,77.0,11.0,29.63,2.0
Kolkata,June,India,94.0,80.0,87.0,9.3,80.0,79.0,9.0,29.53,2.0
Kolkata,July,India,92.0,80.0,86.0,12.92,84.0,79.0,8.0,29.52,2.0
Kolkata,August,India,92.0,80.0,86.0,13.62,85.0,79.0,7.0,29.56,2.0
Kolkata,September,India,92.0,79.0,85.0,10.29,84.0,78.0,6.0,29.66,2.0
Kolkata,October,India,91.0,75.0,83.0,5.61,79.0,74.0,4.0,29.81,2.0
Kolkata,November,India,86.0,67.0,76.0,1.14,72.0,65.0,3.0,29.9,1.0
Kolkata,December,India,80.0,57.0,69.0,0.45,73.0,58.0,4.0,29.97,1.0
Seattle,January,USA,48.0,37.0,43.0,4.41,81.0,37.0,9.0,30.07,9.0
Seattle,February,USA,50.0,37.0,44.0,3.09,76.0,37.0,9.0,30.06,10.0
Seattle,March,USA,54.0,40.0,47.0,3.26,73.0,38.0,10.0,30.04,10.0
Seattle,April,USA,59.0,44.0,52.0,2.2,68.0,41.0,10.0,30.05,10.0
Seattle,May,USA,66.0,50.0,58.0,1.56,65.0,46.0,9.0,30.04,11.0
Seattle,June,USA,71.0,54.0,63.0,1.07,63.0,49.0,9.0,30.03,11.0
Seattle,July,USA,77.0,58.0,68.0,0.39,61.0,53.0,8.0,30.05,12.0
Seattle,August,USA,77.0,59.0,68.0,0.57,62.0,54.0,8.0,30.02,11.0
Seattle,September,USA,71.0,54.0,63.0,1.28,68.0,51.0,8.0,30.02,11.0
Seattle,October,USA,61.0,47.0,54.0,3.05,78.0,47.0,8.0,30.07,9.0
Seattle,November,USA,53.0,41.0,47.0,5.1,81.0,41.0,9.0,30.06,9.0
Seattle,December,USA,47.0,37.0,42.0,4.86,82.0,37.0,9.0,30.08,9.0
Boston,January,USA,37.0,24.0,30.0,3.21,63.0,19.0,20.0,30.05,9.0
Boston,February,USA,39.0,25.0,32.0,3.19,61.0,19.0,20.0,30.04,9.0
Boston,March,USA,45.0,31.0,38.0,4.05,61.0,25.0,20.0,30.05,9.0
Boston,April,USA,56.0,41.0,48.0,3.6,61.0,34.0,19.0,29.99,9.0
Boston,May,USA,66.0,50.0,58.0,3.41,66.0,46.0,17.0,30.0,9.0
Boston,June,USA,77.0,60.0,68.0,3.95,67.0,56.0,16.0,29.95,9.0
Boston,July,USA,82.0,66.0,74.0,3.56,67.0,62.0,15.0,29.95,9.0
Boston,August,USA,81.0,65.0,73.0,3.21,68.0,61.0,15.0,30.0,9.0
Boston,September,USA,73.0,59.0,66.0,3.63,70.0,56.0,16.0,30.06,9.0
Boston,October,USA,62.0,48.0,55.0,4.1,68.0,44.0,18.0,30.06,9.0
Boston,November,USA,52.0,38.0,45.0,3.59,65.0,33.0,18.0,30.09,9.0
Boston,December,USA,43.0,30.0,36.0,4.14,65.0,25.0,19.0,30.08,9.0
Kuala Lumpur,January,Malaysia,91.0,75.0,83.0,9.22,79.0,74.0,6.0,29.84,6.0
Kuala Lumpur,February,Malaysia,92.0,75.0,84.0,7.34,77.0,74.0,6.0,29.84,6.0
Kuala Lumpur,March,Malaysia,93.0,76.0,84.0,10.19,79.0,75.0,7.0,29.82,6.0
Kuala Lumpur,April,Malaysia,93.0,76.0,84.0,11.07,81.0,76.0,7.0,29.81,6.0
Kuala Lumpur,May,Malaysia,93.0,77.0,85.0,8.88,80.0,76.0,7.0,29.8,6.0
Kuala Lumpur,June,Malaysia,92.0,76.0,84.0,6.22,78.0,75.0,7.0,29.8,7.0
Kuala Lumpur,July,Malaysia,91.0,76.0,83.0,6.82,78.0,74.0,7.0,29.81,7.0
Kuala Lumpur,August,Malaysia,91.0,76.0,83.0,7.14,78.0,74.0,7.0,29.82,6.0
Kuala Lumpur,September,Malaysia,91.0,75.0,83.0,9.01,79.0,74.0,7.0,29.83,6.0
Kuala Lumpur,October,Malaysia,91.0,75.0,83.0,11.29,81.0,75.0,7.0,29.83,6.0
Kuala Lumpur,November,Malaysia,90.0,75.0,83.0,13.36,84.0,75.0,6.0,29.82,6.0
Kuala Lumpur,December,Malaysia,90.0,75.0,82.0,10.63,83.0,75.0,6.0,29.83,6.0
Seoul,January,South Korea,35.0,19.0,27.0,0.56,64.0,15.0,10.0,30.27,5.0
Seoul,February,South Korea,41.0,23.0,32.0,0.85,62.0,18.0,11.0,30.22,5.0
Seoul,March,South Korea,51.0,33.0,42.0,1.0,62.0,27.0,12.0,30.11,5.0
Seoul,April,South Korea,63.0,43.0,53.0,1.92,62.0,38.0,13.0,29.98,5.0
Seoul,May,South Korea,73.0,54.0,63.0,2.6,67.0,50.0,12.0,29.86,5.0
Seoul,June,South Korea,80.0,64.0,72.0,3.11,73.0,61.0,11.0,29.75,4.0
Seoul,July,South Korea,84.0,72.0,78.0,5.69,81.0,70.0,11.0,29.73,4.0
Seoul,August,South Korea,86.0,72.0,79.0,6.09,79.0,71.0,11.0,29.78,5.0
Seoul,September,South Korea,79.0,62.0,71.0,2.67,75.0,60.0,10.0,29.94,5.0
Seoul,October,South Korea,68.0,48.0,58.0,1.33,71.0,46.0,9.0,30.11,5.0
Seoul,November,South Korea,53.0,36.0,44.0,1.56,70.0,33.0,10.0,30.19,5.0
Seoul,December,South Korea,39.0,23.0,31.0,0.62,66.0,19.0,10.0,30.27,5.0
Brasilia,January,Brazil,82.0,66.0,74.0,5.49,74.0,63.0,10.0,29.95,8.0
Brasilia,February,Brazil,83.0,65.0,74.0,4.62,75.0,64.0,10.0,29.97,8.0
Brasilia,March,Brazil,82.0,65.0,74.0,5.42,76.0,64.0,9.0,29.97,8.0
Brasilia,April,Brazil,82.0,64.0,73.0,3.17,73.0,62.0,9.0,30.0,8.0
Brasilia,May,Brazil,81.0,59.0,70.0,0.69,68.0,57.0,8.0,30.05,8.0
Brasilia,June,Brazil,80.0,55.0,67.0,0.12,63.0,53.0,9.0,30.1,8.0
Brasilia,July,Brazil,80.0,54.0,67.0,0.0,57.0,49.0,9.0,30.12,8.0
Brasilia,August,Brazil,83.0,56.0,70.0,0.39,49.0,48.0,10.0,30.08,8.0
Brasilia,September,Brazil,86.0,62.0,74.0,1.12,49.0,52.0,11.0,30.02,8.0
Brasilia,October,Brazil,86.0,65.0,76.0,2.72,61.0,58.0,10.0,29.97,8.0
Brasilia,November,Brazil,82.0,66.0,74.0,5.95,75.0,63.0,10.0,29.94,8.0
Brasilia,December,Brazil,82.0,66.0,74.0,6.07,76.0,64.0,10.0,29.94,8.0
Kuwait City,January,Kuwait,67.0,45.0,56.0,3.89,63.0,42.0,14.0,30.13,5.0
Kuwait City,February,Kuwait,72.0,48.0,60.0,1.81,53.0,41.0,15.0,30.07,5.0
Kuwait City,March,Kuwait,81.0,56.0,68.0,2.04,42.0,41.0,16.0,29.97,6.0
Kuwait City,April,Kuwait,91.0,66.0,79.0,3.88,33.0,45.0,17.0,29.87,5.0
Kuwait City,May,Kuwait,104.0,77.0,91.0,2.93,21.0,44.0,17.0,29.75,5.0
Kuwait City,June,Kuwait,113.0,84.0,98.0,3.51,13.0,39.0,22.0,29.58,5.0
Kuwait City,July,Kuwait,116.0,87.0,101.0,2.61,14.0,43.0,21.0,29.48,5.0
Kuwait City,August,Kuwait,116.0,86.0,101.0,1.6,18.0,47.0,18.0,29.53,5.0
Kuwait City,September,Kuwait,109.0,79.0,94.0,0.63,21.0,46.0,16.0,29.7,6.0
Kuwait City,October,Kuwait,98.0,69.0,83.0,1.85,35.0,49.0,13.0,29.9,5.0
Kuwait City,November,Kuwait,81.0,57.0,69.0,1.44,50.0,47.0,14.0,30.05,6.0
Kuwait City,December,Kuwait,70.0,48.0,59.0,2.81,61.0,44.0,13.0,30.14,5.0
Shanghai,January,China,47.0,35.0,41.0,2.38,72.0,32.0,15.0,30.32,4.0
Shanghai,February,China,51.0,38.0,45.0,2.06,71.0,35.0,15.0,30.25,5.0
Shanghai,March,China,58.0,45.0,52.0,2.79,70.0,41.0,16.0,30.14,5.0
Shanghai,April,China,69.0,54.0,62.0,2.45,69.0,50.0,16.0,29.99,5.0
Shanghai,May,China,78.0,64.0,71.0,2.95,71.0,59.0,16.0,29.85,5.0
Shanghai,June,China,83.0,71.0,77.0,4.89,79.0,69.0,14.0,29.72,5.0
Shanghai,July,China,92.0,79.0,85.0,4.21,76.0,76.0,16.0,29.68,5.0
Shanghai,August,China,91.0,79.0,85.0,5.73,77.0,75.0,16.0,29.72,6.0
Shanghai,September,China,83.0,72.0,78.0,3.55,74.0,68.0,15.0,29.91,6.0
Shanghai,October,China,74.0,61.0,68.0,1.99,71.0,57.0,14.0,30.11,5.0
Shanghai,November,China,64.0,51.0,57.0,2.02,72.0,47.0,14.0,30.21,4.0
Shanghai,December,China,52.0,39.0,46.0,1.74,70.0,36.0,14.0,30.32,4.0
Brisbane,January,Australia,84.0,71.0,77.0,4.79,72.0,67.0,18.0,29.9,9.0
Brisbane,February,Australia,84.0,70.0,77.0,5.39,74.0,67.0,17.0,29.91,9.0
Brisbane,March,Australia,82.0,67.0,75.0,4.68,75.0,65.0,16.0,29.98,9.0
Brisbane,April,Australia,79.0,62.0,70.0,2.8,74.0,61.0,15.0,30.07,9.0
Brisbane,May,Australia,74.0,56.0,65.0,3.54,74.0,55.0,14.0,30.1,9.0
Brisbane,June,Australia,70.0,52.0,61.0,2.41,73.0,51.0,14.0,30.12,10.0
Brisbane,July,Australia,70.0,49.0,59.0,1.25,70.0,48.0,14.0,30.13,10.0
Brisbane,August,Australia,72.0,50.0,61.0,1.38,69.0,48.0,15.0,30.12,9.0
Brisbane,September,Australia,75.0,55.0,65.0,1.29,70.0,54.0,17.0,30.08,9.0
Brisbane,October,Australia,78.0,60.0,69.0,3.04,70.0,58.0,18.0,30.04,9.0
Brisbane,November,Australia,80.0,65.0,73.0,3.78,71.0,62.0,19.0,29.97,9.0
Brisbane,December,Australia,83.0,68.0,75.0,4.69,72.0,65.0,19.0,29.92,9.0
Kyiv,January,Ukraine,31.0,22.0,27.0,1.55,86.0,23.0,14.0,30.09,6.0
Kyiv,February,Ukraine,34.0,23.0,29.0,1.56,82.0,23.0,14.0,30.06,6.0
Kyiv,March,Ukraine,44.0,30.0,37.0,1.59,73.0,28.0,15.0,30.01,7.0
Kyiv,April,Ukraine,59.0,41.0,50.0,1.66,62.0,36.0,13.0,29.97,8.0
Kyiv,May,Ukraine,70.0,51.0,60.0,2.58,63.0,46.0,12.0,29.96,9.0
Kyiv,June,Ukraine,76.0,58.0,67.0,2.9,64.0,54.0,12.0,29.93,9.0
Kyiv,July,Ukraine,80.0,61.0,70.0,2.75,66.0,58.0,11.0,29.91,9.0
Kyiv,August,Ukraine,79.0,59.0,69.0,2.25,65.0,55.0,10.0,29.98,9.0
Kyiv,September,Ukraine,68.0,50.0,59.0,2.21,72.0,48.0,11.0,30.03,8.0
Kyiv,October,Ukraine,55.0,40.0,48.0,1.73,79.0,40.0,12.0,30.11,7.0
Kyiv,November,Ukraine,42.0,32.0,37.0,1.96,87.0,33.0,13.0,30.12,5.0
Kyiv,December,Ukraine,33.0,25.0,29.0,1.92,88.0,26.0,14.0,30.1,5.0
Singapore,January,Singapore,87.0,76.0,82.0,9.77,80.0,74.0,14.0,29.84,6.0
Singapore,February,Singapore,89.0,76.0,83.0,4.57,78.0,74.0,14.0,29.84,7.0
Singapore,March,Singapore,90.0,77.0,84.0,6.6,79.0,76.0,10.0,29.82,6.0
Singapore,April,Singapore,91.0,77.0,84.0,7.28,79.0,77.0,7.0,29.8,6.0
Singapore,May,Singapore,90.0,78.0,84.0,6.6,79.0,77.0,7.0,29.79,6.0
Singapore,June,Singapore,90.0,78.0,84.0,5.8,78.0,76.0,9.0,29.8,7.0
Singapore,July,Singapore,89.0,78.0,83.0,8.47,78.0,76.0,11.0,29.8,7.0
Singapore,August,Singapore,89.0,77.0,83.0,6.94,78.0,76.0,11.0,29.81,6.0
Singapore,September,Singapore,89.0,77.0,83.0,6.17,77.0,75.0,10.0,29.82,6.0
Singapore,October,Singapore,89.0,77.0,83.0,7.96,78.0,76.0,8.0,29.82,6.0
Singapore,November,Singapore,89.0,76.0,83.0,9.79,81.0,76.0,7.0,29.8,6.0
Singapore,December,Singapore,88.0,76.0,82.0,12.0,82.0,75.0,10.0,29.82,6.0
Brussels,January,Belgium,43.0,35.0,39.0,2.55,85.0,35.0,19.0,30.05,7.0
Brussels,February,Belgium,45.0,35.0,40.0,2.25,82.0,35.0,18.0,30.05,7.0
Brussels,March,Belgium,51.0,38.0,45.0,2.14,77.0,37.0,17.0,30.04,7.0
Brussels,April,Belgium,58.0,42.0,50.0,1.59,72.0,41.0,14.0,29.98,8.0
Brussels,May,Belgium,65.0,48.0,56.0,2.3,73.0,47.0,14.0,30.0,9.0
Brussels,June,Belgium,71.0,53.0,62.0,2.37,74.0,53.0,13.0,30.04,9.0
Brussels,July,Belgium,74.0,57.0,65.0,2.82,74.0,56.0,13.0,30.01,9.0
Brussels,August,Belgium,73.0,56.0,65.0,3.05,75.0,56.0,13.0,30.0,9.0
Brussels,September,Belgium,67.0,52.0,59.0,2.0,79.0,52.0,13.0,30.04,8.0
Brussels,October,Belgium,59.0,46.0,53.0,2.4,83.0,47.0,15.0,30.0,8.0
Brussels,November,Belgium,50.0,40.0,45.0,2.38,86.0,41.0,16.0,29.98,7.0
Brussels,December,Belgium,44.0,36.0,40.0,3.06,87.0,36.0,18.0,30.02,7.0
La Paz,January,Bolivia,59.0,40.0,49.0,5.68,77.0,40.0,13.0,30.3,6.0
La Paz,February,Bolivia,59.0,40.0,49.0,4.22,78.0,40.0,13.0,30.31,6.0
La Paz,March,Bolivia,59.0,38.0,49.0,3.58,76.0,39.0,12.0,30.32,7.0
La Paz,April,Bolivia,60.0,35.0,47.0,1.63,69.0,35.0,12.0,30.36,7.0
La Paz,May,Bolivia,60.0,28.0,44.0,0.52,53.0,25.0,12.0,30.4,9.0
La Paz,June,Bolivia,58.0,25.0,42.0,0.25,48.0,20.0,12.0,30.41,9.0
La Paz,July,Bolivia,58.0,25.0,41.0,0.34,48.0,20.0,13.0,30.41,9.0
La Paz,August,Bolivia,60.0,26.0,43.0,0.95,51.0,23.0,13.0,30.4,8.0
La Paz,September,Bolivia,61.0,31.0,46.0,1.16,59.0,29.0,14.0,30.37,7.0
La Paz,October,Bolivia,62.0,35.0,48.0,2.02,62.0,33.0,14.0,30.33,8.0
La Paz,November,Bolivia,63.0,37.0,50.0,2.08,62.0,34.0,14.0,30.28,8.0
La Paz,December,Bolivia,61.0,39.0,50.0,3.94,70.0,38.0,14.0,30.28,7.0
Sofia,January,Bulgaria,39.0,23.0,31.0,1.54,85.0,26.0,10.0,30.16,4.0
Sofia,February,Bulgaria,46.0,26.0,36.0,1.36,78.0,28.0,12.0,30.1,5.0
Sofia,March,Bulgaria,54.0,32.0,43.0,1.89,70.0,31.0,13.0,30.03,6.0
Sofia,April,Bulgaria,63.0,40.0,52.0,2.65,66.0,39.0,12.0,29.96,7.0
Sofia,May,Bulgaria,72.0,49.0,60.0,2.86,69.0,49.0,11.0,29.96,7.0
Sofia,June,Bulgaria,79.0,55.0,67.0,3.11,69.0,55.0,10.0,29.95,7.0
Sofia,July,Bulgaria,84.0,59.0,71.0,2.71,63.0,56.0,11.0,29.93,7.0
Sofia,August,Bulgaria,85.0,58.0,72.0,2.16,61.0,55.0,10.0,29.96,7.0
Sofia,September,Bulgaria,76.0,51.0,63.0,2.59,67.0,50.0,10.0,30.02,7.0
Sofia,October,Bulgaria,65.0,42.0,54.0,2.36,76.0,44.0,10.0,30.11,6.0
Sofia,November,Bulgaria,53.0,34.0,43.0,1.48,82.0,37.0,10.0,30.13,5.0
Sofia,December,Bulgaria,41.0,26.0,34.0,1.71,86.0,29.0,10.0,30.17,4.0
Bucharest,January,Romania,37.0,23.0,30.0,2.16,88.0,27.0,10.0,30.13,4.0
Bucharest,February,Romania,44.0,26.0,35.0,1.33,81.0,29.0,11.0,30.09,5.0
Bucharest,March,Romania,54.0,32.0,43.0,1.94,71.0,33.0,12.0,30.02,6.0
Bucharest,April,Romania,65.0,41.0,53.0,1.85,67.0,41.0,11.0,29.96,6.0
Bucharest,May,Romania,76.0,50.0,63.0,2.53,68.0,51.0,10.0,29.95,6.0
Bucharest,June,Romania,83.0,57.0,70.0,3.2,68.0,58.0,9.0,29.93,7.0
Bucharest,July,Romania,87.0,60.0,74.0,2.42,64.0,60.0,8.0,29.91,7.0
Bucharest,August,Romania,87.0,59.0,73.0,1.88,62.0,58.0,8.0,29.95,7.0
Bucharest,September,Romania,77.0,51.0,64.0,2.39,68.0,52.0,8.0,30.02,6.0
Bucharest,October,Romania,64.0,42.0,53.0,2.29,79.0,46.0,8.0,30.11,6.0
Bucharest,November,Romania,51.0,34.0,43.0,1.55,85.0,38.0,9.0,30.12,5.0
Bucharest,December,Romania,40.0,27.0,33.0,1.82,89.0,30.0,10.0,30.14,4.0
Lagos,January,Nigeria,93.0,74.0,83.0,2.41,74.0,73.0,8.0,29.87,4.0
Lagos,February,Nigeria,93.0,77.0,85.0,1.9,78.0,76.0,10.0,29.84,5.0
Lagos,March,Nigeria,92.0,78.0,85.0,3.17,80.0,77.0,11.0,29.84,6.0
Lagos,April,Nigeria,92.0,77.0,84.0,3.53,81.0,77.0,10.0,29.85,6.0
Lagos,May,Nigeria,90.0,76.0,83.0,7.27,83.0,77.0,8.0,29.88,6.0
Lagos,June,Nigeria,86.0,74.0,80.0,7.81,87.0,75.0,8.0,29.93,5.0
Lagos,July,Nigeria,84.0,74.0,79.0,7.43,87.0,74.0,10.0,29.95,6.0
Lagos,August,Nigeria,84.0,74.0,79.0,2.93,86.0,73.0,12.0,29.94,6.0
Lagos,September,Nigeria,85.0,74.0,80.0,5.92,87.0,75.0,11.0,29.92,6.0
Lagos,October,Nigeria,87.0,75.0,81.0,7.52,87.0,76.0,9.0,29.88,6.0
Lagos,November,Nigeria,90.0,76.0,83.0,6.4,84.0,77.0,8.0,29.85,5.0
Lagos,December,Nigeria,92.0,75.0,84.0,1.16,78.0,74.0,8.0,29.87,4.0
St. John's,January,Canada,32.0,19.0,25.0,5.9,84.0,21.0,29.0,29.79,10.0
St. John's,February,Canada,31.0,18.0,25.0,4.91,82.0,20.0,30.0,29.81,10.0
St. John's,March,Canada,34.0,22.0,28.0,5.24,82.0,23.0,28.0,29.87,10.0
St. John's,April,Canada,42.0,29.0,35.0,4.71,83.0,29.0,25.0,29.92,10.0
St. John's,May,Canada,52.0,35.0,43.0,3.81,82.0,36.0,23.0,29.98,10.0
St. John's,June,Canada,61.0,43.0,52.0,3.61,82.0,45.0,22.0,29.95,11.0
St. John's,July,Canada,70.0,52.0,61.0,4.01,82.0,54.0,22.0,29.97,11.0
St. John's,August,Canada,70.0,54.0,62.0,3.88,83.0,56.0,22.0,29.98,12.0
St. John's,September,Canada,63.0,47.0,55.0,4.75,84.0,50.0,23.0,30.0,12.0
St. John's,October,Canada,52.0,40.0,46.0,6.02,85.0,41.0,24.0,29.95,12.0
St. John's,November,Canada,44.0,32.0,38.0,6.04,84.0,33.0,27.0,29.95,11.0
St. John's,December,Canada,36.0,25.0,31.0,6.66,85.0,26.0,29.0,29.83,10.0
Budapest,January,Hungary,37.0,26.0,32.0,1.39,88.0,28.0,12.0,30.12,4.0
Budapest,February,Hungary,43.0,29.0,36.0,1.38,82.0,29.0,13.0,30.08,5.0
Budapest,March,Hungary,52.0,35.0,44.0,1.52,71.0,33.0,15.0,30.03,6.0
Budapest,April,Hungary,64.0,44.0,54.0,1.72,65.0,40.0,15.0,29.94,6.0
Budapest,May,Hungary,72.0,52.0,62.0,3.0,68.0,50.0,13.0,29.96,6.0
Budapest,June,Hungary,79.0,59.0,69.0,3.12,68.0,56.0,13.0,29.97,6.0
Budapest,July,Hungary,83.0,62.0,72.0,3.32,66.0,58.0,13.0,29.95,6.0
Budapest,August,Hungary,83.0,61.0,72.0,2.43,67.0,58.0,11.0,29.98,6.0
Budapest,September,Hungary,72.0,53.0,63.0,3.24,72.0,51.0,12.0,30.03,6.0
Budapest,October,Hungary,61.0,44.0,53.0,2.12,80.0,45.0,11.0,30.09,5.0
Budapest,November,Hungary,49.0,36.0,42.0,1.82,86.0,38.0,12.0,30.08,5.0
Budapest,December,Hungary,38.0,28.0,33.0,1.7,89.0,30.0,11.0,30.12,4.0
Lahore,January,Pakistan,65.0,44.0,55.0,1.59,71.0,43.0,6.0,30.05,2.0
Lahore,February,Pakistan,72.0,51.0,61.0,1.58,64.0,47.0,8.0,29.98,3.0
Lahore,March,Pakistan,82.0,59.0,71.0,2.47,57.0,52.0,9.0,29.89,3.0
Lahore,April,Pakistan,94.0,69.0,82.0,1.49,44.0,55.0,10.0,29.76,4.0
Lahore,May,Pakistan,103.0,78.0,90.0,1.88,37.0,59.0,12.0,29.6,3.0
Lahore,June,Pakistan,102.0,81.0,91.0,3.94,49.0,68.0,13.0,29.49,3.0
Lahore,July,Pakistan,96.0,80.0,88.0,11.56,70.0,76.0,12.0,29.48,3.0
Lahore,August,Pakistan,94.0,80.0,87.0,8.07,74.0,77.0,9.0,29.55,3.0
Lahore,September,Pakistan,94.0,77.0,85.0,5.28,70.0,72.0,7.0,29.68,3.0
Lahore,October,Pakistan,90.0,68.0,79.0,0.92,61.0,61.0,5.0,29.85,3.0
Lahore,November,Pakistan,80.0,56.0,68.0,0.91,62.0,51.0,4.0,29.98,2.0
Lahore,December,Pakistan,70.0,47.0,58.0,0.87,68.0,45.0,4.0,30.05,2.0
Stockholm,January,Sweden,34.0,26.0,30.0,1.33,86.0,26.0,14.0,29.84,8.0
Stockholm,February,Sweden,35.0,25.0,30.0,1.09,83.0,25.0,14.0,29.87,8.0
Stockholm,March,Sweden,41.0,29.0,35.0,0.94,75.0,27.0,14.0,29.89,8.0
Stockholm,April,Sweden,51.0,34.0,43.0,1.04,65.0,31.0,14.0,29.93,9.0
Stockholm,May,Sweden,62.0,43.0,52.0,1.18,63.0,39.0,14.0,29.96,10.0
Stockholm,June,Sweden,69.0,51.0,60.0,1.92,64.0,47.0,14.0,29.9,10.0
Stockholm,July,Sweden,74.0,57.0,65.0,2.09,68.0,53.0,13.0,29.87,10.0
Stockholm,August,Sweden,71.0,55.0,63.0,2.26,73.0,54.0,12.0,29.9,10.0
Stockholm,September,Sweden,62.0,48.0,55.0,1.72,78.0,48.0,13.0,29.95,9.0
Stockholm,October,Sweden,51.0,40.0,45.0,1.83,83.0,40.0,13.0,29.91,9.0
Stockholm,November,Sweden,42.0,34.0,38.0,1.64,87.0,34.0,14.0,29.87,8.0
Stockholm,December,Sweden,36.0,29.0,33.0,1.77,88.0,29.0,14.0,29.83,8.0
Buenos Aires,January,Argentina,85.0,69.0,77.0,4.53,67.0,64.0,19.0,29.88,6.0
Buenos Aires,February,Argentina,83.0,68.0,75.0,4.9,70.0,64.0,18.0,29.91,6.0
Buenos Aires,March,Argentina,79.0,66.0,72.0,4.49,72.0,62.0,17.0,29.96,6.0
Buenos Aires,April,Argentina,73.0,59.0,66.0,4.52,74.0,56.0,16.0,30.0,6.0
Buenos Aires,May,Argentina,66.0,54.0,60.0,3.64,76.0,51.0,15.0,30.07,6.0
Buenos Aires,June,Argentina,61.0,48.0,55.0,2.17,77.0,46.0,14.0,30.06,6.0
Buenos Aires,July,Argentina,59.0,46.0,53.0,2.66,76.0,44.0,15.0,30.1,6.0
Buenos Aires,August,Argentina,63.0,49.0,56.0,2.62,74.0,46.0,16.0,30.09,6.0
Buenos Aires,September,Argentina,66.0,52.0,59.0,3.01,72.0,49.0,19.0,30.07,6.0
Buenos Aires,October,Argentina,72.0,57.0,65.0,4.39,71.0,54.0,19.0,29.99,6.0
Buenos Aires,November,Argentina,78.0,62.0,70.0,3.81,67.0,57.0,20.0,29.93,6.0
Buenos Aires,December,Argentina,83.0,66.0,75.0,3.67,65.0,61.0,19.0,29.88,6.0
Las Vegas,January,USA,59.0,40.0,49.0,0.58,41.0,25.0,8.0,30.11,11.0
Las Vegas,February,USA,63.0,43.0,53.0,0.83,38.0,26.0,10.0,30.02,11.0
Las Vegas,March,USA,72.0,50.0,61.0,0.42,29.0,27.0,12.0,29.94,12.0
Las Vegas,April,USA,79.0,56.0,68.0,0.21,22.0,26.0,15.0,29.85,12.0
Las Vegas,May,USA,89.0,66.0,77.0,0.08,19.0,30.0,15.0,29.78,12.0
Las Vegas,June,USA,100.0,76.0,88.0,0.05,14.0,31.0,15.0,29.73,12.0
Las Vegas,July,USA,105.0,81.0,93.0,0.4,19.0,44.0,13.0,29.77,12.0
Las Vegas,August,USA,103.0,80.0,92.0,0.32,20.0,44.0,12.0,29.78,12.0
Las Vegas,September,USA,95.0,72.0,84.0,0.33,21.0,38.0,10.0,29.82,11.0
Las Vegas,October,USA,82.0,59.0,70.0,0.33,25.0,31.0,9.0,29.92,11.0
Las Vegas,November,USA,68.0,47.0,57.0,0.29,31.0,26.0,8.0,30.04,11.0
Las Vegas,December,USA,57.0,39.0,48.0,0.47,40.0,23.0,9.0,30.1,11.0
Suva,January,Fiji,87.0,74.0,81.0,12.71,85.0,75.0,9.0,29.77,20.0
Suva,February,Fiji,88.0,74.0,81.0,11.27,86.0,75.0,8.0,29.78,20.0
Suva,March,Fiji,87.0,74.0,81.0,13.46,87.0,75.0,7.0,29.81,19.0
Suva,April,Fiji,85.0,73.0,79.0,11.71,86.0,74.0,8.0,29.86,19.0
Suva,May,Fiji,83.0,71.0,77.0,8.72,86.0,71.0,8.0,29.91,18.0
Suva,June,Fiji,81.0,69.0,75.0,6.45,85.0,70.0,8.0,29.95,18.0
Suva,July,Fiji,80.0,68.0,74.0,5.32,84.0,68.0,9.0,29.96,18.0
Suva,August,Fiji,79.0,68.0,73.0,4.94,83.0,68.0,10.0,29.97,18.0
Suva,September,Fiji,80.0,69.0,75.0,6.53,83.0,69.0,11.0,29.97,18.0
Suva,October,Fiji,82.0,70.0,76.0,9.44,83.0,70.0,11.0,29.93,19.0
Suva,November,Fiji,84.0,72.0,78.0,9.05,84.0,72.0,10.0,29.87,20.0
Suva,December,Fiji,86.0,74.0,80.0,13.08,84.0,74.0,10.0,29.81,20.0
Cairo,January,Egypt,66.0,50.0,58.0,0.16,61.0,43.0,14.0,30.09,5.0
Cairo,February,Egypt,69.0,52.0,60.0,0.18,57.0,43.0,15.0,30.06,5.0
Cairo,March,Egypt,75.0,56.0,65.0,0.34,54.0,45.0,17.0,30.0,5.0
Cairo,April,Egypt,82.0,60.0,71.0,0.07,49.0,48.0,18.0,29.94,6.0
Cairo,May,Egypt,90.0,67.0,78.0,0.07,47.0,54.0,17.0,29.89,6.0
Cairo,June,Egypt,94.0,72.0,83.0,0.0,51.0,60.0,17.0,29.84,6.0
Cairo,July,Egypt,95.0,75.0,85.0,0.0,58.0,66.0,15.0,29.77,6.0
Cairo,August,Egypt,95.0,76.0,86.0,0.07,60.0,68.0,14.0,29.79,5.0
Cairo,September,Egypt,92.0,73.0,83.0,0.0,59.0,64.0,15.0,29.89,6.0
Cairo,October,Egypt,86.0,68.0,77.0,0.09,61.0,60.0,14.0,29.97,5.0
Cairo,November,Egypt,77.0,60.0,69.0,0.28,62.0,54.0,12.0,30.03,5.0
Cairo,December,Egypt,69.0,53.0,61.0,0.24,63.0,47.0,13.0,30.1,5.0
Lima,January,Peru,80.0,68.0,74.0,0.53,80.0,66.0,16.0,29.89,6.0
Lima,February,Peru,82.0,69.0,76.0,0.16,79.0,67.0,15.0,29.86,6.0
Lima,March,Peru,81.0,69.0,75.0,0.31,79.0,66.0,14.0,29.86,6.0
Lima,April,Peru,77.0,65.0,71.0,0.04,82.0,64.0,13.0,29.89,5.0
Lima,May,Peru,72.0,63.0,68.0,0.03,83.0,61.0,12.0,29.93,5.0
Lima,June,Peru,69.0,61.0,65.0,0.06,83.0,59.0,11.0,29.96,5.0
Lima,July,Peru,67.0,60.0,64.0,0.06,83.0,57.0,12.0,29.97,5.0
Lima,August,Peru,66.0,59.0,63.0,0.04,83.0,56.0,12.0,29.98,5.0
Lima,September,Peru,67.0,59.0,63.0,0.04,83.0,57.0,13.0,29.97,5.0
Lima,October,Peru,69.0,60.0,65.0,0.09,82.0,58.0,14.0,29.96,6.0
Lima,November,Peru,72.0,62.0,67.0,0.11,81.0,60.0,15.0,29.94,6.0
Lima,December,Peru,76.0,65.0,70.0,0.14,81.0,63.0,16.0,29.91,6.0
Sydney,January,Australia,81.0,68.0,75.0,3.19,71.0,63.0,24.0,29.93,8.0
Sydney,February,Australia,80.0,68.0,74.0,4.79,73.0,64.0,23.0,29.96,8.0
Sydney,March,Australia,78.0,65.0,72.0,4.21,72.0,61.0,22.0,30.04,8.0
Sydney,April,Australia,74.0,59.0,67.0,3.77,71.0,56.0,19.0,30.12,8.0
Sydney,May,Australia,69.0,54.0,61.0,3.53,69.0,50.0,19.0,30.13,9.0
Sydney,June,Australia,65.0,49.0,57.0,4.48,70.0,46.0,19.0,30.14,9.0
Sydney,July,Australia,64.0,47.0,56.0,2.72,65.0,43.0,19.0,30.12,9.0
Sydney,August,Australia,66.0,49.0,58.0,2.6,60.0,42.0,21.0,30.1,9.0
Sydney,September,Australia,71.0,53.0,62.0,2.32,61.0,47.0,22.0,30.04,9.0
Sydney,October,Australia,74.0,58.0,66.0,2.27,64.0,51.0,23.0,30.02,9.0
Sydney,November,Australia,76.0,62.0,69.0,2.94,68.0,56.0,24.0,29.97,8.0
Sydney,December,Australia,79.0,65.0,72.0,2.48,69.0,60.0,25.0,29.92,8.0
Calgary,January,Canada,31.0,9.0,20.0,0.36,64.0,10.0,15.0,30.05,19.0
Calgary,February,Canada,32.0,11.0,21.0,0.45,65.0,11.0,15.0,30.06,19.0
Calgary,March,Canada,40.0,19.0,30.0,0.67,63.0,17.0,16.0,30.02,19.0
Calgary,April,Canada,52.0,28.0,40.0,1.07,58.0,24.0,17.0,29.99,22.0
Calgary,May,Canada,62.0,38.0,50.0,2.24,57.0,33.0,18.0,29.99,24.0
Calgary,June,Canada,68.0,46.0,57.0,3.88,63.0,43.0,17.0,29.94,25.0
Calgary,July,Canada,75.0,50.0,62.0,2.42,63.0,49.0,16.0,29.99,24.0
Calgary,August,Canada,74.0,48.0,61.0,1.99,61.0,46.0,15.0,30.0,21.0
Calgary,September,Canada,65.0,40.0,53.0,1.3,60.0,38.0,15.0,30.01,23.0
Calgary,October,Canada,53.0,30.0,42.0,0.66,61.0,27.0,16.0,30.02,22.0
Calgary,November,Canada,40.0,19.0,29.0,0.58,65.0,18.0,15.0,30.01,19.0
Calgary,December,Canada,31.0,10.0,21.0,0.5,66.0,10.0,15.0,30.03,19.0
Lisbon,January,Portugal,58.0,47.0,53.0,2.74,84.0,47.0,14.0,30.2,6.0
Lisbon,February,Portugal,60.0,48.0,54.0,1.96,80.0,47.0,15.0,30.18,6.0
Lisbon,March,Portugal,65.0,51.0,58.0,1.82,74.0,48.0,16.0,30.09,6.0
Lisbon,April,Portugal,67.0,54.0,60.0,1.96,74.0,50.0,17.0,30.0,6.0
Lisbon,May,Portugal,72.0,57.0,65.0,1.56,70.0,53.0,18.0,30.02,6.0
Lisbon,June,Portugal,78.0,62.0,70.0,0.37,67.0,56.0,19.0,30.04,6.0
Lisbon,July,Portugal,82.0,64.0,73.0,0.09,65.0,58.0,21.0,30.04,6.0
Lisbon,August,Portugal,83.0,65.0,74.0,0.34,65.0,59.0,20.0,30.02,6.0
Lisbon,September,Portugal,80.0,63.0,71.0,1.04,69.0,58.0,16.0,30.03,6.0
Lisbon,October,Portugal,73.0,59.0,66.0,2.74,76.0,57.0,15.0,30.03,6.0
Lisbon,November,Portugal,64.0,53.0,58.0,3.05,82.0,52.0,14.0,30.09,6.0
Lisbon,December,Portugal,59.0,49.0,54.0,3.37,85.0,49.0,14.0,30.18,6.0
Taipei,January,Taiwan,67.0,57.0,62.0,2.24,78.0,55.0,15.0,30.15,6.0
Taipei,February,Taiwan,69.0,58.0,63.0,2.7,79.0,56.0,14.0,30.11,5.0
Taipei,March,Taiwan,73.0,61.0,67.0,1.99,78.0,59.0,14.0,30.04,5.0
Taipei,April,Taiwan,79.0,67.0,73.0,2.21,78.0,64.0,14.0,29.94,5.0
Taipei,May,Taiwan,85.0,73.0,79.0,2.94,77.0,70.0,13.0,29.82,6.0
Taipei,June,Taiwan,90.0,78.0,84.0,3.25,76.0,75.0,11.0,29.73,6.0
Taipei,July,Taiwan,94.0,80.0,87.0,3.42,72.0,76.0,12.0,29.71,6.0
Taipei,August,Taiwan,93.0,80.0,86.0,5.51,74.0,76.0,12.0,29.71,6.0
Taipei,September,Taiwan,89.0,77.0,83.0,4.92,75.0,73.0,15.0,29.81,6.0
Taipei,October,Taiwan,82.0,72.0,77.0,3.43,75.0,68.0,17.0,29.97,6.0
Taipei,November,Taiwan,77.0,67.0,72.0,2.73,78.0,64.0,17.0,30.06,6.0
Taipei,December,Taiwan,70.0,61.0,65.0,2.86,77.0,57.0,16.0,30.15,6.0
Canberra,January,Australia,85.0,57.0,71.0,2.23,59.0,52.0,15.0,29.91,11.0
Canberra,February,Australia,82.0,56.0,69.0,2.44,64.0,53.0,14.0,29.96,11.0
Canberra,March,Australia,77.0,52.0,64.0,1.82,66.0,50.0,12.0,30.04,11.0
Canberra,April,Australia,70.0,44.0,57.0,1.16,70.0,45.0,11.0,30.14,11.0
Canberra,May,Australia,62.0,37.0,49.0,1.16,75.0,40.0,11.0,30.17,10.0
Canberra,June,Australia,56.0,34.0,45.0,1.9,80.0,38.0,12.0,30.19,10.0
Canberra,July,Australia,54.0,32.0,43.0,1.48,79.0,36.0,13.0,30.16,10.0
Canberra,August,Australia,57.0,33.0,45.0,1.71,73.0,35.0,15.0,30.13,11.0
Canberra,September,Australia,63.0,38.0,51.0,2.16,68.0,39.0,16.0,30.06,11.0
Canberra,October,Australia,69.0,43.0,56.0,1.94,65.0,43.0,15.0,30.03,11.0
Canberra,November,Australia,75.0,49.0,62.0,2.73,63.0,47.0,15.0,29.96,11.0
Canberra,December,Australia,81.0,54.0,67.0,2.4,59.0,49.0,15.0,29.9,10.0
London,January,UK,47.0,35.0,41.0,2.42,84.0,37.0,17.0,29.96,6.0
London,February,UK,48.0,35.0,42.0,1.9,78.0,35.0,19.0,29.98,6.0
London,March,UK,53.0,38.0,45.0,1.55,73.0,37.0,18.0,30.01,6.0
London,April,UK,58.0,40.0,49.0,1.43,67.0,39.0,16.0,29.99,7.0
London,May,UK,64.0,46.0,55.0,1.6,68.0,45.0,16.0,29.99,7.0
London,June,UK,70.0,53.0,61.0,1.81,69.0,51.0,17.0,30.01,7.0
London,July,UK,75.0,57.0,66.0,1.62,67.0,54.0,15.0,30.0,7.0
London,August,UK,73.0,55.0,64.0,2.29,71.0,54.0,15.0,29.99,7.0
London,September,UK,68.0,50.0,59.0,1.75,75.0,51.0,14.0,30.04,7.0
London,October,UK,60.0,46.0,53.0,2.95,82.0,48.0,16.0,29.96,6.0
London,November,UK,52.0,39.0,46.0,2.5,85.0,42.0,15.0,29.92,6.0
London,December,UK,50.0,38.0,44.0,2.73,85.0,40.0,17.0,29.97,6.0
Tallinn,January,Estonia,31.0,21.0,26.0,2.76,90.0,23.0,17.0,29.85,6.0
Tallinn,February,Estonia,33.0,22.0,28.0,3.49,88.0,25.0,17.0,29.91,6.0
Tallinn,March,Estonia,40.0,25.0,32.0,3.23,78.0,26.0,18.0,29.9,7.0
Tallinn,April,Estonia,50.0,32.0,41.0,1.66,70.0,31.0,18.0,29.9,9.0
Tallinn,May,Estonia,63.0,40.0,52.0,1.52,66.0,40.0,16.0,29.96,8.0
Tallinn,June,Estonia,70.0,49.0,59.0,2.73,70.0,50.0,17.0,29.91,7.0
Tallinn,July,Estonia,73.0,55.0,64.0,2.35,73.0,55.0,16.0,29.88,7.0
Tallinn,August,Estonia,71.0,53.0,62.0,4.11,77.0,55.0,15.0,29.94,7.0
Tallinn,September,Estonia,63.0,47.0,55.0,2.36,82.0,49.0,16.0,29.96,6.0
Tallinn,October,Estonia,51.0,38.0,44.0,3.2,85.0,40.0,17.0,29.96,6.0
Tallinn,November,Estonia,42.0,33.0,38.0,2.64,90.0,35.0,18.0,29.9,6.0
Tallinn,December,Estonia,36.0,27.0,31.0,2.25,89.0,29.0,19.0,29.83,6.0
Cape Town,January,South Africa,82.0,62.0,72.0,0.47,67.0,58.0,27.0,29.92,10.0
Cape Town,February,South Africa,83.0,62.0,72.0,0.48,68.0,59.0,25.0,29.92,10.0
Cape Town,March,South Africa,80.0,59.0,70.0,0.75,71.0,57.0,22.0,29.96,10.0
Cape Town,April,South Africa,76.0,54.0,65.0,1.83,74.0,54.0,18.0,30.02,9.0
Cape Town,May,South Africa,70.0,50.0,60.0,2.15,80.0,52.0,16.0,30.06,8.0
Cape Town,June,South Africa,66.0,46.0,56.0,3.19,79.0,48.0,16.0,30.13,8.0
Cape Town,July,South Africa,65.0,45.0,55.0,3.1,78.0,47.0,16.0,30.17,9.0
Cape Town,August,South Africa,66.0,46.0,56.0,2.74,78.0,47.0,17.0,30.13,9.0
Cape Town,September,South Africa,68.0,49.0,59.0,1.65,75.0,49.0,19.0,30.09,9.0
Cape Town,October,South Africa,74.0,53.0,63.0,1.21,70.0,51.0,22.0,30.04,10.0
Cape Town,November,South Africa,76.0,56.0,66.0,1.19,67.0,53.0,24.0,29.99,10.0
Cape Town,December,South Africa,80.0,60.0,70.0,0.77,67.0,56.0,26.0,29.94,10.0
Los Angeles,January,USA,69.0,49.0,59.0,3.37,59.0,42.0,3.0,30.08,10.0
Los Angeles,February,USA,68.0,50.0,59.0,3.57,62.0,44.0,4.0,30.05,10.0
Los Angeles,March,USA,70.0,53.0,62.0,2.09,64.0,47.0,4.0,30.02,9.0
Los Angeles,April,USA,73.0,55.0,64.0,0.69,64.0,49.0,5.0,29.98,10.0
Los Angeles,May,USA,74.0,59.0,66.0,0.35,68.0,54.0,5.0,29.94,9.0
Los Angeles,June,USA,78.0,62.0,70.0,0.09,69.0,57.0,5.0,29.9,9.0
Los Angeles,July,USA,83.0,65.0,74.0,0.04,68.0,61.0,4.0,29.92,9.0
Los Angeles,August,USA,85.0,66.0,75.0,0.07,67.0,61.0,4.0,29.9,9.0
Los Angeles,September,USA,83.0,64.0,74.0,0.14,66.0,60.0,4.0,29.88,9.0
Los Angeles,October,USA,79.0,60.0,70.0,0.62,63.0,54.0,3.0,29.94,9.0
Los Angeles,November,USA,73.0,54.0,63.0,0.85,57.0,46.0,3.0,30.03,9.0
Los Angeles,December,USA,68.0,49.0,58.0,2.52,57.0,41.0,3.0,30.08,10.0
Tashkent,January,Uzbekistan,45.0,30.0,38.0,2.26,74.0,28.0,8.0,30.25,5.0
Tashkent,February,Uzbekistan,50.0,33.0,41.0,3.03,69.0,29.0,9.0,30.19,6.0
Tashkent,March,Uzbekistan,61.0,42.0,51.0,2.84,62.0,36.0,10.0,30.08,6.0
Tashkent,April,Uzbekistan,72.0,50.0,61.0,2.58,57.0,44.0,10.0,29.99,7.0
Tashkent,May,Uzbekistan,83.0,58.0,71.0,1.51,49.0,49.0,10.0,29.88,9.0
Tashkent,June,Uzbekistan,93.0,65.0,79.0,0.6,36.0,49.0,11.0,29.71,9.0
Tashkent,July,Uzbekistan,97.0,68.0,83.0,0.13,33.0,50.0,10.0,29.64,8.0
Tashkent,August,Uzbekistan,95.0,65.0,80.0,0.12,35.0,49.0,10.0,29.71,7.0
Tashkent,September,Uzbekistan,85.0,56.0,71.0,0.25,39.0,43.0,9.0,29.91,6.0
Tashkent,October,Uzbekistan,72.0,47.0,59.0,1.0,53.0,39.0,8.0,30.13,6.0
Tashkent,November,Uzbekistan,58.0,39.0,48.0,2.13,67.0,35.0,7.0,30.23,5.0
Tashkent,December,Uzbekistan,48.0,32.0,40.0,2.39,75.0,30.0,7.0,30.29,5.0
Caracas,January,Venezuela,84.0,69.0,76.0,1.0,74.0,66.0,6.0,29.92,7.0
Caracas,February,Venezuela,84.0,69.0,76.0,0.52,73.0,66.0,7.0,29.93,7.0
Caracas,March,Venezuela,85.0,70.0,78.0,0.63,72.0,67.0,7.0,29.91,7.0
Caracas,April,Venezuela,86.0,72.0,79.0,1.84,73.0,68.0,7.0,29.89,7.0
Caracas,May,Venezuela,87.0,73.0,80.0,2.94,74.0,70.0,7.0,29.89,7.0
Caracas,June,Venezuela,86.0,73.0,79.0,4.42,75.0,69.0,7.0,29.92,7.0
Caracas,July,Venezuela,85.0,72.0,79.0,4.69,75.0,69.0,7.0,29.93,7.0
Caracas,August,Venezuela,86.0,72.0,79.0,5.29,75.0,69.0,7.0,29.91,7.0
Caracas,September,Venezuela,87.0,73.0,80.0,4.58,75.0,70.0,6.0,29.88,7.0
Caracas,October,Venezuela,87.0,73.0,80.0,4.98,74.0,69.0,6.0,29.85,7.0
Caracas,November,Venezuela,85.0,72.0,79.0,3.9,77.0,70.0,6.0,29.85,7.0
Caracas,December,Venezuela,85.0,71.0,78.0,2.24,75.0,68.0,6.0,29.89,7.0
Madrid,January,Spain,51.0,36.0,44.0,1.28,71.0,34.0,10.0,30.2,6.0
Madrid,February,Spain,55.0,37.0,46.0,1.34,62.0,34.0,11.0,30.17,7.0
Madrid,March,Spain,62.0,42.0,52.0,1.32,54.0,35.0,13.0,30.08,8.0
Madrid,April,Spain,66.0,46.0,56.0,1.7,53.0,39.0,13.0,29.96,8.0
Madrid,May,Spain,75.0,52.0,63.0,1.72,48.0,43.0,12.0,29.97,8.0
Madrid,June,Spain,86.0,61.0,73.0,0.73,39.0,47.0,12.0,29.96,8.0
Madrid,July,Spain,93.0,66.0,79.0,0.34,34.0,48.0,12.0,29.94,9.0
Madrid,August,Spain,91.0,66.0,78.0,0.39,36.0,49.0,11.0,29.94,9.0
Madrid,September,Spain,82.0,59.0,70.0,1.01,45.0,47.0,10.0,30.0,8.0
Madrid,October,Spain,70.0,51.0,60.0,2.44,59.0,45.0,9.0,30.04,7.0
Madrid,November,Spain,58.0,42.0,50.0,2.08,69.0,40.0,10.0,30.09,7.0
Madrid,December,Spain,52.0,37.0,45.0,1.7,73.0,36.0,9.0,30.19,6.0
Tegucigalpa,January,Honduras,81.0,57.0,69.0,0.42,73.0,58.0,15.0,29.97,7.0
Tegucigalpa,February,Honduras,84.0,58.0,71.0,0.2,67.0,57.0,14.0,29.95,7.0
Tegucigalpa,March,Honduras,87.0,59.0,73.0,0.62,62.0,57.0,14.0,29.92,7.0
Tegucigalpa,April,Honduras,89.0,63.0,76.0,1.81,62.0,60.0,12.0,29.88,6.0
Tegucigalpa,May,Honduras,87.0,65.0,76.0,4.8,71.0,64.0,10.0,29.87,6.0
Tegucigalpa,June,Honduras,85.0,65.0,75.0,6.18,78.0,65.0,9.0,29.89,6.0
Tegucigalpa,July,Honduras,84.0,64.0,74.0,3.05,75.0,64.0,12.0,29.93,6.0
Tegucigalpa,August,Honduras,85.0,64.0,75.0,4.41,75.0,64.0,10.0,29.91,6.0
Tegucigalpa,September,Honduras,85.0,64.0,74.0,5.1,79.0,65.0,8.0,29.88,6.0
Tegucigalpa,October,Honduras,83.0,63.0,73.0,6.24,82.0,65.0,10.0,29.88,6.0
Tegucigalpa,November,Honduras,80.0,61.0,70.0,2.85,80.0,62.0,15.0,29.93,6.0
Tegucigalpa,December,Honduras,80.0,59.0,69.0,0.84,76.0,60.0,15.0,29.96,7.0
Casablanca,January,Morocco,64.0,48.0,56.0,2.69,82.0,50.0,9.0,30.2,5.0
Casablanca,February,Morocco,65.0,50.0,57.0,1.75,80.0,51.0,10.0,30.15,5.0
Casablanca,March,Morocco,67.0,53.0,60.0,1.53,79.0,53.0,12.0,30.06,5.0
Casablanca,April,Morocco,69.0,56.0,63.0,1.37,77.0,55.0,13.0,29.99,5.0
Casablanca,May,Morocco,72.0,61.0,67.0,0.66,76.0,59.0,13.0,29.99,5.0
Casablanca,June,Morocco,76.0,66.0,71.0,0.11,77.0,63.0,13.0,30.01,5.0
Casablanca,July,Morocco,78.0,69.0,74.0,0.14,79.0,66.0,13.0,29.99,5.0
Casablanca,August,Morocco,80.0,70.0,75.0,0.02,80.0,68.0,12.0,29.98,5.0
Casablanca,September,Morocco,78.0,67.0,73.0,0.41,80.0,66.0,11.0,30.0,5.0
Casablanca,October,Morocco,76.0,62.0,69.0,1.51,80.0,62.0,10.0,30.02,5.0
Casablanca,November,Morocco,70.0,55.0,62.0,2.95,79.0,55.0,10.0,30.07,5.0
Casablanca,December,Morocco,66.0,51.0,58.0,2.4,81.0,52.0,9.0,30.17,5.0
Managua,January,Nicaragua,90.0,70.0,80.0,0.45,67.0,67.0,14.0,29.89,7.0
Managua,February,Nicaragua,91.0,71.0,81.0,0.36,64.0,67.0,16.0,29.88,7.0
Managua,March,Nicaragua,93.0,72.0,83.0,0.33,60.0,67.0,16.0,29.86,7.0
Managua,April,Nicaragua,95.0,75.0,85.0,1.13,60.0,69.0,15.0,29.84,6.0
Managua,May,Nicaragua,92.0,76.0,84.0,4.91,71.0,72.0,11.0,29.83,6.0
Managua,June,Nicaragua,89.0,75.0,82.0,6.52,79.0,73.0,9.0,29.84,6.0
Managua,July,Nicaragua,89.0,74.0,82.0,5.92,78.0,73.0,11.0,29.86,6.0
Managua,August,Nicaragua,90.0,74.0,82.0,6.15,78.0,73.0,10.0,29.85,6.0
Managua,September,Nicaragua,89.0,74.0,82.0,7.12,81.0,74.0,8.0,29.84,6.0
Managua,October,Nicaragua,88.0,74.0,81.0,6.96,82.0,73.0,7.0,29.83,6.0
Managua,November,Nicaragua,89.0,72.0,81.0,2.48,76.0,71.0,9.0,29.84,7.0
Managua,December,Nicaragua,89.0,71.0,80.0,0.61,71.0,69.0,12.0,29.87,7.0
Tehran,January,Iran,48.0,34.0,41.0,1.28,57.0,25.0,9.0,30.12,5.0
Tehran,February,Iran,53.0,38.0,45.0,1.36,50.0,26.0,11.0,30.04,5.0
Tehran,March,Iran,62.0,45.0,53.0,1.45,41.0,28.0,14.0,29.93,6.0
Tehran,April,Iran,73.0,55.0,64.0,1.36,37.0,35.0,14.0,29.85,6.0
Tehran,May,Iran,83.0,64.0,74.0,0.51,30.0,38.0,15.0,29.77,6.0
Tehran,June,Iran,94.0,73.0,84.0,0.32,23.0,40.0,14.0,29.59,6.0
Tehran,July,Iran,99.0,78.0,88.0,0.26,24.0,45.0,13.0,29.51,6.0
Tehran,August,Iran,97.0,77.0,87.0,0.19,25.0,45.0,11.0,29.6,6.0
Tehran,September,Iran,89.0,70.0,80.0,0.16,27.0,40.0,10.0,29.74,6.0
Tehran,October,Iran,77.0,59.0,68.0,0.5,35.0,37.0,10.0,29.96,6.0
Tehran,November,Iran,61.0,46.0,53.0,1.24,50.0,33.0,8.0,30.09,5.0
Tehran,December,Iran,51.0,38.0,44.0,1.23,58.0,29.0,7.0,30.16,4.0
Chicago,January,USA,33.0,20.0,26.0,1.75,74.0,19.0,18.0,30.12,8.0
Chicago,February,USA,36.0,22.0,29.0,1.76,70.0,20.0,18.0,30.12,9.0
Chicago,March,USA,47.0,31.0,39.0,2.14,65.0,28.0,18.0,30.1,9.0
Chicago,April,USA,59.0,41.0,50.0,3.49,60.0,36.0,18.0,29.99,9.0
Chicago,May,USA,71.0,51.0,61.0,4.0,62.0,47.0,16.0,29.98,10.0
Chicago,June,USA,81.0,62.0,72.0,4.09,63.0,58.0,14.0,29.93,9.0
Chicago,July,USA,85.0,68.0,76.0,3.47,63.0,62.0,13.0,29.96,10.0
Chicago,August,USA,83.0,67.0,75.0,3.94,66.0,62.0,12.0,29.99,9.0
Chicago,September,USA,76.0,59.0,68.0,2.73,63.0,54.0,14.0,30.02,10.0
Chicago,October,USA,63.0,47.0,55.0,3.5,64.0,43.0,16.0,30.04,10.0
Chicago,November,USA,49.0,35.0,42.0,2.25,67.0,32.0,17.0,30.1,9.0
Chicago,December,USA,38.0,25.0,32.0,1.98,73.0,24.0,17.0,30.1,8.0
Manila,January,Philippines,87.0,71.0,79.0,2.31,74.0,69.0,5.0,29.9,5.0
Manila,February,Philippines,88.0,71.0,79.0,1.58,71.0,69.0,6.0,29.91,5.0
Manila,March,Philippines,91.0,73.0,82.0,1.7,67.0,70.0,6.0,29.89,5.0
Manila,April,Philippines,94.0,75.0,85.0,1.43,65.0,72.0,6.0,29.84,5.0
Manila,May,Philippines,94.0,77.0,86.0,6.16,71.0,75.0,5.0,29.81,5.0
Manila,June,Philippines,92.0,77.0,84.0,11.73,78.0,76.0,6.0,29.78,5.0
Manila,July,Philippines,89.0,76.0,83.0,19.63,82.0,76.0,6.0,29.76,5.0
Manila,August,Philippines,88.0,77.0,82.0,23.42,83.0,76.0,6.0,29.76,5.0
Manila,September,Philippines,89.0,76.0,83.0,17.62,82.0,76.0,6.0,29.77,5.0
Manila,October,Philippines,89.0,75.0,82.0,11.0,79.0,74.0,5.0,29.8,5.0
Manila,November,Philippines,89.0,74.0,82.0,3.67,77.0,73.0,5.0,29.84,5.0
Manila,December,Philippines,88.0,73.0,81.0,4.77,77.0,72.0,6.0,29.86,5.0
Tokyo,January,Japan,50.0,37.0,44.0,2.64,44.0,24.0,15.0,29.99,6.0
Tokyo,February,Japan,51.0,38.0,45.0,2.66,46.0,25.0,16.0,30.0,6.0
Tokyo,March,Japan,57.0,43.0,50.0,4.58,54.0,34.0,18.0,29.97,6.0
Tokyo,April,Japan,66.0,52.0,59.0,5.5,61.0,46.0,19.0,29.93,6.0
Tokyo,May,Japan,74.0,61.0,68.0,5.67,68.0,57.0,19.0,29.87,6.0
Tokyo,June,Japan,79.0,68.0,73.0,6.87,74.0,64.0,17.0,29.79,6.0
Tokyo,July,Japan,86.0,75.0,80.0,6.25,76.0,72.0,19.0,29.78,6.0
Tokyo,August,Japan,89.0,77.0,83.0,6.12,72.0,73.0,19.0,29.82,6.0
Tokyo,September,Japan,82.0,71.0,76.0,8.29,71.0,66.0,17.0,29.91,6.0
Tokyo,October,Japan,72.0,61.0,67.0,8.46,65.0,55.0,15.0,30.02,6.0
Tokyo,November,Japan,63.0,51.0,57.0,3.48,57.0,42.0,14.0,30.05,6.0
Tokyo,December,Japan,54.0,42.0,48.0,2.09,48.0,30.0,14.0,30.02,6.0
Copenhagen,January,Denmark,38.0,31.0,34.0,1.67,88.0,31.0,25.0,29.94,6.0
Copenhagen,February,Denmark,39.0,30.0,35.0,1.23,86.0,31.0,25.0,29.94,6.0
Copenhagen,March,Denmark,44.0,32.0,38.0,1.23,81.0,32.0,23.0,29.96,7.0
Copenhagen,April,Denmark,53.0,38.0,45.0,1.11,75.0,37.0,20.0,29.96,8.0
Copenhagen,May,Denmark,61.0,46.0,53.0,1.63,73.0,44.0,19.0,29.98,9.0
Copenhagen,June,Denmark,68.0,52.0,60.0,1.89,73.0,51.0,19.0,29.96,9.0
Copenhagen,July,Denmark,72.0,57.0,64.0,2.17,74.0,55.0,18.0,29.93,9.0
Copenhagen,August,Denmark,71.0,57.0,64.0,2.41,77.0,56.0,19.0,29.94,9.0
Copenhagen,September,Denmark,64.0,52.0,58.0,2.11,81.0,51.0,21.0,29.98,9.0
Copenhagen,October,Denmark,55.0,45.0,50.0,2.28,85.0,45.0,23.0,29.95,8.0
Copenhagen,November,Denmark,46.0,39.0,42.0,1.97,88.0,39.0,23.0,29.91,7.0
Copenhagen,December,Denmark,41.0,33.0,37.0,1.91,89.0,34.0,24.0,29.91,7.0
Melbourne,January,Australia,83.0,56.0,69.0,1.97,60.0,54.0,13.0,29.9,7.0
Melbourne,February,Australia,82.0,55.0,68.0,1.48,62.0,54.0,12.0,29.95,7.0
Melbourne,March,Australia,78.0,52.0,65.0,1.58,64.0,52.0,11.0,30.03,8.0
Melbourne,April,Australia,70.0,47.0,58.0,2.41,71.0,49.0,10.0,30.11,7.0
Melbourne,May,Australia,63.0,43.0,53.0,1.87,76.0,46.0,11.0,30.14,8.0
Melbourne,June,Australia,58.0,40.0,49.0,1.85,82.0,44.0,9.0,30.18,7.0
Melbourne,July,Australia,58.0,40.0,49.0,1.68,78.0,43.0,13.0,30.09,8.0
Melbourne,August,Australia,59.0,40.0,50.0,2.15,75.0,42.0,12.0,30.07,7.0
Melbourne,September,Australia,64.0,43.0,53.0,2.32,70.0,44.0,11.0,30.05,7.0
Melbourne,October,Australia,70.0,46.0,58.0,2.02,66.0,46.0,12.0,30.02,7.0
Melbourne,November,Australia,74.0,50.0,62.0,2.04,65.0,49.0,11.0,29.95,7.0
Melbourne,December,Australia,79.0,52.0,66.0,1.7,62.0,51.0,11.0,29.92,7.0
Toronto,January,Canada,31.0,16.0,23.0,2.32,76.0,17.0,20.0,30.04,11.0
Toronto,February,Canada,32.0,17.0,24.0,2.04,73.0,17.0,20.0,30.05,12.0
Toronto,March,Canada,41.0,25.0,33.0,1.87,67.0,23.0,20.0,30.05,13.0
Toronto,April,Canada,54.0,35.0,44.0,3.09,63.0,31.0,19.0,29.98,14.0
Toronto,May,Canada,67.0,46.0,56.0,2.94,64.0,43.0,17.0,29.98,14.0
Toronto,June,Canada,77.0,57.0,67.0,3.18,66.0,54.0,16.0,29.94,14.0
Toronto,July,Canada,82.0,62.0,72.0,3.03,66.0,59.0,16.0,29.95,14.0
Toronto,August,Canada,80.0,61.0,70.0,2.67,69.0,59.0,15.0,30.0,14.0
Toronto,September,Canada,73.0,53.0,63.0,2.75,72.0,53.0,15.0,30.04,14.0
Toronto,October,Canada,59.0,42.0,51.0,2.69,74.0,42.0,17.0,30.03,13.0
Toronto,November,Canada,46.0,32.0,39.0,2.65,75.0,32.0,18.0,30.05,13.0
Toronto,December,Canada,36.0,24.0,30.0,2.31,77.0,24.0,19.0,30.04,12.0
Dallas,January,USA,58.0,38.0,48.0,2.51,61.0,34.0,14.0,30.14,10.0
Dallas,February,USA,62.0,42.0,52.0,2.81,61.0,37.0,16.0,30.09,9.0
Dallas,March,USA,70.0,50.0,60.0,3.57,59.0,45.0,17.0,30.03,10.0
Dallas,April,USA,77.0,57.0,67.0,3.11,60.0,52.0,19.0,29.94,10.0
Dallas,May,USA,85.0,66.0,75.0,4.76,64.0,62.0,18.0,29.92,10.0
Dallas,June,USA,93.0,74.0,83.0,3.76,61.0,68.0,17.0,29.9,10.0
Dallas,July,USA,97.0,78.0,87.0,1.74,55.0,69.0,15.0,29.95,10.0
Dallas,August,USA,97.0,78.0,87.0,2.18,54.0,68.0,13.0,29.94,10.0
Dallas,September,USA,90.0,71.0,80.0,2.96,57.0,63.0,12.0,29.97,10.0
Dallas,October,USA,80.0,59.0,69.0,4.62,60.0,54.0,14.0,30.02,10.0
Dallas,November,USA,68.0,48.0,58.0,2.97,62.0,44.0,15.0,30.11,10.0
Dallas,December,USA,59.0,40.0,50.0,2.9,63.0,37.0,14.0,30.12,9.0
Mexico City,January,Mexico,71.0,43.0,57.0,0.63,49.0,36.0,10.0,29.89,8.0
Mexico City,February,Mexico,76.0,46.0,61.0,0.5,43.0,35.0,11.0,29.82,8.0
Mexico City,March,Mexico,79.0,49.0,64.0,0.93,40.0,36.0,12.0,29.76,8.0
Mexico City,April,Mexico,81.0,54.0,67.0,1.72,40.0,39.0,13.0,29.72,8.0
Mexico City,May,Mexico,81.0,55.0,68.0,3.06,46.0,44.0,13.0,29.72,7.0
Mexico City,June,Mexico,78.0,57.0,67.0,6.66,58.0,49.0,13.0,29.74,8.0
Mexico City,July,Mexico,75.0,56.0,65.0,6.99,64.0,51.0,12.0,29.82,8.0
Mexico City,August,Mexico,75.0,56.0,66.0,7.76,65.0,51.0,12.0,29.8,8.0
Mexico City,September,Mexico,74.0,56.0,65.0,6.71,67.0,51.0,12.0,29.78,8.0
Mexico City,October,Mexico,74.0,52.0,63.0,3.49,61.0,47.0,12.0,29.81,8.0
Mexico City,November,Mexico,73.0,47.0,60.0,1.08,56.0,42.0,11.0,29.88,7.0
Mexico City,December,Mexico,72.0,44.0,58.0,0.2,50.0,38.0,10.0,29.89,7.0
Vancouver,January,Canada,45.0,35.0,40.0,6.76,88.0,37.0,15.0,30.04,15.0
Vancouver,February,Canada,47.0,35.0,41.0,3.74,83.0,36.0,14.0,30.04,17.0
Vancouver,March,Canada,51.0,38.0,44.0,4.38,79.0,38.0,16.0,30.02,18.0
Vancouver,April,Canada,56.0,43.0,49.0,3.19,76.0,41.0,16.0,30.03,20.0
Vancouver,May,Canada,63.0,49.0,56.0,2.14,74.0,47.0,15.0,30.02,21.0
Vancouver,June,Canada,68.0,54.0,61.0,1.84,73.0,51.0,15.0,30.02,22.0
Vancouver,July,Canada,73.0,57.0,65.0,1.17,72.0,55.0,15.0,30.03,24.0
Vancouver,August,Canada,73.0,57.0,65.0,1.18,74.0,56.0,14.0,30.01,22.0
Vancouver,September,Canada,66.0,53.0,60.0,2.55,80.0,53.0,14.0,30.02,20.0
Vancouver,October,Canada,57.0,45.0,51.0,4.9,85.0,46.0,14.0,30.05,17.0
Vancouver,November,Canada,49.0,39.0,44.0,6.99,86.0,40.0,15.0,30.02,15.0
Vancouver,December,Canada,44.0,34.0,39.0,6.67,87.0,36.0,15.0,30.04,15.0
Dar es Salaam,January,Tanzania,90.0,77.0,83.0,2.39,78.0,75.0,20.0,29.85,12.0
Dar es Salaam,February,Tanzania,90.0,76.0,83.0,3.46,78.0,75.0,17.0,29.85,12.0
Dar es Salaam,March,Tanzania,90.0,75.0,82.0,6.01,82.0,75.0,11.0,29.85,12.0
Dar es Salaam,April,Tanzania,87.0,74.0,81.0,10.49,86.0,75.0,10.0,29.89,12.0
Dar es Salaam,May,Tanzania,86.0,72.0,79.0,5.64,83.0,72.0,12.0,29.96,13.0
Dar es Salaam,June,Tanzania,85.0,69.0,77.0,1.19,80.0,69.0,13.0,30.02,12.0
Dar es Salaam,July,Tanzania,85.0,67.0,76.0,1.25,79.0,67.0,14.0,30.05,13.0
Dar es Salaam,August,Tanzania,86.0,67.0,76.0,1.28,78.0,68.0,12.0,30.04,13.0
Dar es Salaam,September,Tanzania,87.0,68.0,77.0,0.89,77.0,68.0,12.0,30.01,13.0
Dar es Salaam,October,Tanzania,88.0,70.0,79.0,3.09,78.0,70.0,12.0,29.95,13.0
Dar es Salaam,November,Tanzania,89.0,73.0,81.0,5.27,80.0,73.0,12.0,29.89,12.0
Dar es Salaam,December,Tanzania,90.0,76.0,83.0,4.13,79.0,75.0,15.0,29.87,12.0
Miami,January,USA,77.0,61.0,69.0,1.83,71.0,59.0,13.0,30.12,9.0
Miami,February,USA,79.0,64.0,71.0,2.22,71.0,61.0,14.0,30.1,9.0
Miami,March,USA,81.0,66.0,74.0,2.37,67.0,61.0,15.0,30.07,9.0
Miami,April,USA,84.0,70.0,77.0,3.27,66.0,65.0,16.0,30.03,10.0
Miami,May,USA,87.0,74.0,80.0,6.32,67.0,68.0,14.0,30.01,9.0
Miami,June,USA,89.0,76.0,83.0,10.62,73.0,73.0,11.0,30.02,9.0
Miami,July,USA,91.0,78.0,84.0,7.41,71.0,74.0,11.0,30.05,9.0
Miami,August,USA,91.0,78.0,84.0,9.48,73.0,74.0,11.0,30.01,9.0
Miami,September,USA,89.0,77.0,83.0,10.11,75.0,74.0,11.0,29.96,9.0
Miami,October,USA,86.0,74.0,80.0,7.11,72.0,71.0,13.0,29.97,9.0
Miami,November,USA,82.0,69.0,75.0,3.69,71.0,65.0,13.0,30.04,9.0
Miami,December,USA,79.0,65.0,72.0,2.5,72.0,62.0,13.0,30.09,9.0
Vienna,January,Austria,38.0,28.0,33.0,1.04,82.0,27.0,19.0,30.13,6.0
Vienna,February,Austria,43.0,30.0,36.0,1.07,76.0,29.0,20.0,30.09,7.0
Vienna,March,Austria,51.0,34.0,43.0,1.32,69.0,32.0,20.0,30.05,8.0
Vienna,April,Austria,62.0,42.0,52.0,1.24,64.0,40.0,19.0,29.96,9.0
Vienna,May,Austria,69.0,51.0,60.0,2.11,68.0,48.0,18.0,29.98,9.0
Vienna,June,Austria,77.0,57.0,67.0,2.2,67.0,55.0,16.0,29.99,9.0
Vienna,July,Austria,80.0,60.0,70.0,2.71,65.0,57.0,17.0,29.97,10.0
Vienna,August,Austria,80.0,60.0,70.0,2.5,67.0,57.0,15.0,29.99,10.0
Vienna,September,Austria,70.0,53.0,61.0,1.88,73.0,51.0,16.0,30.04,9.0
Vienna,October,Austria,59.0,44.0,51.0,1.55,80.0,45.0,16.0,30.08,7.0
Vienna,November,Austria,47.0,37.0,42.0,1.13,84.0,37.0,18.0,30.07,6.0
Vienna,December,Austria,39.0,30.0,34.0,0.98,84.0,30.0,18.0,30.13,6.0
Darwin,January,Australia,90.0,77.0,83.0,16.06,81.0,76.0,17.0,29.72,9.0
Darwin,February,Australia,89.0,77.0,83.0,15.41,82.0,76.0,17.0,29.73,9.0
Darwin,March,Australia,90.0,77.0,83.0,11.13,80.0,75.0,14.0,29.77,9.0
Darwin,April,Australia,92.0,76.0,84.0,3.7,72.0,72.0,14.0,29.83,10.0
Darwin,May,Australia,90.0,72.0,81.0,0.73,63.0,65.0,15.0,29.88,10.0
Darwin,June,Australia,88.0,68.0,78.0,0.09,58.0,59.0,15.0,29.91,10.0
Darwin,July,Australia,88.0,67.0,77.0,0.04,59.0,59.0,15.0,29.93,10.0
Darwin,August,Australia,89.0,68.0,79.0,0.06,61.0,61.0,14.0,29.93,10.0
Darwin,September,Australia,92.0,73.0,82.0,0.64,66.0,68.0,15.0,29.89,9.0
Darwin,October,Australia,93.0,77.0,85.0,2.47,68.0,72.0,15.0,29.85,9.0
Darwin,November,Australia,93.0,78.0,85.0,5.32,72.0,74.0,14.0,29.79,9.0
Darwin,December,Australia,91.0,78.0,85.0,10.16,77.0,75.0,15.0,29.74,9.0
Minneapolis,January,USA,24.0,9.0,17.0,0.84,75.0,10.0,15.0,30.13,8.0
Minneapolis,February,USA,28.0,12.0,20.0,0.9,72.0,13.0,15.0,30.12,9.0
Minneapolis,March,USA,42.0,25.0,33.0,1.66,66.0,23.0,16.0,30.1,9.0
Minneapolis,April,USA,56.0,37.0,47.0,2.89,57.0,31.0,17.0,29.99,10.0
Minneapolis,May,USA,69.0,49.0,59.0,3.83,58.0,44.0,16.0,29.96,10.0
Minneapolis,June,USA,79.0,60.0,70.0,4.58,62.0,56.0,14.0,29.91,10.0
Minneapolis,July,USA,84.0,65.0,74.0,3.94,64.0,61.0,13.0,29.95,10.0
Minneapolis,August,USA,81.0,63.0,72.0,4.48,67.0,60.0,13.0,29.98,10.0
Minneapolis,September,USA,73.0,54.0,64.0,2.92,66.0,52.0,14.0,30.01,10.0
Minneapolis,October,USA,58.0,41.0,50.0,2.57,66.0,38.0,15.0,30.03,10.0
Minneapolis,November,USA,42.0,28.0,35.0,1.47,70.0,26.0,15.0,30.07,9.0
Minneapolis,December,USA,29.0,15.0,22.0,1.25,76.0,16.0,14.0,30.09,8.0
Warsaw,January,Poland,34.0,25.0,29.0,2.11,88.0,26.0,17.0,30.04,6.0
Warsaw,February,Poland,37.0,26.0,32.0,2.09,85.0,27.0,17.0,30.02,6.0
Warsaw,March,Poland,45.0,30.0,38.0,1.17,76.0,30.0,17.0,30.0,7.0
Warsaw,April,Poland,58.0,39.0,48.0,1.55,68.0,37.0,15.0,29.96,8.0
Warsaw,May,Poland,68.0,47.0,58.0,2.29,68.0,46.0,15.0,29.98,9.0
Warsaw,June,Poland,74.0,54.0,64.0,2.48,69.0,53.0,14.0,29.97,9.0
Warsaw,July,Poland,78.0,58.0,68.0,3.77,71.0,57.0,13.0,29.94,9.0
Warsaw,August,Poland,76.0,56.0,66.0,2.55,72.0,56.0,12.0,29.98,9.0
Warsaw,September,Poland,66.0,48.0,57.0,2.04,79.0,50.0,13.0,30.03,8.0
Warsaw,October,Poland,55.0,40.0,48.0,1.63,84.0,43.0,14.0,30.05,7.0
Warsaw,November,Poland,44.0,34.0,39.0,1.73,89.0,36.0,15.0,30.03,6.0
Warsaw,December,Poland,37.0,27.0,32.0,1.5,89.0,30.0,16.0,30.04,6.0
Denver,January,USA,46.0,20.0,33.0,0.47,56.0,16.0,16.0,30.04,28.0
Denver,February,USA,47.0,21.0,34.0,0.64,59.0,17.0,16.0,30.0,26.0
Denver,March,USA,56.0,28.0,42.0,1.18,53.0,21.0,17.0,29.94,27.0
Denver,April,USA,62.0,34.0,48.0,1.86,53.0,27.0,18.0,29.88,26.0
Denver,May,USA,71.0,43.0,57.0,2.35,56.0,38.0,16.0,29.88,27.0
Denver,June,USA,83.0,53.0,68.0,2.01,48.0,44.0,16.0,29.86,28.0
Denver,July,USA,89.0,59.0,74.0,2.34,47.0,49.0,15.0,29.93,26.0
Denver,August,USA,87.0,57.0,72.0,1.89,49.0,48.0,15.0,29.96,26.0
Denver,September,USA,80.0,49.0,65.0,1.33,46.0,39.0,15.0,29.96,27.0
Denver,October,USA,66.0,37.0,52.0,0.97,50.0,29.0,15.0,29.99,27.0
Denver,November,USA,55.0,27.0,41.0,0.65,53.0,21.0,15.0,30.03,27.0
Denver,December,USA,46.0,20.0,33.0,0.59,56.0,15.0,16.0,30.03,27.0
Minsk,January,Belarus,29.0,21.0,25.0,1.94,87.0,21.0,13.0,30.02,5.0
Minsk,February,Belarus,31.0,22.0,26.0,1.64,84.0,22.0,13.0,30.0,5.0
Minsk,March,Belarus,40.0,27.0,34.0,1.65,74.0,26.0,14.0,29.98,6.0
Minsk,April,Belarus,55.0,37.0,46.0,1.78,63.0,33.0,13.0,29.96,7.0
Minsk,May,Belarus,66.0,47.0,56.0,2.61,63.0,44.0,13.0,29.97,7.0
Minsk,June,Belarus,72.0,54.0,63.0,2.95,65.0,51.0,13.0,29.93,7.0
Minsk,July,Belarus,76.0,58.0,67.0,3.82,68.0,55.0,12.0,29.92,7.0
Minsk,August,Belarus,74.0,56.0,65.0,2.78,69.0,54.0,11.0,29.97,7.0
Minsk,September,Belarus,63.0,47.0,55.0,2.11,76.0,47.0,12.0,30.03,6.0
Minsk,October,Belarus,50.0,38.0,44.0,2.25,82.0,39.0,13.0,30.06,6.0
Minsk,November,Belarus,39.0,31.0,35.0,1.93,88.0,32.0,13.0,30.05,4.0
Minsk,December,Belarus,31.0,24.0,28.0,1.86,89.0,25.0,14.0,30.03,4.0
Washington DC,January,USA,44.0,30.0,37.0,2.83,61.0,24.0,15.0,30.12,9.0
Washington DC,February,USA,47.0,31.0,40.0,2.77,59.0,25.0,15.0,30.11,9.0
Washington DC,March,USA,56.0,38.0,47.0,3.48,56.0,31.0,16.0,30.08,9.0
Washington DC,April,USA,67.0,48.0,57.0,3.25,58.0,42.0,15.0,30.01,10.0
Washington DC,May,USA,76.0,57.0,67.0,4.04,64.0,54.0,14.0,30.01,9.0
Washington DC,June,USA,85.0,67.0,76.0,4.31,65.0,63.0,13.0,29.98,9.0
Washington DC,July,USA,89.0,72.0,81.0,4.36,64.0,67.0,12.0,29.99,9.0
Washington DC,August,USA,87.0,71.0,79.0,3.47,66.0,66.0,12.0,30.02,9.0
Washington DC,September,USA,80.0,64.0,72.0,3.96,67.0,60.0,13.0,30.06,10.0
Washington DC,October,USA,69.0,52.0,61.0,3.73,68.0,49.0,13.0,30.08,10.0
Washington DC,November,USA,58.0,41.0,49.0,2.94,63.0,37.0,14.0,30.14,10.0
Washington DC,December,USA,48.0,34.0,41.0,3.22,64.0,29.0,14.0,30.13,9.0
Detroit,January,USA,33.0,21.0,27.0,1.37,74.0,19.0,17.0,30.08,8.0
Detroit,February,USA,35.0,22.0,28.0,1.35,70.0,20.0,16.0,30.09,8.0
Detroit,March,USA,45.0,29.0,37.0,1.7,65.0,26.0,16.0,30.08,9.0
Detroit,April,USA,58.0,39.0,48.0,2.34,60.0,34.0,16.0,29.99,10.0
Detroit,May,USA,70.0,50.0,60.0,3.05,61.0,46.0,14.0,29.99,10.0
Detroit,June,USA,80.0,61.0,70.0,2.69,63.0,56.0,13.0,29.95,9.0
Detroit,July,USA,84.0,66.0,75.0,2.91,63.0,61.0,12.0,29.97,10.0
Detroit,August,USA,82.0,64.0,73.0,3.02,67.0,61.0,11.0,30.01,9.0
Detroit,September,USA,75.0,57.0,66.0,2.75,68.0,55.0,12.0,30.04,10.0
Detroit,October,USA,62.0,45.0,54.0,2.09,68.0,43.0,14.0,30.05,9.0
Detroit,November,USA,49.0,35.0,42.0,2.01,70.0,32.0,15.0,30.09,9.0
Detroit,December,USA,38.0,27.0,32.0,1.7,74.0,25.0,16.0,30.08,8.0
Montevideo,January,Uruguay,83.0,67.0,75.0,2.96,63.0,62.0,16.0,29.89,8.0
Montevideo,February,Uruguay,81.0,68.0,74.0,3.17,66.0,63.0,14.0,29.9,8.0
Montevideo,March,Uruguay,77.0,63.0,70.0,2.87,68.0,60.0,14.0,29.97,8.0
Montevideo,April,Uruguay,72.0,60.0,66.0,2.75,72.0,57.0,13.0,30.0,7.0
Montevideo,May,Uruguay,66.0,53.0,59.0,2.94,76.0,52.0,12.0,30.04,7.0
Montevideo,June,Uruguay,61.0,47.0,54.0,2.18,75.0,47.0,12.0,30.05,6.0
Montevideo,July,Uruguay,60.0,46.0,53.0,2.94,75.0,45.0,13.0,30.09,6.0
Montevideo,August,Uruguay,64.0,48.0,56.0,3.8,73.0,47.0,13.0,30.07,6.0
Montevideo,September,Uruguay,65.0,52.0,58.0,3.18,71.0,49.0,14.0,30.04,7.0
Montevideo,October,Uruguay,70.0,55.0,63.0,3.2,70.0,53.0,15.0,29.99,7.0
Montevideo,November,Uruguay,76.0,60.0,68.0,2.27,64.0,56.0,16.0,29.93,8.0
Montevideo,December,Uruguay,82.0,65.0,73.0,3.1,61.0,60.0,15.0,29.86,8.0
Winnipeg,January,Canada,16.0,2.0,9.0,0.7,75.0,2.0,9.0,30.07,
Winnipeg,February,Canada,16.0,0.0,8.0,0.45,71.0,1.0,8.0,30.12,
Winnipeg,March,Canada,34.0,17.0,26.0,0.98,67.0,16.0,8.0,30.08,
Winnipeg,April,Canada,49.0,29.0,39.0,1.22,55.0,23.0,9.0,30.03,
Winnipeg,May,Canada,66.0,45.0,55.0,2.49,52.0,36.0,9.0,29.97,
Winnipeg,June,Canada,77.0,57.0,67.0,3.17,57.0,50.0,7.0,29.85,
Winnipeg,July,Canada,81.0,62.0,71.0,2.32,60.0,56.0,7.0,29.91,
Winnipeg,August,Canada,78.0,59.0,69.0,2.48,61.0,54.0,7.0,29.91,
Winnipeg,September,Canada,68.0,50.0,59.0,2.08,64.0,46.0,7.0,29.94,
Winnipeg,October,Canada,51.0,36.0,44.0,1.57,68.0,33.0,8.0,29.94,
Winnipeg,November,Canada,33.0,20.0,26.0,0.93,75.0,19.0,8.0,30.02,
Winnipeg,December,Canada,19.0,6.0,12.0,0.81,78.0,6.0,8.0,30.05,
Dhaka,January,Bangladesh,76.0,59.0,67.0,0.39,66.0,55.0,4.0,29.97,2.0
Dhaka,February,Bangladesh,83.0,65.0,74.0,0.3,57.0,57.0,4.0,29.92,2.0
Dhaka,March,Bangladesh,90.0,71.0,81.0,0.91,57.0,63.0,5.0,29.84,2.0
Dhaka,April,Bangladesh,93.0,76.0,84.0,5.69,66.0,71.0,7.0,29.75,3.0
Dhaka,May,Bangladesh,93.0,78.0,85.0,9.51,73.0,75.0,7.0,29.67,3.0
Dhaka,June,Bangladesh,91.0,80.0,86.0,12.78,78.0,77.0,6.0,29.56,3.0
Dhaka,July,Bangladesh,90.0,80.0,85.0,16.81,80.0,78.0,6.0,29.55,3.0
Dhaka,August,Bangladesh,91.0,80.0,86.0,13.67,80.0,78.0,5.0,29.58,3.0
Dhaka,September,Bangladesh,91.0,80.0,86.0,8.47,79.0,77.0,3.0,29.68,3.0
Dhaka,October,Bangladesh,90.0,77.0,83.0,5.88,74.0,73.0,3.0,29.8,3.0
Dhaka,November,Bangladesh,85.0,68.0,77.0,0.7,68.0,64.0,2.0,29.89,2.0
Dhaka,December,Bangladesh,78.0,61.0,70.0,0.88,71.0,59.0,2.0,29.95,2.0
Montréal,January,Canada,24.0,9.0,16.0,2.8,73.0,9.0,19.0,30.03,12.0
Montréal,February,Canada,26.0,11.0,19.0,2.36,70.0,11.0,19.0,30.02,13.0
Montréal,March,Canada,37.0,21.0,29.0,2.6,66.0,19.0,19.0,30.02,14.0
Montréal,April,Canada,52.0,34.0,43.0,3.34,61.0,29.0,19.0,29.96,17.0
Montréal,May,Canada,67.0,47.0,57.0,2.78,61.0,43.0,18.0,29.96,18.0
Montréal,June,Canada,76.0,57.0,66.0,3.23,66.0,54.0,16.0,29.9,17.0
Montréal,July,Canada,80.0,62.0,71.0,3.2,69.0,60.0,16.0,29.91,17.0
Montréal,August,Canada,78.0,60.0,69.0,3.3,70.0,59.0,15.0,29.96,17.0
Montréal,September,Canada,70.0,52.0,61.0,3.05,73.0,52.0,15.0,30.02,17.0
Montréal,October,Canada,56.0,41.0,48.0,3.85,73.0,40.0,17.0,30.01,16.0
Montréal,November,Canada,43.0,29.0,36.0,3.06,75.0,29.0,18.0,30.04,14.0
Montréal,December,Canada,31.0,18.0,24.0,3.12,77.0,18.0,19.0,30.03,12.0
Yangon,January,Myanmar,91.0,64.0,77.0,0.3,68.0,66.0,8.0,29.91,4.0
Yangon,February,Myanmar,95.0,66.0,81.0,0.02,62.0,67.0,8.0,29.89,4.0
Yangon,March,Myanmar,99.0,70.0,85.0,0.03,62.0,70.0,10.0,29.84,4.0
Yangon,April,Myanmar,100.0,75.0,88.0,0.5,65.0,74.0,11.0,29.8,4.0
Yangon,May,Myanmar,97.0,76.0,86.0,5.9,74.0,76.0,10.0,29.75,4.0
Yangon,June,Myanmar,89.0,74.0,82.0,14.92,88.0,77.0,10.0,29.72,4.0
Yangon,July,Myanmar,87.0,74.0,81.0,16.46,90.0,77.0,10.0,29.73,4.0
Yangon,August,Myanmar,87.0,74.0,81.0,13.63,90.0,77.0,10.0,29.73,4.0
Yangon,September,Myanmar,89.0,74.0,82.0,12.05,88.0,77.0,9.0,29.78,4.0
Yangon,October,Myanmar,91.0,74.0,82.0,7.19,84.0,77.0,8.0,29.83,4.0
Yangon,November,Myanmar,92.0,72.0,82.0,2.38,79.0,75.0,8.0,29.87,4.0
Yangon,December,Myanmar,91.0,66.0,78.0,0.06,73.0,69.0,8.0,29.91,4.0
Doha,January,Qatar,73.0,58.0,66.0,0.43,67.0,53.0,15.0,30.09,6.0
Doha,February,Qatar,75.0,60.0,68.0,0.55,64.0,53.0,17.0,30.03,6.0
Doha,March,Qatar,82.0,65.0,73.0,0.59,56.0,54.0,18.0,29.95,7.0
Doha,April,Qatar,92.0,73.0,82.0,0.27,47.0,57.0,16.0,29.85,7.0
Doha,May,Qatar,103.0,82.0,93.0,0.16,38.0,59.0,17.0,29.72,7.0
Doha,June,Qatar,108.0,87.0,97.0,0.01,36.0,62.0,18.0,29.54,6.0
Doha,July,Qatar,108.0,89.0,99.0,0.11,44.0,69.0,16.0,29.46,6.0
Doha,August,Qatar,107.0,89.0,98.0,0.0,57.0,77.0,14.0,29.52,6.0
Doha,September,Qatar,103.0,85.0,94.0,0.1,57.0,74.0,13.0,29.68,6.0
Doha,October,Qatar,96.0,80.0,88.0,0.22,59.0,70.0,12.0,29.88,7.0
Doha,November,Qatar,86.0,71.0,79.0,0.62,62.0,63.0,14.0,30.01,7.0
Doha,December,Qatar,77.0,63.0,70.0,0.5,68.0,57.0,14.0,30.09,7.0
Moscow,January,Russia,24.0,16.0,20.0,2.3,85.0,17.0,5.0,30.02,4.0
Moscow,February,Russia,28.0,19.0,24.0,1.65,80.0,18.0,6.0,30.06,5.0
Moscow,March,Russia,38.0,24.0,31.0,1.74,69.0,21.0,6.0,29.97,5.0
Moscow,April,Russia,52.0,36.0,44.0,1.66,62.0,30.0,4.0,29.94,6.0
Moscow,May,Russia,67.0,49.0,58.0,3.15,62.0,44.0,3.0,29.97,5.0
Moscow,June,Russia,73.0,56.0,64.0,2.48,64.0,51.0,3.0,29.93,6.0
Moscow,July,Russia,75.0,59.0,67.0,3.29,69.0,56.0,3.0,29.88,5.0
Moscow,August,Russia,74.0,57.0,65.0,2.48,71.0,54.0,3.0,29.99,5.0
Moscow,September,Russia,61.0,48.0,55.0,2.19,78.0,47.0,3.0,30.02,5.0
Moscow,October,Russia,48.0,38.0,43.0,2.27,78.0,36.0,3.0,30.09,6.0
Moscow,November,Russia,37.0,30.0,33.0,2.28,85.0,29.0,5.0,30.12,5.0
Moscow,December,Russia,29.0,22.0,26.0,2.21,87.0,22.0,5.0,30.04,4.0
Zagreb,January,Croatia,41.0,29.0,35.0,2.11,87.0,29.0,8.0,30.14,5.0
Zagreb,February,Croatia,47.0,31.0,39.0,2.1,79.0,30.0,9.0,30.1,6.0
Zagreb,March,Croatia,56.0,37.0,46.0,2.18,71.0,34.0,11.0,30.05,8.0
Zagreb,April,Croatia,65.0,45.0,55.0,2.65,70.0,42.0,11.0,29.96,9.0
Zagreb,May,Croatia,73.0,52.0,63.0,3.33,70.0,51.0,10.0,29.97,9.0
Zagreb,June,Croatia,80.0,60.0,70.0,3.9,71.0,58.0,9.0,29.98,9.0
Zagreb,July,Croatia,83.0,62.0,73.0,3.29,70.0,60.0,8.0,29.96,9.0
Zagreb,August,Croatia,83.0,62.0,72.0,2.81,70.0,60.0,8.0,29.98,9.0
Zagreb,September,Croatia,73.0,54.0,64.0,3.59,77.0,54.0,8.0,30.04,8.0
Zagreb,October,Croatia,63.0,46.0,54.0,3.13,83.0,47.0,8.0,30.09,6.0
Zagreb,November,Croatia,51.0,38.0,45.0,3.3,87.0,39.0,8.0,30.08,5.0
Zagreb,December,Croatia,41.0,30.0,36.0,2.86,89.0,31.0,8.0,30.14,5.0
Dubai,January,United Arab Emirates,76.0,60.0,68.0,0.49,62.0,54.0,14.0,30.07,6.0
Dubai,February,United Arab Emirates,79.0,62.0,70.0,0.2,61.0,55.0,15.0,30.01,6.0
Dubai,March,United Arab Emirates,84.0,67.0,75.0,0.44,57.0,57.0,16.0,29.93,6.0
Dubai,April,United Arab Emirates,93.0,73.0,83.0,0.13,48.0,58.0,15.0,29.83,6.0
Dubai,May,United Arab Emirates,101.0,80.0,90.0,0.1,44.0,63.0,16.0,29.7,6.0
Dubai,June,United Arab Emirates,104.0,84.0,94.0,0.0,50.0,70.0,15.0,29.52,6.0
Dubai,July,United Arab Emirates,107.0,89.0,98.0,0.0,49.0,73.0,16.0,29.44,5.0
Dubai,August,United Arab Emirates,107.0,89.0,98.0,0.15,49.0,73.0,16.0,29.51,6.0
Dubai,September,United Arab Emirates,103.0,85.0,94.0,0.04,55.0,72.0,15.0,29.67,6.0
Dubai,October,United Arab Emirates,97.0,78.0,87.0,0.05,56.0,68.0,13.0,29.87,6.0
Dubai,November,United Arab Emirates,87.0,71.0,79.0,0.13,57.0,62.0,13.0,29.98,6.0
Dubai,December,United Arab Emirates,80.0,64.0,72.0,0.42,62.0,57.0,13.0,30.06,6.0
Mumbai,January,India,88.0,63.0,76.0,0.03,57.0,59.0,8.0,29.92,2.0
Mumbai,February,India,89.0,65.0,77.0,0.01,56.0,60.0,8.0,29.89,2.0
Mumbai,March,India,92.0,70.0,81.0,0.08,60.0,65.0,9.0,29.84,2.0
Mumbai,April,India,92.0,76.0,84.0,0.19,67.0,72.0,10.0,29.79,2.0
Mumbai,May,India,93.0,80.0,87.0,1.04,70.0,75.0,12.0,29.74,3.0
Mumbai,June,India,90.0,80.0,85.0,18.59,77.0,77.0,14.0,29.66,2.0
Mumbai,July,India,87.0,78.0,82.0,33.05,83.0,77.0,16.0,29.65,2.0
Mumbai,August,India,87.0,77.0,82.0,18.57,82.0,76.0,15.0,29.7,2.0
Mumbai,September,India,88.0,77.0,82.0,13.99,81.0,76.0,10.0,29.75,2.0
Mumbai,October,India,93.0,75.0,84.0,3.69,69.0,72.0,8.0,29.81,2.0
Mumbai,November,India,94.0,71.0,82.0,0.51,58.0,65.0,8.0,29.86,2.0
Mumbai,December,India,91.0,65.0,78.0,0.1,57.0,61.0,7.0,29.91,2.0
Zürich,January,Switzerland,39.0,29.0,34.0,3.04,85.0,30.0,9.0,30.17,5.0
Zürich,February,Switzerland,43.0,29.0,36.0,2.5,80.0,30.0,10.0,30.14,6.0
Zürich,March,Switzerland,52.0,33.0,43.0,2.69,73.0,34.0,10.0,30.08,7.0
Zürich,April,Switzerland,60.0,39.0,50.0,2.77,69.0,39.0,10.0,29.98,7.0
Zürich,May,Switzerland,67.0,47.0,57.0,4.59,72.0,47.0,9.0,30.0,8.0
Zürich,June,Switzerland,74.0,54.0,64.0,4.18,72.0,53.0,9.0,30.03,8.0
Zürich,July,Switzerland,77.0,57.0,67.0,4.87,71.0,56.0,8.0,30.02,8.0
Zürich,August,Switzerland,76.0,56.0,66.0,4.49,75.0,57.0,8.0,30.02,7.0
Zürich,September,Switzerland,68.0,50.0,59.0,3.28,80.0,51.0,7.0,30.07,7.0
Zürich,October,Switzerland,58.0,43.0,51.0,3.4,86.0,46.0,8.0,30.08,5.0
Zürich,November,Switzerland,46.0,35.0,41.0,2.77,88.0,37.0,8.0,30.08,5.0
Zürich,December,Switzerland,40.0,30.0,35.0,3.37,87.0,32.0,9.0,30.15,5.0
Dublin,January,Ireland,47.0,36.0,42.0,2.58,87.0,38.0,25.0,29.9,10.0
Dublin,February,Ireland,48.0,36.0,42.0,2.17,85.0,38.0,25.0,29.93,11.0
Dublin,March,Ireland,52.0,38.0,45.0,1.99,83.0,39.0,23.0,29.97,11.0
Dublin,April,Ireland,55.0,40.0,48.0,1.98,81.0,41.0,21.0,29.95,12.0
Dublin,May,Ireland,60.0,44.0,52.0,2.36,79.0,45.0,20.0,29.97,12.0
Dublin,June,Ireland,65.0,49.0,57.0,2.48,79.0,50.0,19.0,30.0,13.0
Dublin,July,Ireland,68.0,53.0,60.0,2.49,80.0,53.0,18.0,29.96,13.0
Dublin,August,Ireland,67.0,52.0,60.0,2.87,82.0,53.0,19.0,29.95,13.0
Dublin,September,Ireland,64.0,49.0,56.0,2.42,84.0,51.0,19.0,29.98,12.0
Dublin,October,Ireland,58.0,45.0,51.0,3.1,85.0,46.0,21.0,29.88,11.0
Dublin,November,Ireland,51.0,40.0,46.0,3.21,88.0,42.0,23.0,29.85,11.0
Dublin,December,Ireland,48.0,37.0,42.0,3.02,88.0,39.0,24.0,29.88,10.0
Nairobi,January,Kenya,79.0,59.0,69.0,2.34,65.0,55.0,16.0,29.96,9.0
Nairobi,February,Kenya,81.0,59.0,70.0,1.9,60.0,54.0,16.0,29.95,9.0
Nairobi,March,Kenya,81.0,61.0,71.0,2.88,64.0,56.0,17.0,29.95,9.0
Nairobi,April,Kenya,78.0,61.0,69.0,2.92,74.0,59.0,13.0,29.98,9.0
Nairobi,May,Kenya,75.0,60.0,67.0,2.5,76.0,58.0,10.0,30.03,9.0
Nairobi,June,Kenya,73.0,57.0,65.0,0.79,74.0,55.0,8.0,30.06,9.0
Nairobi,July,Kenya,72.0,55.0,64.0,0.43,71.0,53.0,9.0,30.07,9.0
Nairobi,August,Kenya,74.0,55.0,64.0,0.69,70.0,53.0,10.0,30.07,9.0
Nairobi,September,Kenya,77.0,56.0,67.0,0.62,65.0,53.0,12.0,30.04,9.0
Nairobi,October,Kenya,79.0,59.0,69.0,1.88,65.0,55.0,14.0,30.0,9.0
Nairobi,November,Kenya,76.0,60.0,68.0,3.88,74.0,58.0,16.0,29.98,9.0
Nairobi,December,Kenya,77.0,60.0,68.0,3.03,72.0,57.0,16.0,29.99,9.0
