month,high_temp_F,low_temp_F,mean_temp_F,precipitation_in,humidity_percent,dew_point_F,wind_mph,pressure_Hg,visibility_mi,city,country,region,lat,lng,population
January,89.0,75.0,82.0,1.57,75.0,73.0,14.0,29.85,5.0,Accra,Ghana,Greater Accra,5.556,-0.1969,1782150.0
February,90.0,77.0,84.0,1.79,77.0,75.0,17.0,29.84,6.0,Accra,Ghana,Greater Accra,5.556,-0.1969,1782150.0
March,91.0,78.0,84.0,2.29,78.0,76.0,17.0,29.83,7.0,Accra,Ghana,Greater Accra,5.556,-0.1969,1782150.0
April,90.0,78.0,84.0,2.93,78.0,76.0,16.0,29.83,7.0,Accra,Ghana,Greater Accra,5.556,-0.1969,1782150.0
May,89.0,77.0,83.0,5.11,80.0,75.0,15.0,29.87,8.0,Accra,Ghana,Greater Accra,5.556,-0.1969,1782150.0
June,85.0,75.0,80.0,6.39,84.0,74.0,15.0,29.93,7.0,Accra,Ghana,Greater Accra,5.556,-0.1969,1782150.0
July,83.0,75.0,79.0,2.78,84.0,73.0,19.0,29.95,7.0,Accra,Ghana,Greater Accra,5.556,-0.1969,1782150.0
August,83.0,74.0,78.0,1.83,84.0,72.0,20.0,29.95,7.0,Accra,Ghana,Greater Accra,5.556,-0.1969,1782150.0
September,85.0,75.0,79.0,2.44,84.0,73.0,19.0,29.92,7.0,Accra,Ghana,Greater Accra,5.556,-0.1969,1782150.0
October,86.0,75.0,80.0,3.75,83.0,74.0,15.0,29.88,7.0,Accra,Ghana,Greater Accra,5.556,-0.1969,1782150.0
November,88.0,76.0,82.0,2.67,80.0,75.0,13.0,29.86,7.0,Accra,Ghana,Greater Accra,5.556,-0.1969,1782150.0
December,89.0,76.0,82.0,2.07,78.0,75.0,13.0,29.85,5.0,Accra,Ghana,Greater Accra,5.556,-0.1969,1782150.0
January,21.0,1.0,11.0,0.82,74.0,5.0,14.0,30.07,13.0,Edmonton,Canada,Alberta,53.5344,-113.4903,1151635.0
February,24.0,2.0,13.0,0.53,73.0,7.0,14.0,30.08,13.0,Edmonton,Canada,Alberta,53.5344,-113.4903,1151635.0
March,34.0,14.0,24.0,0.74,74.0,17.0,15.0,30.03,13.0,Edmonton,Canada,Alberta,53.5344,-113.4903,1151635.0
April,50.0,27.0,38.0,1.08,64.0,26.0,17.0,29.98,14.0,Edmonton,Canada,Alberta,53.5344,-113.4903,1151635.0
May,64.0,37.0,50.0,2.0,56.0,34.0,17.0,29.97,14.0,Edmonton,Canada,Alberta,53.5344,-113.4903,1151635.0
June,70.0,46.0,58.0,2.92,67.0,46.0,15.0,29.91,14.0,Edmonton,Canada,Alberta,53.5344,-113.4903,1151635.0
July,74.0,49.0,61.0,3.46,74.0,52.0,13.0,29.95,14.0,Edmonton,Canada,Alberta,53.5344,-113.4903,1151635.0
August,73.0,46.0,59.0,2.02,74.0,50.0,12.0,29.97,14.0,Edmonton,Canada,Alberta,53.5344,-113.4903,1151635.0
September,65.0,37.0,51.0,1.45,70.0,40.0,14.0,29.98,15.0,Edmonton,Canada,Alberta,53.5344,-113.4903,1151635.0
October,51.0,26.0,39.0,0.77,70.0,29.0,15.0,29.98,15.0,Edmonton,Canada,Alberta,53.5344,-113.4903,1151635.0
November,33.0,14.0,24.0,0.85,77.0,17.0,14.0,30.0,13.0,Edmonton,Canada,Alberta,53.5344,-113.4903,1151635.0
December,23.0,2.0,13.0,0.63,75.0,7.0,14.0,30.03,13.0,Edmonton,Canada,Alberta,53.5344,-113.4903,1151635.0
January,80.0,65.0,72.0,2.67,75.0,63.0,16.0,30.11,8.0,Nassau,"Bahamas, The",New Providence,25.0781,-77.3386,227940.0
February,81.0,66.0,73.0,2.07,75.0,64.0,16.0,30.1,8.0,Nassau,"Bahamas, The",New Providence,25.0781,-77.3386,227940.0
March,82.0,67.0,74.0,2.24,71.0,64.0,17.0,30.07,8.0,Nassau,"Bahamas, The",New Providence,25.0781,-77.3386,227940.0
April,84.0,69.0,77.0,2.45,71.0,66.0,17.0,30.04,8.0,Nassau,"Bahamas, The",New Providence,25.0781,-77.3386,227940.0
May,87.0,72.0,80.0,4.94,74.0,70.0,15.0,30.02,8.0,Nassau,"Bahamas, The",New Providence,25.0781,-77.3386,227940.0
June,90.0,75.0,83.0,8.4,76.0,74.0,14.0,30.03,7.0,Nassau,"Bahamas, The",New Providence,25.0781,-77.3386,227940.0
July,91.0,77.0,84.0,5.8,74.0,75.0,14.0,30.07,7.0,Nassau,"Bahamas, The",New Providence,25.0781,-77.3386,227940.0
August,92.0,77.0,84.0,7.74,76.0,76.0,13.0,30.02,7.0,Nassau,"Bahamas, The",New Providence,25.0781,-77.3386,227940.0
September,90.0,76.0,83.0,7.01,77.0,75.0,12.0,29.97,7.0,Nassau,"Bahamas, The",New Providence,25.0781,-77.3386,227940.0
October,88.0,75.0,81.0,5.44,77.0,73.0,15.0,29.97,7.0,Nassau,"Bahamas, The",New Providence,25.0781,-77.3386,227940.0
November,84.0,71.0,77.0,3.53,75.0,68.0,17.0,30.03,8.0,Nassau,"Bahamas, The",New Providence,25.0781,-77.3386,227940.0
December,81.0,67.0,74.0,1.73,77.0,66.0,16.0,30.09,8.0,Nassau,"Bahamas, The",New Providence,25.0781,-77.3386,227940.0
January,74.0,49.0,61.0,0.42,49.0,41.0,16.0,29.95,12.0,Addis Ababa,Ethiopia,Adis Abeba,9.0358,38.7525,5704000.0
February,77.0,52.0,64.0,0.84,49.0,43.0,16.0,29.89,11.0,Addis Ababa,Ethiopia,Adis Abeba,9.0358,38.7525,5704000.0
March,78.0,55.0,67.0,2.14,47.0,44.0,16.0,29.86,10.0,Addis Ababa,Ethiopia,Adis Abeba,9.0358,38.7525,5704000.0
April,77.0,56.0,67.0,3.87,56.0,49.0,15.0,29.86,10.0,Addis Ababa,Ethiopia,Adis Abeba,9.0358,38.7525,5704000.0
May,76.0,56.0,66.0,4.91,61.0,51.0,14.0,29.9,10.0,Addis Ababa,Ethiopia,Adis Abeba,9.0358,38.7525,5704000.0
June,73.0,55.0,64.0,5.9,69.0,52.0,12.0,29.89,10.0,Addis Ababa,Ethiopia,Adis Abeba,9.0358,38.7525,5704000.0
July,69.0,55.0,62.0,8.16,80.0,54.0,12.0,29.92,9.0,Addis Ababa,Ethiopia,Adis Abeba,9.0358,38.7525,5704000.0
August,69.0,54.0,62.0,8.77,80.0,54.0,12.0,29.93,10.0,Addis Ababa,Ethiopia,Adis Abeba,9.0358,38.7525,5704000.0
September,71.0,54.0,63.0,6.92,75.0,53.0,12.0,29.91,10.0,Addis Ababa,Ethiopia,Adis Abeba,9.0358,38.7525,5704000.0
October,74.0,52.0,63.0,1.91,57.0,47.0,16.0,29.9,11.0,Addis Ababa,Ethiopia,Adis Abeba,9.0358,38.7525,5704000.0
November,73.0,50.0,62.0,1.45,54.0,45.0,16.0,29.92,11.0,Addis Ababa,Ethiopia,Adis Abeba,9.0358,38.7525,5704000.0
December,73.0,47.0,60.0,1.2,53.0,42.0,16.0,29.96,12.0,Addis Ababa,Ethiopia,Adis Abeba,9.0358,38.7525,5704000.0
January,41.0,32.0,36.0,1.86,83.0,31.0,13.0,30.11,6.0,Frankfurt,Germany,Hesse,50.1106,8.6822,2319029.0
February,44.0,32.0,38.0,1.65,78.0,32.0,13.0,30.09,7.0,Frankfurt,Germany,Hesse,50.1106,8.6822,2319029.0
March,53.0,36.0,45.0,1.51,70.0,35.0,14.0,30.05,7.0,Frankfurt,Germany,Hesse,50.1106,8.6822,2319029.0
April,62.0,42.0,52.0,1.43,63.0,39.0,13.0,29.98,8.0,Frankfurt,Germany,Hesse,50.1106,8.6822,2319029.0
May,69.0,49.0,59.0,2.51,66.0,47.0,13.0,30.0,8.0,Frankfurt,Germany,Hesse,50.1106,8.6822,2319029.0
June,75.0,56.0,66.0,2.35,64.0,53.0,12.0,30.02,8.0,Frankfurt,Germany,Hesse,50.1106,8.6822,2319029.0
July,79.0,59.0,69.0,2.4,63.0,55.0,12.0,30.0,8.0,Frankfurt,Germany,Hesse,50.1106,8.6822,2319029.0
August,78.0,58.0,68.0,2.34,65.0,55.0,11.0,30.01,8.0,Frankfurt,Germany,Hesse,50.1106,8.6822,2319029.0
September,69.0,52.0,60.0,1.9,72.0,50.0,11.0,30.05,7.0,Frankfurt,Germany,Hesse,50.1106,8.6822,2319029.0
October,59.0,45.0,52.0,2.1,81.0,45.0,11.0,30.05,7.0,Frankfurt,Germany,Hesse,50.1106,8.6822,2319029.0
November,48.0,38.0,43.0,1.85,86.0,39.0,11.0,30.03,6.0,Frankfurt,Germany,Hesse,50.1106,8.6822,2319029.0
December,42.0,33.0,38.0,2.23,86.0,34.0,12.0,30.08,6.0,Frankfurt,Germany,Hesse,50.1106,8.6822,2319029.0
January,70.0,46.0,58.0,1.84,80.0,50.0,6.0,30.05,1.0,New Delhi,India,Delhi,28.6139,77.2089,249998.0
February,78.0,51.0,65.0,1.47,69.0,53.0,8.0,29.98,1.0,New Delhi,India,Delhi,28.6139,77.2089,249998.0
March,88.0,60.0,74.0,2.99,59.0,58.0,9.0,29.87,2.0,New Delhi,India,Delhi,28.6139,77.2089,249998.0
April,99.0,70.0,85.0,2.04,44.0,60.0,9.0,29.73,2.0,New Delhi,India,Delhi,28.6139,77.2089,249998.0
May,105.0,77.0,91.0,2.28,42.0,64.0,10.0,29.59,2.0,New Delhi,India,Delhi,28.6139,77.2089,249998.0
June,104.0,82.0,93.0,2.51,54.0,73.0,11.0,29.47,2.0,New Delhi,India,Delhi,28.6139,77.2089,249998.0
July,98.0,81.0,89.0,8.82,74.0,79.0,8.0,29.47,1.0,New Delhi,India,Delhi,28.6139,77.2089,249998.0
August,95.0,80.0,88.0,10.06,76.0,78.0,8.0,29.54,1.0,New Delhi,India,Delhi,28.6139,77.2089,249998.0
September,95.0,78.0,86.0,3.92,70.0,75.0,7.0,29.66,2.0,New Delhi,India,Delhi,28.6139,77.2089,249998.0
October,93.0,67.0,80.0,0.62,63.0,66.0,4.0,29.83,1.0,New Delhi,India,Delhi,28.6139,77.2089,249998.0
November,83.0,55.0,69.0,0.07,67.0,56.0,4.0,29.96,1.0,New Delhi,India,Delhi,28.6139,77.2089,249998.0
December,74.0,47.0,60.0,0.29,74.0,50.0,5.0,30.04,1.0,New Delhi,India,Delhi,28.6139,77.2089,249998.0
January,87.0,64.0,76.0,0.96,45.0,50.0,13.0,29.91,12.0,Adelaide,Australia,South Australia,-34.9275,138.6,1387290.0
February,85.0,63.0,74.0,1.11,49.0,51.0,12.0,29.96,12.0,Adelaide,Australia,South Australia,-34.9275,138.6,1387290.0
March,81.0,60.0,71.0,0.98,53.0,51.0,11.0,30.03,12.0,Adelaide,Australia,South Australia,-34.9275,138.6,1387290.0
April,74.0,55.0,65.0,1.41,58.0,48.0,10.0,30.13,12.0,Adelaide,Australia,South Australia,-34.9275,138.6,1387290.0
May,66.0,51.0,59.0,2.49,67.0,46.0,10.0,30.17,10.0,Adelaide,Australia,South Australia,-34.9275,138.6,1387290.0
June,61.0,46.0,54.0,2.81,74.0,44.0,9.0,30.2,10.0,Adelaide,Australia,South Australia,-34.9275,138.6,1387290.0
July,60.0,46.0,53.0,3.09,72.0,44.0,12.0,30.13,10.0,Adelaide,Australia,South Australia,-34.9275,138.6,1387290.0
August,62.0,46.0,54.0,2.38,68.0,43.0,13.0,30.12,11.0,Adelaide,Australia,South Australia,-34.9275,138.6,1387290.0
September,68.0,49.0,58.0,1.97,60.0,43.0,14.0,30.08,11.0,Adelaide,Australia,South Australia,-34.9275,138.6,1387290.0
October,74.0,53.0,64.0,1.47,53.0,44.0,14.0,30.04,11.0,Adelaide,Australia,South Australia,-34.9275,138.6,1387290.0
November,79.0,57.0,68.0,0.9,49.0,46.0,14.0,29.98,12.0,Adelaide,Australia,South Australia,-34.9275,138.6,1387290.0
December,84.0,60.0,72.0,0.88,47.0,48.0,14.0,29.93,12.0,Adelaide,Australia,South Australia,-34.9275,138.6,1387290.0
January,76.0,57.0,66.0,0.38,73.0,55.0,24.0,30.1,8.0,Guatemala City,Guatemala,Guatemala,14.6417,-90.5133,994938.0
February,78.0,58.0,68.0,0.57,70.0,56.0,22.0,30.08,7.0,Guatemala City,Guatemala,Guatemala,14.6417,-90.5133,994938.0
March,80.0,59.0,69.0,0.7,69.0,56.0,21.0,30.05,7.0,Guatemala City,Guatemala,Guatemala,14.6417,-90.5133,994938.0
April,81.0,62.0,71.0,1.61,71.0,59.0,18.0,30.05,6.0,Guatemala City,Guatemala,Guatemala,14.6417,-90.5133,994938.0
May,80.0,63.0,72.0,4.61,77.0,62.0,15.0,30.04,6.0,Guatemala City,Guatemala,Guatemala,14.6417,-90.5133,994938.0
June,77.0,63.0,70.0,7.25,83.0,62.0,14.0,30.05,7.0,Guatemala City,Guatemala,Guatemala,14.6417,-90.5133,994938.0
July,77.0,63.0,70.0,5.62,79.0,61.0,19.0,30.09,8.0,Guatemala City,Guatemala,Guatemala,14.6417,-90.5133,994938.0
August,78.0,63.0,70.0,7.06,80.0,62.0,17.0,30.07,7.0,Guatemala City,Guatemala,Guatemala,14.6417,-90.5133,994938.0
September,77.0,63.0,70.0,7.35,84.0,62.0,13.0,30.05,7.0,Guatemala City,Guatemala,Guatemala,14.6417,-90.5133,994938.0
October,76.0,62.0,69.0,4.92,82.0,61.0,17.0,30.04,7.0,Guatemala City,Guatemala,Guatemala,14.6417,-90.5133,994938.0
November,75.0,59.0,67.0,1.44,77.0,58.0,23.0,30.07,8.0,Guatemala City,Guatemala,Guatemala,14.6417,-90.5133,994938.0
December,75.0,57.0,66.0,0.37,75.0,56.0,23.0,30.1,8.0,Guatemala City,Guatemala,Guatemala,14.6417,-90.5133,994938.0
January,62.0,48.0,55.0,4.63,74.0,46.0,20.0,30.15,9.0,New Orleans,United States,Louisiana,30.0687,-89.9288,928503.0
February,66.0,51.0,59.0,4.2,74.0,49.0,21.0,30.11,9.0,New Orleans,United States,Louisiana,30.0687,-89.9288,928503.0
March,73.0,58.0,65.0,4.84,73.0,55.0,20.0,30.07,9.0,New Orleans,United States,Louisiana,30.0687,-89.9288,928503.0
April,79.0,64.0,71.0,5.44,70.0,60.0,21.0,30.01,9.0,New Orleans,United States,Louisiana,30.0687,-89.9288,928503.0
May,86.0,71.0,78.0,5.15,70.0,67.0,18.0,29.99,9.0,New Orleans,United States,Louisiana,30.0687,-89.9288,928503.0
June,90.0,77.0,84.0,6.49,71.0,72.0,16.0,29.97,9.0,New Orleans,United States,Louisiana,30.0687,-89.9288,928503.0
July,92.0,79.0,85.0,6.28,73.0,74.0,15.0,30.02,10.0,New Orleans,United States,Louisiana,30.0687,-89.9288,928503.0
August,92.0,79.0,85.0,6.58,72.0,74.0,15.0,29.98,9.0,New Orleans,United States,Louisiana,30.0687,-89.9288,928503.0
September,88.0,76.0,82.0,4.95,72.0,71.0,17.0,29.97,9.0,New Orleans,United States,Louisiana,30.0687,-89.9288,928503.0
October,81.0,67.0,74.0,3.63,72.0,63.0,19.0,30.03,9.0,New Orleans,United States,Louisiana,30.0687,-89.9288,928503.0
November,71.0,57.0,64.0,3.59,73.0,54.0,19.0,30.12,9.0,New Orleans,United States,Louisiana,30.0687,-89.9288,928503.0
December,65.0,50.0,58.0,4.52,76.0,49.0,20.0,30.13,9.0,New Orleans,United States,Louisiana,30.0687,-89.9288,928503.0
January,63.0,42.0,52.0,3.12,80.0,44.0,10.0,30.17,7.0,Algiers,Algeria,Alger,36.7764,3.0586,3004000.0
February,64.0,42.0,53.0,2.83,78.0,45.0,10.0,30.15,7.0,Algiers,Algeria,Alger,36.7764,3.0586,3004000.0
March,67.0,45.0,56.0,2.48,77.0,48.0,11.0,30.08,7.0,Algiers,Algeria,Alger,36.7764,3.0586,3004000.0
April,71.0,49.0,60.0,2.24,76.0,52.0,12.0,29.99,7.0,Algiers,Algeria,Alger,36.7764,3.0586,3004000.0
May,77.0,55.0,66.0,1.65,74.0,57.0,12.0,30.0,7.0,Algiers,Algeria,Alger,36.7764,3.0586,3004000.0
June,84.0,61.0,73.0,0.36,71.0,62.0,12.0,30.01,6.0,Algiers,Algeria,Alger,36.7764,3.0586,3004000.0
July,89.0,67.0,78.0,0.08,69.0,66.0,12.0,29.98,6.0,Algiers,Algeria,Alger,36.7764,3.0586,3004000.0
August,91.0,69.0,80.0,0.38,69.0,68.0,11.0,29.98,6.0,Algiers,Algeria,Alger,36.7764,3.0586,3004000.0
September,85.0,64.0,75.0,1.17,72.0,64.0,11.0,30.01,7.0,Algiers,Algeria,Alger,36.7764,3.0586,3004000.0
October,80.0,57.0,68.0,1.85,74.0,58.0,9.0,30.05,7.0,Algiers,Algeria,Alger,36.7764,3.0586,3004000.0
November,70.0,50.0,60.0,4.31,78.0,51.0,10.0,30.07,7.0,Algiers,Algeria,Alger,36.7764,3.0586,3004000.0
December,65.0,44.0,54.0,3.61,80.0,47.0,9.0,30.16,7.0,Algiers,Algeria,Alger,36.7764,3.0586,3004000.0
January,31.0,15.0,23.0,5.09,83.0,18.0,22.0,29.91,11.0,Halifax,Canada,Nova Scotia,44.6475,-63.5906,439819.0
February,32.0,15.0,23.0,4.79,79.0,18.0,22.0,29.91,11.0,Halifax,Canada,Nova Scotia,44.6475,-63.5906,439819.0
March,38.0,22.0,30.0,4.64,76.0,23.0,22.0,29.94,11.0,Halifax,Canada,Nova Scotia,44.6475,-63.5906,439819.0
April,48.0,31.0,40.0,4.38,76.0,31.0,22.0,29.93,11.0,Halifax,Canada,Nova Scotia,44.6475,-63.5906,439819.0
May,60.0,40.0,50.0,3.82,76.0,41.0,19.0,29.98,11.0,Halifax,Canada,Nova Scotia,44.6475,-63.5906,439819.0
June,69.0,49.0,59.0,4.12,78.0,51.0,18.0,29.94,11.0,Halifax,Canada,Nova Scotia,44.6475,-63.5906,439819.0
July,76.0,57.0,66.0,3.39,80.0,59.0,16.0,29.95,11.0,Halifax,Canada,Nova Scotia,44.6475,-63.5906,439819.0
August,76.0,57.0,66.0,3.06,79.0,58.0,15.0,29.99,12.0,Halifax,Canada,Nova Scotia,44.6475,-63.5906,439819.0
September,68.0,50.0,59.0,4.55,81.0,53.0,17.0,30.04,12.0,Halifax,Canada,Nova Scotia,44.6475,-63.5906,439819.0
October,57.0,40.0,49.0,5.2,82.0,43.0,19.0,30.0,13.0,Halifax,Canada,Nova Scotia,44.6475,-63.5906,439819.0
November,46.0,32.0,39.0,5.85,83.0,34.0,20.0,30.01,12.0,Halifax,Canada,Nova Scotia,44.6475,-63.5906,439819.0
December,37.0,22.0,30.0,6.09,85.0,25.0,22.0,29.94,11.0,Halifax,Canada,Nova Scotia,44.6475,-63.5906,439819.0
January,40.0,28.0,34.0,3.61,60.0,21.0,13.0,30.07,9.0,New York,United States,New York,40.6943,-73.9249,19268388.0
February,42.0,29.0,36.0,3.37,57.0,21.0,13.0,30.06,9.0,New York,United States,New York,40.6943,-73.9249,19268388.0
March,50.0,35.0,43.0,4.25,57.0,27.0,12.0,30.06,9.0,New York,United States,New York,40.6943,-73.9249,19268388.0
April,62.0,45.0,53.0,4.06,56.0,36.0,11.0,30.0,9.0,New York,United States,New York,40.6943,-73.9249,19268388.0
May,71.0,54.0,63.0,4.02,62.0,48.0,8.0,30.0,9.0,New York,United States,New York,40.6943,-73.9249,19268388.0
June,80.0,64.0,72.0,4.5,65.0,59.0,7.0,29.96,9.0,New York,United States,New York,40.6943,-73.9249,19268388.0
July,85.0,70.0,77.0,4.83,65.0,64.0,6.0,29.96,9.0,New York,United States,New York,40.6943,-73.9249,19268388.0
August,84.0,69.0,76.0,4.62,66.0,63.0,6.0,30.0,9.0,New York,United States,New York,40.6943,-73.9249,19268388.0
September,76.0,62.0,69.0,4.53,67.0,57.0,7.0,30.06,9.0,New York,United States,New York,40.6943,-73.9249,19268388.0
October,65.0,51.0,58.0,4.48,66.0,46.0,8.0,30.06,9.0,New York,United States,New York,40.6943,-73.9249,19268388.0
November,54.0,41.0,48.0,3.56,62.0,35.0,10.0,30.11,9.0,New York,United States,New York,40.6943,-73.9249,19268388.0
December,45.0,33.0,39.0,4.27,62.0,27.0,11.0,30.09,9.0,New York,United States,New York,40.6943,-73.9249,19268388.0
January,33.0,15.0,24.0,1.2,83.0,16.0,6.0,30.33,3.0,Almaty,Kazakhstan,Almaty,43.24,76.915,2228675.0
February,37.0,20.0,29.0,1.46,81.0,21.0,7.0,30.26,3.0,Almaty,Kazakhstan,Almaty,43.24,76.915,2228675.0
March,50.0,31.0,41.0,2.24,72.0,31.0,8.0,30.15,5.0,Almaty,Kazakhstan,Almaty,43.24,76.915,2228675.0
April,64.0,43.0,54.0,3.12,61.0,39.0,9.0,30.06,6.0,Almaty,Kazakhstan,Almaty,43.24,76.915,2228675.0
May,74.0,52.0,63.0,3.27,57.0,47.0,9.0,29.95,7.0,Almaty,Kazakhstan,Almaty,43.24,76.915,2228675.0
June,83.0,60.0,71.0,1.98,50.0,51.0,9.0,29.78,7.0,Almaty,Kazakhstan,Almaty,43.24,76.915,2228675.0
July,87.0,64.0,76.0,1.8,45.0,52.0,9.0,29.7,7.0,Almaty,Kazakhstan,Almaty,43.24,76.915,2228675.0
August,86.0,62.0,74.0,1.15,45.0,49.0,8.0,29.78,7.0,Almaty,Kazakhstan,Almaty,43.24,76.915,2228675.0
September,77.0,52.0,64.0,0.85,47.0,42.0,8.0,29.98,7.0,Almaty,Kazakhstan,Almaty,43.24,76.915,2228675.0
October,63.0,40.0,51.0,1.44,63.0,36.0,7.0,30.19,6.0,Almaty,Kazakhstan,Almaty,43.24,76.915,2228675.0
November,47.0,29.0,38.0,1.78,78.0,28.0,7.0,30.3,4.0,Almaty,Kazakhstan,Almaty,43.24,76.915,2228675.0
December,36.0,20.0,28.0,1.47,84.0,20.0,6.0,30.36,3.0,Almaty,Kazakhstan,Almaty,43.24,76.915,2228675.0
January,68.0,58.0,63.0,1.53,76.0,55.0,11.0,30.09,4.0,Hanoi,Vietnam,Ha Noi,21.0245,105.8412,4138510.0
February,71.0,61.0,66.0,0.85,76.0,58.0,13.0,30.04,4.0,Hanoi,Vietnam,Ha Noi,21.0245,105.8412,4138510.0
March,76.0,67.0,71.0,2.15,82.0,65.0,13.0,29.93,4.0,Hanoi,Vietnam,Ha Noi,21.0245,105.8412,4138510.0
April,83.0,72.0,77.0,4.34,81.0,70.0,14.0,29.85,5.0,Hanoi,Vietnam,Ha Noi,21.0245,105.8412,4138510.0
May,91.0,78.0,84.0,7.3,78.0,76.0,14.0,29.72,5.0,Hanoi,Vietnam,Ha Noi,21.0245,105.8412,4138510.0
June,94.0,80.0,87.0,7.71,74.0,77.0,12.0,29.62,5.0,Hanoi,Vietnam,Ha Noi,21.0245,105.8412,4138510.0
July,93.0,80.0,86.0,11.77,77.0,77.0,12.0,29.62,6.0,Hanoi,Vietnam,Ha Noi,21.0245,105.8412,4138510.0
August,91.0,79.0,85.0,15.01,81.0,77.0,11.0,29.63,5.0,Hanoi,Vietnam,Ha Noi,21.0245,105.8412,4138510.0
September,90.0,77.0,84.0,9.6,78.0,75.0,10.0,29.77,5.0,Hanoi,Vietnam,Ha Noi,21.0245,105.8412,4138510.0
October,85.0,73.0,79.0,6.23,72.0,68.0,11.0,29.92,5.0,Hanoi,Vietnam,Ha Noi,21.0245,105.8412,4138510.0
November,79.0,68.0,73.0,1.82,72.0,63.0,11.0,30.0,5.0,Hanoi,Vietnam,Ha Noi,21.0245,105.8412,4138510.0
December,71.0,59.0,65.0,1.11,68.0,54.0,11.0,30.1,4.0,Hanoi,Vietnam,Ha Noi,21.0245,105.8412,4138510.0
January,32.0,24.0,28.0,2.3,85.0,24.0,11.0,29.81,21.0,Oslo,Norway,Oslo,59.9133,10.7389,1110887.0
February,35.0,26.0,30.0,2.05,82.0,25.0,11.0,29.87,22.0,Oslo,Norway,Oslo,59.9133,10.7389,1110887.0
March,44.0,30.0,37.0,1.48,69.0,26.0,12.0,29.9,28.0,Oslo,Norway,Oslo,59.9133,10.7389,1110887.0
April,53.0,35.0,44.0,1.73,57.0,28.0,13.0,29.92,32.0,Oslo,Norway,Oslo,59.9133,10.7389,1110887.0
May,63.0,45.0,54.0,2.7,63.0,39.0,13.0,29.93,29.0,Oslo,Norway,Oslo,59.9133,10.7389,1110887.0
June,70.0,52.0,61.0,3.46,64.0,47.0,12.0,29.89,30.0,Oslo,Norway,Oslo,59.9133,10.7389,1110887.0
July,74.0,56.0,65.0,3.33,65.0,52.0,11.0,29.86,32.0,Oslo,Norway,Oslo,59.9133,10.7389,1110887.0
August,70.0,54.0,62.0,3.91,72.0,52.0,11.0,29.88,31.0,Oslo,Norway,Oslo,59.9133,10.7389,1110887.0
September,63.0,48.0,55.0,3.52,75.0,47.0,11.0,29.92,30.0,Oslo,Norway,Oslo,59.9133,10.7389,1110887.0
October,51.0,40.0,45.0,3.94,81.0,39.0,12.0,29.9,28.0,Oslo,Norway,Oslo,59.9133,10.7389,1110887.0
November,41.0,33.0,37.0,3.24,86.0,33.0,11.0,29.83,24.0,Oslo,Norway,Oslo,59.9133,10.7389,1110887.0
December,35.0,27.0,31.0,3.11,87.0,27.0,10.0,29.77,22.0,Oslo,Norway,Oslo,59.9133,10.7389,1110887.0
January,55.0,40.0,48.0,2.56,71.0,37.0,11.0,30.08,4.0,Amman,Jordan,Al Asimah,31.95,35.9333,4007526.0
February,58.0,42.0,50.0,2.3,68.0,37.0,12.0,30.04,4.0,Amman,Jordan,Al Asimah,31.95,35.9333,4007526.0
March,64.0,46.0,55.0,1.95,60.0,39.0,12.0,29.97,4.0,Amman,Jordan,Al Asimah,31.95,35.9333,4007526.0
April,74.0,52.0,63.0,1.16,47.0,39.0,12.0,29.9,4.0,Amman,Jordan,Al Asimah,31.95,35.9333,4007526.0
May,83.0,60.0,72.0,1.44,39.0,43.0,13.0,29.83,4.0,Amman,Jordan,Al Asimah,31.95,35.9333,4007526.0
June,88.0,66.0,77.0,1.1,39.0,48.0,14.0,29.76,4.0,Amman,Jordan,Al Asimah,31.95,35.9333,4007526.0
July,91.0,70.0,81.0,0.61,40.0,52.0,15.0,29.68,4.0,Amman,Jordan,Al Asimah,31.95,35.9333,4007526.0
August,91.0,70.0,81.0,1.73,45.0,55.0,12.0,29.71,4.0,Amman,Jordan,Al Asimah,31.95,35.9333,4007526.0
September,88.0,66.0,77.0,0.92,50.0,54.0,10.0,29.82,4.0,Amman,Jordan,Al Asimah,31.95,35.9333,4007526.0
October,81.0,60.0,71.0,0.58,51.0,49.0,8.0,29.93,4.0,Amman,Jordan,Al Asimah,31.95,35.9333,4007526.0
November,69.0,51.0,60.0,1.13,59.0,42.0,8.0,30.03,4.0,Amman,Jordan,Al Asimah,31.95,35.9333,4007526.0
December,59.0,44.0,51.0,1.51,68.0,39.0,9.0,30.1,4.0,Amman,Jordan,Al Asimah,31.95,35.9333,4007526.0
January,80.0,62.0,71.0,6.86,75.0,61.0,12.0,29.97,11.0,Harare,Zimbabwe,Harare,-17.8292,31.0522,1558823.0
February,80.0,62.0,71.0,5.28,75.0,61.0,12.0,29.99,11.0,Harare,Zimbabwe,Harare,-17.8292,31.0522,1558823.0
March,80.0,60.0,70.0,3.8,73.0,59.0,12.0,30.03,11.0,Harare,Zimbabwe,Harare,-17.8292,31.0522,1558823.0
April,78.0,56.0,67.0,1.4,67.0,54.0,12.0,30.1,11.0,Harare,Zimbabwe,Harare,-17.8292,31.0522,1558823.0
May,75.0,50.0,63.0,0.72,60.0,47.0,11.0,30.16,11.0,Harare,Zimbabwe,Harare,-17.8292,31.0522,1558823.0
June,71.0,47.0,59.0,0.34,59.0,43.0,12.0,30.22,11.0,Harare,Zimbabwe,Harare,-17.8292,31.0522,1558823.0
July,71.0,46.0,58.0,0.07,57.0,41.0,13.0,30.24,10.0,Harare,Zimbabwe,Harare,-17.8292,31.0522,1558823.0
August,76.0,49.0,63.0,0.06,49.0,41.0,14.0,30.17,8.0,Harare,Zimbabwe,Harare,-17.8292,31.0522,1558823.0
September,82.0,55.0,69.0,0.09,44.0,43.0,16.0,30.1,6.0,Harare,Zimbabwe,Harare,-17.8292,31.0522,1558823.0
October,85.0,59.0,72.0,1.03,48.0,49.0,17.0,30.04,8.0,Harare,Zimbabwe,Harare,-17.8292,31.0522,1558823.0
November,84.0,62.0,73.0,3.11,59.0,55.0,16.0,30.01,10.0,Harare,Zimbabwe,Harare,-17.8292,31.0522,1558823.0
December,81.0,62.0,71.0,7.17,72.0,60.0,13.0,29.99,10.0,Harare,Zimbabwe,Harare,-17.8292,31.0522,1558823.0
January,23.0,6.0,15.0,2.64,75.0,8.0,17.0,30.03,12.0,Ottawa,Canada,Ontario,45.4247,-75.695,1068821.0
February,26.0,9.0,17.0,2.14,70.0,10.0,17.0,30.03,12.0,Ottawa,Canada,Ontario,45.4247,-75.695,1068821.0
March,36.0,20.0,28.0,2.51,66.0,18.0,17.0,30.03,13.0,Ottawa,Canada,Ontario,45.4247,-75.695,1068821.0
April,52.0,33.0,42.0,3.11,61.0,29.0,18.0,29.97,15.0,Ottawa,Canada,Ontario,45.4247,-75.695,1068821.0
May,67.0,45.0,56.0,2.96,62.0,42.0,16.0,29.97,15.0,Ottawa,Canada,Ontario,45.4247,-75.695,1068821.0
June,76.0,55.0,66.0,3.91,69.0,54.0,14.0,29.92,14.0,Ottawa,Canada,Ontario,45.4247,-75.695,1068821.0
July,80.0,60.0,70.0,3.76,70.0,59.0,13.0,29.92,15.0,Ottawa,Canada,Ontario,45.4247,-75.695,1068821.0
August,79.0,58.0,68.0,3.21,73.0,58.0,12.0,29.98,14.0,Ottawa,Canada,Ontario,45.4247,-75.695,1068821.0
September,70.0,50.0,60.0,3.41,75.0,52.0,13.0,30.03,14.0,Ottawa,Canada,Ontario,45.4247,-75.695,1068821.0
October,56.0,39.0,47.0,3.42,76.0,39.0,15.0,30.02,14.0,Ottawa,Canada,Ontario,45.4247,-75.695,1068821.0
November,42.0,27.0,35.0,2.77,77.0,28.0,16.0,30.04,13.0,Ottawa,Canada,Ontario,45.4247,-75.695,1068821.0
December,30.0,16.0,23.0,2.86,79.0,17.0,17.0,30.03,11.0,Ottawa,Canada,Ontario,45.4247,-75.695,1068821.0
January,44.0,34.0,39.0,2.73,88.0,36.0,24.0,30.0,7.0,Amsterdam,Netherlands,Noord-Holland,52.3667,4.8833,1477213.0
February,45.0,34.0,40.0,2.34,86.0,36.0,23.0,30.0,7.0,Amsterdam,Netherlands,Noord-Holland,52.3667,4.8833,1477213.0
March,50.0,37.0,44.0,2.14,82.0,38.0,22.0,30.0,7.0,Amsterdam,Netherlands,Noord-Holland,52.3667,4.8833,1477213.0
April,57.0,41.0,49.0,1.64,76.0,41.0,19.0,29.97,9.0,Amsterdam,Netherlands,Noord-Holland,52.3667,4.8833,1477213.0
May,64.0,47.0,56.0,2.47,75.0,47.0,19.0,29.99,10.0,Amsterdam,Netherlands,Noord-Holland,52.3667,4.8833,1477213.0
June,69.0,53.0,61.0,2.73,76.0,53.0,18.0,30.02,10.0,Amsterdam,Netherlands,Noord-Holland,52.3667,4.8833,1477213.0
July,72.0,56.0,64.0,3.08,78.0,57.0,17.0,29.98,10.0,Amsterdam,Netherlands,Noord-Holland,52.3667,4.8833,1477213.0
August,72.0,56.0,64.0,4.05,79.0,57.0,17.0,29.97,10.0,Amsterdam,Netherlands,Noord-Holland,52.3667,4.8833,1477213.0
September,67.0,52.0,59.0,3.06,82.0,53.0,17.0,30.0,9.0,Amsterdam,Netherlands,Noord-Holland,52.3667,4.8833,1477213.0
October,59.0,46.0,52.0,3.55,85.0,48.0,20.0,29.96,8.0,Amsterdam,Netherlands,Noord-Holland,52.3667,4.8833,1477213.0
November,50.0,40.0,45.0,3.3,89.0,42.0,20.0,29.93,7.0,Amsterdam,Netherlands,Noord-Holland,52.3667,4.8833,1477213.0
December,45.0,35.0,40.0,3.23,89.0,38.0,22.0,29.96,7.0,Amsterdam,Netherlands,Noord-Holland,52.3667,4.8833,1477213.0
January,79.0,61.0,70.0,1.28,78.0,62.0,14.0,30.09,5.0,Havana,Cuba,La Habana,23.1367,-82.3589,2146237.0
February,81.0,62.0,72.0,1.16,77.0,63.0,14.0,30.07,5.0,Havana,Cuba,La Habana,23.1367,-82.3589,2146237.0
March,83.0,63.0,73.0,1.1,74.0,63.0,15.0,30.05,5.0,Havana,Cuba,La Habana,23.1367,-82.3589,2146237.0
April,86.0,67.0,76.0,1.28,72.0,66.0,15.0,30.01,5.0,Havana,Cuba,La Habana,23.1367,-82.3589,2146237.0
May,88.0,70.0,79.0,3.12,76.0,70.0,13.0,29.98,5.0,Havana,Cuba,La Habana,23.1367,-82.3589,2146237.0
June,89.0,73.0,81.0,4.57,81.0,73.0,11.0,30.0,5.0,Havana,Cuba,La Habana,23.1367,-82.3589,2146237.0
July,90.0,73.0,82.0,3.95,80.0,73.0,11.0,30.03,5.0,Havana,Cuba,La Habana,23.1367,-82.3589,2146237.0
August,90.0,73.0,82.0,4.78,81.0,74.0,10.0,29.99,5.0,Havana,Cuba,La Habana,23.1367,-82.3589,2146237.0
September,89.0,73.0,81.0,5.12,83.0,74.0,10.0,29.95,5.0,Havana,Cuba,La Habana,23.1367,-82.3589,2146237.0
October,86.0,71.0,79.0,4.53,82.0,72.0,12.0,29.95,5.0,Havana,Cuba,La Habana,23.1367,-82.3589,2146237.0
November,83.0,66.0,74.0,2.37,80.0,67.0,13.0,30.02,5.0,Havana,Cuba,La Habana,23.1367,-82.3589,2146237.0
December,81.0,63.0,72.0,1.36,80.0,65.0,13.0,30.07,5.0,Havana,Cuba,La Habana,23.1367,-82.3589,2146237.0
January,45.0,35.0,40.0,1.84,87.0,37.0,16.0,30.05,6.0,Paris,France,Ile-de-France,48.8567,2.3522,11060000.0
February,47.0,35.0,41.0,1.74,78.0,34.0,17.0,30.05,6.0,Paris,France,Ile-de-France,48.8567,2.3522,11060000.0
March,54.0,39.0,46.0,1.67,72.0,37.0,16.0,30.03,6.0,Paris,France,Ile-de-France,48.8567,2.3522,11060000.0
April,61.0,42.0,51.0,1.35,65.0,39.0,15.0,29.99,8.0,Paris,France,Ile-de-France,48.8567,2.3522,11060000.0
May,66.0,46.0,56.0,2.79,71.0,47.0,15.0,30.0,8.0,Paris,France,Ile-de-France,48.8567,2.3522,11060000.0
June,74.0,53.0,64.0,2.43,70.0,53.0,14.0,30.02,8.0,Paris,France,Ile-de-France,48.8567,2.3522,11060000.0
July,79.0,58.0,68.0,1.57,64.0,55.0,14.0,30.02,9.0,Paris,France,Ile-de-France,48.8567,2.3522,11060000.0
August,78.0,56.0,67.0,1.77,66.0,55.0,13.0,30.02,9.0,Paris,France,Ile-de-France,48.8567,2.3522,11060000.0
September,71.0,51.0,61.0,1.81,71.0,52.0,12.0,30.06,8.0,Paris,France,Ile-de-France,48.8567,2.3522,11060000.0
October,61.0,47.0,54.0,2.13,82.0,49.0,14.0,30.02,7.0,Paris,France,Ile-de-France,48.8567,2.3522,11060000.0
November,51.0,40.0,46.0,2.1,87.0,42.0,14.0,29.99,6.0,Paris,France,Ile-de-France,48.8567,2.3522,11060000.0
December,48.0,37.0,42.0,2.54,88.0,39.0,16.0,30.08,6.0,Paris,France,Ile-de-France,48.8567,2.3522,11060000.0
January,-1.0,-15.0,-8.0,1.61,81.0,-12.0,26.0,29.99,13.0,Anadyr,Russia,Chukotskiy Avtonomnyy Okrug,64.7333,177.5042,13224.0
February,1.0,-13.0,-6.0,1.84,81.0,-10.0,28.0,29.95,12.0,Anadyr,Russia,Chukotskiy Avtonomnyy Okrug,64.7333,177.5042,13224.0
March,6.0,-8.0,-1.0,1.46,81.0,-5.0,26.0,30.03,14.0,Anadyr,Russia,Chukotskiy Avtonomnyy Okrug,64.7333,177.5042,13224.0
April,18.0,4.0,11.0,0.93,82.0,7.0,22.0,30.0,15.0,Anadyr,Russia,Chukotskiy Avtonomnyy Okrug,64.7333,177.5042,13224.0
May,36.0,25.0,31.0,0.47,82.0,26.0,21.0,29.95,14.0,Anadyr,Russia,Chukotskiy Avtonomnyy Okrug,64.7333,177.5042,13224.0
June,53.0,39.0,46.0,0.6,75.0,38.0,23.0,29.86,15.0,Anadyr,Russia,Chukotskiy Avtonomnyy Okrug,64.7333,177.5042,13224.0
July,61.0,48.0,54.0,1.45,78.0,47.0,23.0,29.81,15.0,Anadyr,Russia,Chukotskiy Avtonomnyy Okrug,64.7333,177.5042,13224.0
August,57.0,45.0,51.0,1.76,80.0,45.0,22.0,29.82,14.0,Anadyr,Russia,Chukotskiy Avtonomnyy Okrug,64.7333,177.5042,13224.0
September,47.0,36.0,42.0,1.3,79.0,36.0,21.0,29.83,14.0,Anadyr,Russia,Chukotskiy Avtonomnyy Okrug,64.7333,177.5042,13224.0
October,30.0,21.0,25.0,1.06,85.0,21.0,24.0,29.85,13.0,Anadyr,Russia,Chukotskiy Avtonomnyy Okrug,64.7333,177.5042,13224.0
November,17.0,5.0,11.0,1.31,85.0,7.0,30.0,29.85,12.0,Anadyr,Russia,Chukotskiy Avtonomnyy Okrug,64.7333,177.5042,13224.0
December,4.0,-10.0,-3.0,1.38,82.0,-7.0,29.0,29.9,12.0,Anadyr,Russia,Chukotskiy Avtonomnyy Okrug,64.7333,177.5042,13224.0
January,31.0,21.0,26.0,1.95,89.0,23.0,15.0,29.83,6.0,Helsinki,Finland,Uusimaa,60.1708,24.9375,1360075.0
February,30.0,19.0,25.0,1.54,87.0,21.0,14.0,29.87,6.0,Helsinki,Finland,Uusimaa,60.1708,24.9375,1360075.0
March,36.0,24.0,30.0,1.26,80.0,24.0,14.0,29.87,7.0,Helsinki,Finland,Uusimaa,60.1708,24.9375,1360075.0
April,47.0,32.0,40.0,1.22,70.0,30.0,14.0,29.92,7.0,Helsinki,Finland,Uusimaa,60.1708,24.9375,1360075.0
May,59.0,41.0,50.0,1.36,64.0,38.0,14.0,29.95,8.0,Helsinki,Finland,Uusimaa,60.1708,24.9375,1360075.0
June,67.0,50.0,58.0,1.95,68.0,48.0,14.0,29.88,8.0,Helsinki,Finland,Uusimaa,60.1708,24.9375,1360075.0
July,72.0,56.0,64.0,2.12,71.0,54.0,13.0,29.87,8.0,Helsinki,Finland,Uusimaa,60.1708,24.9375,1360075.0
August,69.0,53.0,61.0,3.02,76.0,53.0,12.0,29.9,7.0,Helsinki,Finland,Uusimaa,60.1708,24.9375,1360075.0
September,60.0,46.0,53.0,2.05,82.0,47.0,13.0,29.94,7.0,Helsinki,Finland,Uusimaa,60.1708,24.9375,1360075.0
October,48.0,38.0,43.0,2.74,86.0,39.0,14.0,29.91,7.0,Helsinki,Finland,Uusimaa,60.1708,24.9375,1360075.0
November,39.0,31.0,35.0,2.42,89.0,32.0,14.0,29.89,6.0,Helsinki,Finland,Uusimaa,60.1708,24.9375,1360075.0
December,34.0,25.0,30.0,2.38,89.0,27.0,15.0,29.83,6.0,Helsinki,Finland,Uusimaa,60.1708,24.9375,1360075.0
January,90.0,64.0,77.0,0.62,49.0,53.0,23.0,29.88,11.0,Perth,Australia,Western Australia,-31.9558,115.8597,2141834.0
February,90.0,64.0,77.0,0.68,50.0,54.0,22.0,29.89,11.0,Perth,Australia,Western Australia,-31.9558,115.8597,2141834.0
March,86.0,62.0,74.0,0.75,53.0,53.0,21.0,29.98,11.0,Perth,Australia,Western Australia,-31.9558,115.8597,2141834.0
April,79.0,56.0,68.0,1.18,62.0,51.0,17.0,30.06,11.0,Perth,Australia,Western Australia,-31.9558,115.8597,2141834.0
May,72.0,51.0,62.0,3.22,69.0,49.0,15.0,30.1,10.0,Perth,Australia,Western Australia,-31.9558,115.8597,2141834.0
June,67.0,48.0,58.0,4.68,74.0,47.0,16.0,30.12,10.0,Perth,Australia,Western Australia,-31.9558,115.8597,2141834.0
July,65.0,47.0,56.0,5.54,76.0,47.0,16.0,30.12,9.0,Perth,Australia,Western Australia,-31.9558,115.8597,2141834.0
August,66.0,47.0,57.0,4.75,75.0,47.0,16.0,30.12,9.0,Perth,Australia,Western Australia,-31.9558,115.8597,2141834.0
September,69.0,48.0,59.0,3.08,71.0,47.0,17.0,30.07,10.0,Perth,Australia,Western Australia,-31.9558,115.8597,2141834.0
October,74.0,51.0,63.0,1.4,64.0,48.0,19.0,30.04,10.0,Perth,Australia,Western Australia,-31.9558,115.8597,2141834.0
November,81.0,56.0,68.0,1.05,57.0,50.0,21.0,29.96,10.0,Perth,Australia,Western Australia,-31.9558,115.8597,2141834.0
December,86.0,60.0,73.0,0.34,51.0,51.0,23.0,29.91,11.0,Perth,Australia,Western Australia,-31.9558,115.8597,2141834.0
January,23.0,11.0,17.0,0.63,78.0,12.0,7.0,29.92,9.0,Anchorage,United States,Alaska,61.1508,-149.1091,288976.0
February,28.0,15.0,21.0,0.68,77.0,15.0,7.0,30.03,9.0,Anchorage,United States,Alaska,61.1508,-149.1091,288976.0
March,34.0,18.0,26.0,0.54,66.0,16.0,8.0,30.01,10.0,Anchorage,United States,Alaska,61.1508,-149.1091,288976.0
April,46.0,30.0,38.0,0.39,62.0,26.0,7.0,29.92,10.0,Anchorage,United States,Alaska,61.1508,-149.1091,288976.0
May,58.0,42.0,50.0,0.66,57.0,35.0,8.0,29.95,10.0,Anchorage,United States,Alaska,61.1508,-149.1091,288976.0
June,65.0,50.0,58.0,0.95,62.0,44.0,9.0,29.93,12.0,Anchorage,United States,Alaska,61.1508,-149.1091,288976.0
July,68.0,54.0,61.0,1.74,68.0,50.0,7.0,29.96,10.0,Anchorage,United States,Alaska,61.1508,-149.1091,288976.0
August,65.0,52.0,59.0,2.87,72.0,49.0,6.0,29.91,10.0,Anchorage,United States,Alaska,61.1508,-149.1091,288976.0
September,57.0,44.0,50.0,3.02,73.0,42.0,7.0,29.85,10.0,Anchorage,United States,Alaska,61.1508,-149.1091,288976.0
October,43.0,32.0,38.0,1.75,74.0,30.0,7.0,29.9,10.0,Anchorage,United States,Alaska,61.1508,-149.1091,288976.0
November,29.0,19.0,24.0,0.97,78.0,18.0,8.0,29.91,9.0,Anchorage,United States,Alaska,61.1508,-149.1091,288976.0
December,25.0,14.0,19.0,0.95,80.0,14.0,7.0,30.01,9.0,Anchorage,United States,Alaska,61.1508,-149.1091,288976.0
January,68.0,58.0,63.0,1.1,67.0,51.0,18.0,30.13,5.0,Hong Kong,Hong Kong,Hong Kong,22.2783,114.1586,7450000.0
February,69.0,60.0,65.0,1.21,73.0,55.0,18.0,30.08,6.0,Hong Kong,Hong Kong,Hong Kong,22.2783,114.1586,7450000.0
March,74.0,64.0,69.0,2.08,76.0,60.0,19.0,30.0,6.0,Hong Kong,Hong Kong,Hong Kong,22.2783,114.1586,7450000.0
April,80.0,71.0,76.0,3.12,77.0,67.0,19.0,29.91,6.0,Hong Kong,Hong Kong,Hong Kong,22.2783,114.1586,7450000.0
May,86.0,77.0,82.0,6.32,76.0,73.0,18.0,29.8,7.0,Hong Kong,Hong Kong,Hong Kong,22.2783,114.1586,7450000.0
June,89.0,81.0,85.0,8.56,76.0,76.0,18.0,29.71,7.0,Hong Kong,Hong Kong,Hong Kong,22.2783,114.1586,7450000.0
July,91.0,81.0,86.0,7.49,75.0,77.0,18.0,29.7,7.0,Hong Kong,Hong Kong,Hong Kong,22.2783,114.1586,7450000.0
August,91.0,81.0,86.0,8.95,75.0,76.0,16.0,29.69,7.0,Hong Kong,Hong Kong,Hong Kong,22.2783,114.1586,7450000.0
September,89.0,80.0,85.0,5.75,72.0,74.0,17.0,29.79,7.0,Hong Kong,Hong Kong,Hong Kong,22.2783,114.1586,7450000.0
October,85.0,76.0,80.0,1.51,66.0,67.0,18.0,29.95,6.0,Hong Kong,Hong Kong,Hong Kong,22.2783,114.1586,7450000.0
November,79.0,69.0,74.0,1.07,65.0,60.0,18.0,30.04,6.0,Hong Kong,Hong Kong,Hong Kong,22.2783,114.1586,7450000.0
December,71.0,61.0,66.0,1.04,63.0,52.0,17.0,30.13,6.0,Hong Kong,Hong Kong,Hong Kong,22.2783,114.1586,7450000.0
January,41.0,27.0,34.0,3.03,63.0,22.0,16.0,30.1,9.0,Philadelphia,United States,Pennsylvania,40.0077,-75.1339,5782653.0
February,44.0,28.0,36.0,2.9,60.0,23.0,17.0,30.09,9.0,Philadelphia,United States,Pennsylvania,40.0077,-75.1339,5782653.0
March,53.0,35.0,44.0,3.98,58.0,29.0,17.0,30.08,9.0,Philadelphia,United States,Pennsylvania,40.0077,-75.1339,5782653.0
April,64.0,45.0,55.0,3.48,57.0,39.0,17.0,30.0,9.0,Philadelphia,United States,Pennsylvania,40.0077,-75.1339,5782653.0
May,74.0,55.0,64.0,3.41,62.0,50.0,14.0,30.01,9.0,Philadelphia,United States,Pennsylvania,40.0077,-75.1339,5782653.0
June,83.0,65.0,74.0,4.04,64.0,61.0,14.0,29.97,9.0,Philadelphia,United States,Pennsylvania,40.0077,-75.1339,5782653.0
July,88.0,70.0,79.0,4.47,64.0,65.0,13.0,29.97,9.0,Philadelphia,United States,Pennsylvania,40.0077,-75.1339,5782653.0
August,86.0,69.0,77.0,4.38,66.0,64.0,12.0,30.01,9.0,Philadelphia,United States,Pennsylvania,40.0077,-75.1339,5782653.0
September,79.0,62.0,70.0,4.44,67.0,59.0,13.0,30.06,9.0,Philadelphia,United States,Pennsylvania,40.0077,-75.1339,5782653.0
October,67.0,50.0,59.0,3.56,67.0,47.0,14.0,30.08,9.0,Philadelphia,United States,Pennsylvania,40.0077,-75.1339,5782653.0
November,56.0,39.0,48.0,2.88,64.0,35.0,15.0,30.13,9.0,Philadelphia,United States,Pennsylvania,40.0077,-75.1339,5782653.0
December,46.0,32.0,39.0,3.85,65.0,28.0,15.0,30.12,9.0,Philadelphia,United States,Pennsylvania,40.0077,-75.1339,5782653.0
January,41.0,26.0,33.0,1.39,80.0,27.0,7.0,30.13,5.0,Ankara,Turkey,Ankara,39.9358,32.8387,77168.0
February,46.0,28.0,37.0,1.26,73.0,28.0,9.0,30.08,6.0,Ankara,Turkey,Ankara,39.9358,32.8387,77168.0
March,54.0,33.0,43.0,1.76,64.0,31.0,10.0,29.99,7.0,Ankara,Turkey,Ankara,39.9358,32.8387,77168.0
April,63.0,41.0,52.0,1.74,59.0,37.0,10.0,29.93,7.0,Ankara,Turkey,Ankara,39.9358,32.8387,77168.0
May,73.0,49.0,61.0,2.29,57.0,44.0,10.0,29.91,7.0,Ankara,Turkey,Ankara,39.9358,32.8387,77168.0
June,81.0,56.0,68.0,2.19,53.0,49.0,11.0,29.88,7.0,Ankara,Turkey,Ankara,39.9358,32.8387,77168.0
July,88.0,62.0,75.0,0.71,43.0,50.0,11.0,29.82,7.0,Ankara,Turkey,Ankara,39.9358,32.8387,77168.0
August,88.0,62.0,75.0,0.65,43.0,50.0,11.0,29.86,7.0,Ankara,Turkey,Ankara,39.9358,32.8387,77168.0
September,80.0,53.0,66.0,0.9,49.0,45.0,9.0,29.95,7.0,Ankara,Turkey,Ankara,39.9358,32.8387,77168.0
October,69.0,44.0,56.0,0.96,62.0,41.0,7.0,30.08,7.0,Ankara,Turkey,Ankara,39.9358,32.8387,77168.0
November,56.0,33.0,45.0,1.11,73.0,35.0,6.0,30.14,6.0,Ankara,Turkey,Ankara,39.9358,32.8387,77168.0
December,44.0,29.0,37.0,1.41,80.0,31.0,7.0,30.16,6.0,Ankara,Turkey,Ankara,39.9358,32.8387,77168.0
January,81.0,67.0,74.0,1.95,71.0,63.0,14.0,30.01,11.0,Honolulu,United States,Hawaii,21.3294,-157.846,345482.0
February,81.0,67.0,74.0,2.05,68.0,62.0,15.0,30.03,10.0,Honolulu,United States,Hawaii,21.3294,-157.846,345482.0
March,81.0,68.0,75.0,2.35,67.0,63.0,16.0,30.05,10.0,Honolulu,United States,Hawaii,21.3294,-157.846,345482.0
April,83.0,70.0,77.0,0.83,65.0,64.0,19.0,30.06,11.0,Honolulu,United States,Hawaii,21.3294,-157.846,345482.0
May,85.0,72.0,78.0,0.89,64.0,65.0,18.0,30.04,11.0,Honolulu,United States,Hawaii,21.3294,-157.846,345482.0
June,87.0,74.0,80.0,0.57,62.0,66.0,21.0,30.03,11.0,Honolulu,United States,Hawaii,21.3294,-157.846,345482.0
July,88.0,75.0,82.0,0.59,62.0,67.0,22.0,30.02,11.0,Honolulu,United States,Hawaii,21.3294,-157.846,345482.0
August,89.0,76.0,82.0,0.94,62.0,67.0,21.0,30.0,11.0,Honolulu,United States,Hawaii,21.3294,-157.846,345482.0
September,88.0,75.0,82.0,0.89,64.0,68.0,18.0,29.98,11.0,Honolulu,United States,Hawaii,21.3294,-157.846,345482.0
October,87.0,74.0,80.0,1.46,66.0,68.0,17.0,29.98,11.0,Honolulu,United States,Hawaii,21.3294,-157.846,345482.0
November,84.0,72.0,78.0,2.26,68.0,66.0,16.0,30.0,10.0,Honolulu,United States,Hawaii,21.3294,-157.846,345482.0
December,82.0,69.0,76.0,2.55,70.0,65.0,15.0,30.02,10.0,Honolulu,United States,Hawaii,21.3294,-157.846,345482.0
January,68.0,46.0,57.0,0.88,42.0,32.0,6.0,30.05,11.0,Phoenix,United States,Arizona,33.5722,-112.0892,4121103.0
February,71.0,49.0,60.0,0.87,39.0,33.0,7.0,29.99,11.0,Phoenix,United States,Arizona,33.5722,-112.0892,4121103.0
March,79.0,54.0,66.0,0.78,32.0,33.0,7.0,29.92,10.0,Phoenix,United States,Arizona,33.5722,-112.0892,4121103.0
April,86.0,61.0,73.0,0.23,22.0,31.0,8.0,29.84,10.0,Phoenix,United States,Arizona,33.5722,-112.0892,4121103.0
May,95.0,69.0,82.0,0.13,18.0,34.0,8.0,29.78,10.0,Phoenix,United States,Arizona,33.5722,-112.0892,4121103.0
June,105.0,79.0,92.0,0.03,15.0,37.0,8.0,29.73,10.0,Phoenix,United States,Arizona,33.5722,-112.0892,4121103.0
July,107.0,84.0,96.0,0.98,27.0,55.0,8.0,29.78,10.0,Phoenix,United States,Arizona,33.5722,-112.0892,4121103.0
August,105.0,83.0,94.0,1.0,32.0,59.0,7.0,29.78,10.0,Phoenix,United States,Arizona,33.5722,-112.0892,4121103.0
September,101.0,78.0,89.0,0.59,29.0,52.0,7.0,29.78,10.0,Phoenix,United States,Arizona,33.5722,-112.0892,4121103.0
October,90.0,65.0,77.0,0.53,28.0,41.0,6.0,29.86,10.0,Phoenix,United States,Arizona,33.5722,-112.0892,4121103.0
November,77.0,54.0,65.0,0.54,33.0,34.0,6.0,29.98,10.0,Phoenix,United States,Arizona,33.5722,-112.0892,4121103.0
December,67.0,45.0,56.0,0.74,43.0,32.0,6.0,30.04,10.0,Phoenix,United States,Arizona,33.5722,-112.0892,4121103.0
January,82.0,63.0,72.0,13.33,82.0,64.0,11.0,29.99,8.0,Antananarivo,Madagascar,Antananarivo,-18.91,47.525,2300000.0
February,81.0,63.0,72.0,11.27,82.0,64.0,11.0,29.98,9.0,Antananarivo,Madagascar,Antananarivo,-18.91,47.525,2300000.0
March,81.0,63.0,72.0,8.36,81.0,63.0,11.0,30.02,9.0,Antananarivo,Madagascar,Antananarivo,-18.91,47.525,2300000.0
April,80.0,60.0,70.0,2.85,79.0,61.0,10.0,30.08,10.0,Antananarivo,Madagascar,Antananarivo,-18.91,47.525,2300000.0
May,76.0,56.0,66.0,1.36,80.0,57.0,9.0,30.14,9.0,Antananarivo,Madagascar,Antananarivo,-18.91,47.525,2300000.0
June,72.0,51.0,61.0,0.32,80.0,53.0,10.0,30.2,9.0,Antananarivo,Madagascar,Antananarivo,-18.91,47.525,2300000.0
July,70.0,50.0,60.0,0.43,79.0,51.0,12.0,30.23,9.0,Antananarivo,Madagascar,Antananarivo,-18.91,47.525,2300000.0
August,73.0,50.0,61.0,0.3,76.0,51.0,12.0,30.22,9.0,Antananarivo,Madagascar,Antananarivo,-18.91,47.525,2300000.0
September,77.0,52.0,65.0,0.64,71.0,52.0,13.0,30.19,10.0,Antananarivo,Madagascar,Antananarivo,-18.91,47.525,2300000.0
October,81.0,56.0,69.0,2.19,70.0,56.0,13.0,30.13,9.0,Antananarivo,Madagascar,Antananarivo,-18.91,47.525,2300000.0
November,83.0,60.0,71.0,6.24,73.0,59.0,11.0,30.07,8.0,Antananarivo,Madagascar,Antananarivo,-18.91,47.525,2300000.0
December,83.0,62.0,72.0,11.06,78.0,63.0,11.0,30.03,8.0,Antananarivo,Madagascar,Antananarivo,-18.91,47.525,2300000.0
January,64.0,46.0,55.0,3.85,71.0,45.0,15.0,30.15,9.0,Houston,United States,Texas,29.786,-95.3885,6227666.0
February,68.0,50.0,59.0,2.87,72.0,49.0,15.0,30.1,9.0,Houston,United States,Texas,29.786,-95.3885,6227666.0
March,74.0,56.0,65.0,3.3,71.0,55.0,15.0,30.05,9.0,Houston,United States,Texas,29.786,-95.3885,6227666.0
April,80.0,62.0,71.0,3.81,71.0,60.0,15.0,29.98,10.0,Houston,United States,Texas,29.786,-95.3885,6227666.0
May,86.0,69.0,78.0,5.5,72.0,67.0,14.0,29.96,10.0,Houston,United States,Texas,29.786,-95.3885,6227666.0
June,91.0,75.0,83.0,5.94,72.0,73.0,11.0,29.94,10.0,Houston,United States,Texas,29.786,-95.3885,6227666.0
July,93.0,76.0,85.0,4.78,71.0,74.0,10.0,30.0,10.0,Houston,United States,Texas,29.786,-95.3885,6227666.0
August,94.0,77.0,85.0,5.31,70.0,74.0,9.0,29.98,10.0,Houston,United States,Texas,29.786,-95.3885,6227666.0
September,90.0,73.0,81.0,5.48,70.0,70.0,10.0,29.97,10.0,Houston,United States,Texas,29.786,-95.3885,6227666.0
October,83.0,64.0,73.0,5.8,69.0,62.0,12.0,30.03,10.0,Houston,United States,Texas,29.786,-95.3885,6227666.0
November,73.0,54.0,64.0,3.76,72.0,54.0,13.0,30.12,10.0,Houston,United States,Texas,29.786,-95.3885,6227666.0
December,66.0,48.0,57.0,4.19,73.0,48.0,14.0,30.13,9.0,Houston,United States,Texas,29.786,-95.3885,6227666.0
January,35.0,26.0,30.0,2.1,86.0,27.0,18.0,30.1,8.0,Prague,Czechia,Praha,50.0875,14.4214,1397880.0
February,39.0,27.0,33.0,1.4,81.0,28.0,18.0,30.08,9.0,Prague,Czechia,Praha,50.0875,14.4214,1397880.0
March,47.0,32.0,39.0,1.22,76.0,31.0,18.0,30.04,10.0,Prague,Czechia,Praha,50.0875,14.4214,1397880.0
April,58.0,38.0,48.0,1.11,67.0,37.0,16.0,29.97,12.0,Prague,Czechia,Praha,50.0875,14.4214,1397880.0
May,66.0,46.0,56.0,2.42,70.0,46.0,15.0,29.99,13.0,Prague,Czechia,Praha,50.0875,14.4214,1397880.0
June,72.0,52.0,62.0,2.65,71.0,52.0,14.0,30.0,14.0,Prague,Czechia,Praha,50.0875,14.4214,1397880.0
July,76.0,55.0,66.0,2.91,69.0,54.0,15.0,29.98,14.0,Prague,Czechia,Praha,50.0875,14.4214,1397880.0
August,76.0,55.0,65.0,2.56,69.0,54.0,14.0,30.0,14.0,Prague,Czechia,Praha,50.0875,14.4214,1397880.0
September,66.0,48.0,57.0,1.59,76.0,49.0,14.0,30.04,12.0,Prague,Czechia,Praha,50.0875,14.4214,1397880.0
October,55.0,41.0,48.0,1.34,83.0,42.0,15.0,30.07,9.0,Prague,Czechia,Praha,50.0875,14.4214,1397880.0
November,44.0,34.0,39.0,1.13,88.0,35.0,15.0,30.04,7.0,Prague,Czechia,Praha,50.0875,14.4214,1397880.0
December,37.0,28.0,33.0,1.21,87.0,30.0,17.0,30.09,8.0,Prague,Czechia,Praha,50.0875,14.4214,1397880.0
January,95.0,73.0,84.0,5.28,69.0,70.0,13.0,29.79,8.0,Asuncion,Paraguay,Asuncion,-25.28,-57.6344,462241.0
February,93.0,72.0,83.0,5.88,71.0,70.0,13.0,29.82,8.0,Asuncion,Paraguay,Asuncion,-25.28,-57.6344,462241.0
March,91.0,70.0,81.0,5.07,72.0,68.0,12.0,29.86,8.0,Asuncion,Paraguay,Asuncion,-25.28,-57.6344,462241.0
April,87.0,66.0,76.0,5.68,75.0,65.0,12.0,29.92,8.0,Asuncion,Paraguay,Asuncion,-25.28,-57.6344,462241.0
May,79.0,59.0,69.0,4.92,78.0,59.0,13.0,30.0,8.0,Asuncion,Paraguay,Asuncion,-25.28,-57.6344,462241.0
June,77.0,57.0,67.0,2.87,77.0,57.0,14.0,30.01,7.0,Asuncion,Paraguay,Asuncion,-25.28,-57.6344,462241.0
July,77.0,54.0,66.0,1.98,70.0,53.0,15.0,30.04,7.0,Asuncion,Paraguay,Asuncion,-25.28,-57.6344,462241.0
August,82.0,57.0,70.0,1.49,63.0,54.0,17.0,30.0,7.0,Asuncion,Paraguay,Asuncion,-25.28,-57.6344,462241.0
September,85.0,61.0,73.0,2.52,62.0,56.0,17.0,29.94,7.0,Asuncion,Paraguay,Asuncion,-25.28,-57.6344,462241.0
October,89.0,66.0,78.0,5.52,68.0,63.0,17.0,29.86,8.0,Asuncion,Paraguay,Asuncion,-25.28,-57.6344,462241.0
November,90.0,68.0,79.0,6.97,67.0,65.0,15.0,29.82,8.0,Asuncion,Paraguay,Asuncion,-25.28,-57.6344,462241.0
December,93.0,72.0,82.0,6.0,69.0,69.0,14.0,29.79,8.0,Asuncion,Paraguay,Asuncion,-25.28,-57.6344,462241.0
January,36.0,21.0,29.0,3.14,77.0,22.0,18.0,30.13,8.0,Indianapolis,United States,Indiana,39.7771,-86.1458,1767321.0
February,41.0,24.0,33.0,2.49,72.0,24.0,18.0,30.11,8.0,Indianapolis,United States,Indiana,39.7771,-86.1458,1767321.0
March,52.0,33.0,42.0,3.6,66.0,31.0,18.0,30.08,9.0,Indianapolis,United States,Indiana,39.7771,-86.1458,1767321.0
April,64.0,43.0,53.0,4.34,63.0,40.0,18.0,29.98,9.0,Indianapolis,United States,Indiana,39.7771,-86.1458,1767321.0
May,74.0,54.0,64.0,4.73,67.0,52.0,15.0,29.99,9.0,Indianapolis,United States,Indiana,39.7771,-86.1458,1767321.0
June,82.0,63.0,73.0,5.19,68.0,61.0,13.0,29.96,9.0,Indianapolis,United States,Indiana,39.7771,-86.1458,1767321.0
July,85.0,67.0,76.0,4.59,70.0,65.0,12.0,29.99,9.0,Indianapolis,United States,Indiana,39.7771,-86.1458,1767321.0
August,85.0,65.0,75.0,3.15,69.0,64.0,11.0,30.01,9.0,Indianapolis,United States,Indiana,39.7771,-86.1458,1767321.0
September,78.0,58.0,68.0,3.3,67.0,56.0,12.0,30.04,9.0,Indianapolis,United States,Indiana,39.7771,-86.1458,1767321.0
October,66.0,46.0,56.0,3.31,68.0,45.0,15.0,30.07,10.0,Indianapolis,United States,Indiana,39.7771,-86.1458,1767321.0
November,52.0,35.0,43.0,3.39,71.0,34.0,17.0,30.12,9.0,Indianapolis,United States,Indiana,39.7771,-86.1458,1767321.0
December,41.0,26.0,34.0,3.03,77.0,27.0,17.0,30.12,8.0,Indianapolis,United States,Indiana,39.7771,-86.1458,1767321.0
January,38.0,29.0,33.0,3.89,79.0,27.0,24.0,29.47,12.0,Reykjavik,Iceland,Reykjavik,64.1475,-21.935,239733.0
February,38.0,29.0,33.0,3.86,77.0,26.0,25.0,29.5,11.0,Reykjavik,Iceland,Reykjavik,64.1475,-21.935,239733.0
March,39.0,30.0,35.0,3.81,76.0,27.0,24.0,29.63,12.0,Reykjavik,Iceland,Reykjavik,64.1475,-21.935,239733.0
April,44.0,34.0,39.0,2.85,73.0,31.0,23.0,29.82,12.0,Reykjavik,Iceland,Reykjavik,64.1475,-21.935,239733.0
May,49.0,39.0,44.0,2.37,72.0,35.0,20.0,29.92,13.0,Reykjavik,Iceland,Reykjavik,64.1475,-21.935,239733.0
June,55.0,45.0,50.0,2.05,76.0,42.0,18.0,29.9,13.0,Reykjavik,Iceland,Reykjavik,64.1475,-21.935,239733.0
July,58.0,49.0,53.0,2.55,79.0,46.0,16.0,29.81,13.0,Reykjavik,Iceland,Reykjavik,64.1475,-21.935,239733.0
August,57.0,48.0,52.0,3.21,80.0,46.0,17.0,29.77,13.0,Reykjavik,Iceland,Reykjavik,64.1475,-21.935,239733.0
September,52.0,43.0,48.0,3.99,79.0,41.0,21.0,29.68,12.0,Reykjavik,Iceland,Reykjavik,64.1475,-21.935,239733.0
October,45.0,37.0,41.0,3.38,77.0,34.0,21.0,29.65,13.0,Reykjavik,Iceland,Reykjavik,64.1475,-21.935,239733.0
November,40.0,32.0,36.0,3.8,78.0,30.0,23.0,29.57,13.0,Reykjavik,Iceland,Reykjavik,64.1475,-21.935,239733.0
December,38.0,29.0,34.0,4.29,79.0,27.0,24.0,29.51,12.0,Reykjavik,Iceland,Reykjavik,64.1475,-21.935,239733.0
January,57.0,44.0,50.0,2.04,68.0,40.0,8.0,30.03,7.0,Athens,Greece,Attiki,37.9842,23.7281,3059764.0
February,59.0,46.0,53.0,1.67,69.0,42.0,9.0,30.04,7.0,Athens,Greece,Attiki,37.9842,23.7281,3059764.0
March,64.0,49.0,56.0,1.64,63.0,43.0,9.0,29.98,7.0,Athens,Greece,Attiki,37.9842,23.7281,3059764.0
April,71.0,55.0,63.0,0.99,56.0,47.0,8.0,29.96,7.0,Athens,Greece,Attiki,37.9842,23.7281,3059764.0
May,79.0,63.0,71.0,0.73,54.0,53.0,8.0,29.91,7.0,Athens,Greece,Attiki,37.9842,23.7281,3059764.0
June,87.0,70.0,79.0,0.72,49.0,57.0,10.0,29.89,7.0,Athens,Greece,Attiki,37.9842,23.7281,3059764.0
July,93.0,76.0,84.0,0.26,41.0,57.0,11.0,29.85,7.0,Athens,Greece,Attiki,37.9842,23.7281,3059764.0
August,93.0,76.0,85.0,0.21,39.0,56.0,12.0,29.87,7.0,Athens,Greece,Attiki,37.9842,23.7281,3059764.0
September,85.0,70.0,77.0,0.85,51.0,57.0,10.0,29.95,7.0,Athens,Greece,Attiki,37.9842,23.7281,3059764.0
October,76.0,62.0,69.0,1.12,61.0,54.0,8.0,30.04,7.0,Athens,Greece,Attiki,37.9842,23.7281,3059764.0
November,68.0,55.0,62.0,2.66,68.0,50.0,8.0,30.06,7.0,Athens,Greece,Attiki,37.9842,23.7281,3059764.0
December,59.0,47.0,53.0,2.72,69.0,43.0,8.0,30.1,7.0,Athens,Greece,Attiki,37.9842,23.7281,3059764.0
January,63.0,40.0,51.0,3.81,69.0,39.0,7.0,30.09,2.0,Islamabad,Pakistan,Islamabad,33.6989,73.0369,1014825.0
February,68.0,45.0,56.0,4.31,65.0,43.0,10.0,30.02,3.0,Islamabad,Pakistan,Islamabad,33.6989,73.0369,1014825.0
March,76.0,53.0,65.0,8.24,59.0,48.0,12.0,29.93,4.0,Islamabad,Pakistan,Islamabad,33.6989,73.0369,1014825.0
April,87.0,62.0,74.0,3.81,50.0,53.0,15.0,29.81,4.0,Islamabad,Pakistan,Islamabad,33.6989,73.0369,1014825.0
May,97.0,71.0,84.0,3.85,41.0,56.0,16.0,29.64,4.0,Islamabad,Pakistan,Islamabad,33.6989,73.0369,1014825.0
June,100.0,76.0,88.0,4.47,46.0,63.0,17.0,29.5,4.0,Islamabad,Pakistan,Islamabad,33.6989,73.0369,1014825.0
July,95.0,77.0,86.0,12.58,67.0,73.0,15.0,29.49,4.0,Islamabad,Pakistan,Islamabad,33.6989,73.0369,1014825.0
August,92.0,76.0,84.0,10.37,73.0,74.0,13.0,29.57,4.0,Islamabad,Pakistan,Islamabad,33.6989,73.0369,1014825.0
September,92.0,71.0,82.0,4.24,67.0,69.0,10.0,29.7,4.0,Islamabad,Pakistan,Islamabad,33.6989,73.0369,1014825.0
October,87.0,61.0,74.0,2.99,60.0,57.0,8.0,29.89,3.0,Islamabad,Pakistan,Islamabad,33.6989,73.0369,1014825.0
November,77.0,49.0,63.0,2.12,63.0,47.0,6.0,30.02,3.0,Islamabad,Pakistan,Islamabad,33.6989,73.0369,1014825.0
December,68.0,41.0,54.0,1.88,67.0,41.0,5.0,30.09,2.0,Islamabad,Pakistan,Islamabad,33.6989,73.0369,1014825.0
January,87.0,76.0,82.0,3.94,77.0,73.0,13.0,29.87,6.0,Rio de Janeiro,Brazil,Rio de Janeiro,-22.9111,-43.2056,11616000.0
February,88.0,76.0,82.0,3.06,77.0,73.0,13.0,29.89,6.0,Rio de Janeiro,Brazil,Rio de Janeiro,-22.9111,-43.2056,11616000.0
March,86.0,75.0,80.0,4.07,79.0,73.0,13.0,29.92,6.0,Rio de Janeiro,Brazil,Rio de Janeiro,-22.9111,-43.2056,11616000.0
April,83.0,73.0,78.0,2.56,79.0,70.0,12.0,29.98,6.0,Rio de Janeiro,Brazil,Rio de Janeiro,-22.9111,-43.2056,11616000.0
May,79.0,69.0,74.0,1.92,79.0,66.0,11.0,30.03,6.0,Rio de Janeiro,Brazil,Rio de Janeiro,-22.9111,-43.2056,11616000.0
June,78.0,67.0,73.0,1.12,79.0,65.0,11.0,30.09,6.0,Rio de Janeiro,Brazil,Rio de Janeiro,-22.9111,-43.2056,11616000.0
July,77.0,66.0,72.0,0.95,78.0,64.0,12.0,30.12,6.0,Rio de Janeiro,Brazil,Rio de Janeiro,-22.9111,-43.2056,11616000.0
August,78.0,67.0,72.0,0.87,77.0,64.0,12.0,30.11,6.0,Rio de Janeiro,Brazil,Rio de Janeiro,-22.9111,-43.2056,11616000.0
September,79.0,68.0,74.0,1.55,78.0,65.0,14.0,30.04,6.0,Rio de Janeiro,Brazil,Rio de Janeiro,-22.9111,-43.2056,11616000.0
October,80.0,70.0,75.0,2.21,78.0,67.0,14.0,29.97,6.0,Rio de Janeiro,Brazil,Rio de Janeiro,-22.9111,-43.2056,11616000.0
November,82.0,71.0,76.0,4.25,80.0,69.0,14.0,29.91,6.0,Rio de Janeiro,Brazil,Rio de Janeiro,-22.9111,-43.2056,11616000.0
December,85.0,74.0,79.0,4.92,79.0,72.0,14.0,29.87,6.0,Rio de Janeiro,Brazil,Rio de Janeiro,-22.9111,-43.2056,11616000.0
January,54.0,33.0,44.0,4.21,66.0,32.0,9.0,30.15,9.0,Atlanta,United States,Georgia,33.7628,-84.422,5298788.0
February,58.0,36.0,47.0,4.59,65.0,35.0,10.0,30.11,9.0,Atlanta,United States,Georgia,33.7628,-84.422,5298788.0
March,66.0,43.0,54.0,4.42,62.0,40.0,10.0,30.08,9.0,Atlanta,United States,Georgia,33.7628,-84.422,5298788.0
April,74.0,49.0,62.0,3.67,63.0,48.0,9.0,30.02,9.0,Atlanta,United States,Georgia,33.7628,-84.422,5298788.0
May,81.0,59.0,70.0,3.62,67.0,58.0,7.0,30.02,9.0,Atlanta,United States,Georgia,33.7628,-84.422,5298788.0
June,87.0,67.0,77.0,3.84,70.0,66.0,6.0,30.0,9.0,Atlanta,United States,Georgia,33.7628,-84.422,5298788.0
July,90.0,70.0,80.0,4.82,70.0,69.0,6.0,30.02,8.0,Atlanta,United States,Georgia,33.7628,-84.422,5298788.0
August,89.0,70.0,79.0,3.97,71.0,68.0,5.0,30.01,8.0,Atlanta,United States,Georgia,33.7628,-84.422,5298788.0
September,84.0,63.0,74.0,3.52,71.0,63.0,6.0,30.03,9.0,Atlanta,United States,Georgia,33.7628,-84.422,5298788.0
October,75.0,52.0,63.0,3.35,71.0,53.0,7.0,30.07,9.0,Atlanta,United States,Georgia,33.7628,-84.422,5298788.0
November,64.0,40.0,52.0,3.8,67.0,41.0,7.0,30.15,9.0,Atlanta,United States,Georgia,33.7628,-84.422,5298788.0
December,56.0,36.0,46.0,4.32,69.0,36.0,8.0,30.15,9.0,Atlanta,United States,Georgia,33.7628,-84.422,5298788.0
January,48.0,39.0,44.0,2.87,78.0,37.0,19.0,30.12,6.0,Istanbul,Turkey,Istanbul,41.01,28.9603,15382791.0
February,50.0,39.0,44.0,2.99,77.0,37.0,19.0,30.09,6.0,Istanbul,Turkey,Istanbul,41.01,28.9603,15382791.0
March,54.0,42.0,48.0,2.6,73.0,39.0,18.0,30.03,6.0,Istanbul,Turkey,Istanbul,41.01,28.9603,15382791.0
April,62.0,48.0,55.0,1.75,69.0,44.0,16.0,29.97,6.0,Istanbul,Turkey,Istanbul,41.01,28.9603,15382791.0
May,72.0,57.0,64.0,1.29,69.0,53.0,16.0,29.95,6.0,Istanbul,Turkey,Istanbul,41.01,28.9603,15382791.0
June,81.0,66.0,73.0,1.24,65.0,60.0,17.0,29.93,6.0,Istanbul,Turkey,Istanbul,41.01,28.9603,15382791.0
July,86.0,71.0,78.0,0.83,63.0,63.0,20.0,29.88,6.0,Istanbul,Turkey,Istanbul,41.01,28.9603,15382791.0
August,86.0,72.0,79.0,0.82,65.0,65.0,20.0,29.91,6.0,Istanbul,Turkey,Istanbul,41.01,28.9603,15382791.0
September,78.0,65.0,71.0,1.58,67.0,59.0,18.0,29.98,6.0,Istanbul,Turkey,Istanbul,41.01,28.9603,15382791.0
October,69.0,57.0,63.0,2.24,74.0,54.0,17.0,30.08,6.0,Istanbul,Turkey,Istanbul,41.01,28.9603,15382791.0
November,60.0,49.0,54.0,2.42,76.0,47.0,17.0,30.12,6.0,Istanbul,Turkey,Istanbul,41.01,28.9603,15382791.0
December,52.0,42.0,47.0,3.32,77.0,40.0,20.0,30.13,6.0,Istanbul,Turkey,Istanbul,41.01,28.9603,15382791.0
January,69.0,49.0,59.0,3.97,44.0,35.0,12.0,30.12,6.0,Riyadh,Saudi Arabia,Ar Riyad,24.65,46.71,7237000.0
February,75.0,53.0,64.0,6.29,34.0,33.0,14.0,30.05,6.0,Riyadh,Saudi Arabia,Ar Riyad,24.65,46.71,7237000.0
March,83.0,60.0,71.0,5.73,29.0,35.0,15.0,29.96,5.0,Riyadh,Saudi Arabia,Ar Riyad,24.65,46.71,7237000.0
April,93.0,70.0,81.0,8.68,25.0,39.0,15.0,29.86,5.0,Riyadh,Saudi Arabia,Ar Riyad,24.65,46.71,7237000.0
May,103.0,80.0,91.0,5.59,16.0,37.0,14.0,29.75,5.0,Riyadh,Saudi Arabia,Ar Riyad,24.65,46.71,7237000.0
June,109.0,84.0,96.0,1.1,10.0,31.0,15.0,29.61,6.0,Riyadh,Saudi Arabia,Ar Riyad,24.65,46.71,7237000.0
July,111.0,86.0,98.0,1.2,10.0,33.0,15.0,29.51,6.0,Riyadh,Saudi Arabia,Ar Riyad,24.65,46.71,7237000.0
August,110.0,85.0,98.0,1.29,12.0,36.0,13.0,29.56,6.0,Riyadh,Saudi Arabia,Ar Riyad,24.65,46.71,7237000.0
September,105.0,80.0,92.0,0.67,14.0,35.0,11.0,29.72,6.0,Riyadh,Saudi Arabia,Ar Riyad,24.65,46.71,7237000.0
October,95.0,70.0,83.0,0.12,20.0,36.0,10.0,29.91,6.0,Riyadh,Saudi Arabia,Ar Riyad,24.65,46.71,7237000.0
November,81.0,60.0,71.0,3.6,38.0,41.0,11.0,30.04,6.0,Riyadh,Saudi Arabia,Ar Riyad,24.65,46.71,7237000.0
December,72.0,52.0,62.0,4.34,45.0,38.0,11.0,30.13,6.0,Riyadh,Saudi Arabia,Ar Riyad,24.65,46.71,7237000.0
January,75.0,61.0,68.0,2.08,75.0,59.0,20.0,29.98,13.0,Auckland,New Zealand,Auckland,-36.8492,174.7653,1470100.0
February,76.0,62.0,69.0,2.35,75.0,60.0,18.0,30.0,13.0,Auckland,New Zealand,Auckland,-36.8492,174.7653,1470100.0
March,73.0,59.0,66.0,2.69,77.0,58.0,18.0,30.04,13.0,Auckland,New Zealand,Auckland,-36.8492,174.7653,1470100.0
April,69.0,55.0,62.0,3.02,80.0,55.0,16.0,30.06,12.0,Auckland,New Zealand,Auckland,-36.8492,174.7653,1470100.0
May,64.0,51.0,58.0,4.26,84.0,52.0,17.0,30.01,11.0,Auckland,New Zealand,Auckland,-36.8492,174.7653,1470100.0
June,60.0,48.0,54.0,4.11,85.0,49.0,17.0,30.0,11.0,Auckland,New Zealand,Auckland,-36.8492,174.7653,1470100.0
July,58.0,46.0,52.0,4.5,85.0,47.0,17.0,29.99,11.0,Auckland,New Zealand,Auckland,-36.8492,174.7653,1470100.0
August,59.0,47.0,53.0,3.91,83.0,48.0,19.0,29.97,11.0,Auckland,New Zealand,Auckland,-36.8492,174.7653,1470100.0
September,62.0,49.0,55.0,3.44,81.0,49.0,20.0,30.0,12.0,Auckland,New Zealand,Auckland,-36.8492,174.7653,1470100.0
October,64.0,52.0,58.0,3.23,79.0,51.0,23.0,30.0,11.0,Auckland,New Zealand,Auckland,-36.8492,174.7653,1470100.0
November,67.0,55.0,61.0,2.98,77.0,53.0,22.0,29.97,11.0,Auckland,New Zealand,Auckland,-36.8492,174.7653,1470100.0
December,71.0,59.0,65.0,2.9,76.0,57.0,21.0,29.96,12.0,Auckland,New Zealand,Auckland,-36.8492,174.7653,1470100.0
January,87.0,77.0,82.0,8.29,80.0,75.0,7.0,29.82,4.0,Jakarta,Indonesia,Jakarta,-6.1753,106.8269,33756000.0
February,87.0,77.0,82.0,8.23,81.0,75.0,6.0,29.83,4.0,Jakarta,Indonesia,Jakarta,-6.1753,106.8269,33756000.0
March,89.0,78.0,83.0,6.2,77.0,75.0,6.0,29.83,4.0,Jakarta,Indonesia,Jakarta,-6.1753,106.8269,33756000.0
April,91.0,78.0,85.0,6.43,76.0,75.0,6.0,29.82,4.0,Jakarta,Indonesia,Jakarta,-6.1753,106.8269,33756000.0
May,92.0,79.0,85.0,5.82,74.0,76.0,5.0,29.82,4.0,Jakarta,Indonesia,Jakarta,-6.1753,106.8269,33756000.0
June,91.0,78.0,85.0,4.05,73.0,75.0,5.0,29.83,4.0,Jakarta,Indonesia,Jakarta,-6.1753,106.8269,33756000.0
July,90.0,77.0,84.0,5.06,71.0,73.0,5.0,29.84,4.0,Jakarta,Indonesia,Jakarta,-6.1753,106.8269,33756000.0
August,91.0,78.0,84.0,4.1,69.0,73.0,6.0,29.85,4.0,Jakarta,Indonesia,Jakarta,-6.1753,106.8269,33756000.0
September,91.0,78.0,85.0,3.77,68.0,73.0,6.0,29.85,4.0,Jakarta,Indonesia,Jakarta,-6.1753,106.8269,33756000.0
October,92.0,79.0,85.0,2.88,70.0,74.0,6.0,29.83,4.0,Jakarta,Indonesia,Jakarta,-6.1753,106.8269,33756000.0
November,91.0,78.0,85.0,4.2,74.0,75.0,6.0,29.81,4.0,Jakarta,Indonesia,Jakarta,-6.1753,106.8269,33756000.0
December,89.0,78.0,84.0,4.67,76.0,74.0,7.0,29.81,4.0,Jakarta,Indonesia,Jakarta,-6.1753,106.8269,33756000.0
January,55.0,37.0,46.0,1.9,74.0,39.0,8.0,30.06,5.0,Rome,Italy,Lazio,41.8931,12.4828,2748109.0
February,58.0,38.0,48.0,1.67,67.0,38.0,9.0,30.03,5.0,Rome,Italy,Lazio,41.8931,12.4828,2748109.0
March,62.0,43.0,53.0,1.63,65.0,42.0,11.0,29.99,6.0,Rome,Italy,Lazio,41.8931,12.4828,2748109.0
April,67.0,48.0,58.0,2.24,67.0,48.0,10.0,29.93,6.0,Rome,Italy,Lazio,41.8931,12.4828,2748109.0
May,76.0,56.0,66.0,1.88,64.0,55.0,10.0,29.96,6.0,Rome,Italy,Lazio,41.8931,12.4828,2748109.0
June,84.0,63.0,73.0,1.14,58.0,59.0,10.0,29.97,6.0,Rome,Italy,Lazio,41.8931,12.4828,2748109.0
July,89.0,67.0,78.0,1.01,55.0,62.0,11.0,29.95,7.0,Rome,Italy,Lazio,41.8931,12.4828,2748109.0
August,90.0,67.0,79.0,1.12,57.0,64.0,10.0,29.95,6.0,Rome,Italy,Lazio,41.8931,12.4828,2748109.0
September,81.0,60.0,71.0,2.24,64.0,59.0,9.0,29.98,6.0,Rome,Italy,Lazio,41.8931,12.4828,2748109.0
October,73.0,53.0,63.0,2.94,72.0,55.0,8.0,30.02,6.0,Rome,Italy,Lazio,41.8931,12.4828,2748109.0
November,64.0,47.0,55.0,3.28,76.0,48.0,8.0,30.0,6.0,Rome,Italy,Lazio,41.8931,12.4828,2748109.0
December,56.0,40.0,48.0,2.77,77.0,41.0,8.0,30.05,5.0,Rome,Italy,Lazio,41.8931,12.4828,2748109.0
January,90.0,73.0,82.0,0.94,66.0,68.0,9.0,29.9,5.0,Bangkok,Thailand,Krung Thep Maha Nakhon,13.75,100.5167,18007000.0
February,93.0,76.0,84.0,0.57,68.0,71.0,11.0,29.87,5.0,Bangkok,Thailand,Krung Thep Maha Nakhon,13.75,100.5167,18007000.0
March,95.0,79.0,87.0,2.37,70.0,74.0,13.0,29.83,6.0,Bangkok,Thailand,Krung Thep Maha Nakhon,13.75,100.5167,18007000.0
April,97.0,80.0,88.0,4.67,71.0,76.0,13.0,29.79,6.0,Bangkok,Thailand,Krung Thep Maha Nakhon,13.75,100.5167,18007000.0
May,95.0,80.0,88.0,7.99,73.0,76.0,12.0,29.75,6.0,Bangkok,Thailand,Krung Thep Maha Nakhon,13.75,100.5167,18007000.0
June,94.0,79.0,86.0,8.28,74.0,76.0,13.0,29.73,6.0,Bangkok,Thailand,Krung Thep Maha Nakhon,13.75,100.5167,18007000.0
July,93.0,79.0,86.0,7.45,75.0,75.0,13.0,29.73,6.0,Bangkok,Thailand,Krung Thep Maha Nakhon,13.75,100.5167,18007000.0
August,92.0,79.0,85.0,7.87,76.0,75.0,13.0,29.74,6.0,Bangkok,Thailand,Krung Thep Maha Nakhon,13.75,100.5167,18007000.0
September,92.0,78.0,85.0,12.48,79.0,76.0,11.0,29.77,6.0,Bangkok,Thailand,Krung Thep Maha Nakhon,13.75,100.5167,18007000.0
October,91.0,78.0,84.0,7.89,78.0,75.0,9.0,29.83,6.0,Bangkok,Thailand,Krung Thep Maha Nakhon,13.75,100.5167,18007000.0
November,91.0,76.0,84.0,1.69,69.0,71.0,9.0,29.86,6.0,Bangkok,Thailand,Krung Thep Maha Nakhon,13.75,100.5167,18007000.0
December,89.0,73.0,81.0,0.72,64.0,67.0,9.0,29.9,5.0,Bangkok,Thailand,Krung Thep Maha Nakhon,13.75,100.5167,18007000.0
January,65.0,49.0,57.0,5.37,71.0,45.0,13.0,30.07,6.0,Jerusalem,Israel,Jerusalem,31.7767,35.2342,936425.0
February,66.0,49.0,58.0,3.81,70.0,46.0,13.0,30.04,6.0,Jerusalem,Israel,Jerusalem,31.7767,35.2342,936425.0
March,70.0,52.0,61.0,2.03,67.0,48.0,14.0,29.99,6.0,Jerusalem,Israel,Jerusalem,31.7767,35.2342,936425.0
April,76.0,57.0,67.0,1.06,63.0,51.0,13.0,29.93,6.0,Jerusalem,Israel,Jerusalem,31.7767,35.2342,936425.0
May,82.0,63.0,72.0,0.92,61.0,57.0,14.0,29.89,6.0,Jerusalem,Israel,Jerusalem,31.7767,35.2342,936425.0
June,86.0,70.0,78.0,0.62,64.0,64.0,14.0,29.83,6.0,Jerusalem,Israel,Jerusalem,31.7767,35.2342,936425.0
July,89.0,74.0,82.0,0.9,66.0,68.0,14.0,29.74,6.0,Jerusalem,Israel,Jerusalem,31.7767,35.2342,936425.0
August,90.0,75.0,83.0,0.72,66.0,70.0,13.0,29.77,6.0,Jerusalem,Israel,Jerusalem,31.7767,35.2342,936425.0
September,88.0,73.0,80.0,0.59,64.0,66.0,13.0,29.87,6.0,Jerusalem,Israel,Jerusalem,31.7767,35.2342,936425.0
October,84.0,67.0,75.0,0.83,63.0,61.0,12.0,29.95,6.0,Jerusalem,Israel,Jerusalem,31.7767,35.2342,936425.0
November,77.0,58.0,67.0,2.44,62.0,52.0,12.0,30.01,6.0,Jerusalem,Israel,Jerusalem,31.7767,35.2342,936425.0
December,69.0,51.0,60.0,4.18,68.0,47.0,12.0,30.07,6.0,Jerusalem,Israel,Jerusalem,31.7767,35.2342,936425.0
January,39.0,23.0,31.0,1.4,75.0,23.0,8.0,30.21,8.0,Salt Lake City,United States,Utah,40.7776,-111.9311,1183003.0
February,44.0,27.0,36.0,1.29,67.0,25.0,10.0,30.09,9.0,Salt Lake City,United States,Utah,40.7776,-111.9311,1183003.0
March,55.0,35.0,45.0,1.76,55.0,29.0,11.0,30.01,11.0,Salt Lake City,United States,Utah,40.7776,-111.9311,1183003.0
April,62.0,40.0,51.0,2.13,50.0,32.0,12.0,29.93,11.0,Salt Lake City,United States,Utah,40.7776,-111.9311,1183003.0
May,73.0,49.0,61.0,1.78,45.0,38.0,11.0,29.87,11.0,Salt Lake City,United States,Utah,40.7776,-111.9311,1183003.0
June,85.0,58.0,71.0,0.89,35.0,41.0,11.0,29.83,11.0,Salt Lake City,United States,Utah,40.7776,-111.9311,1183003.0
July,94.0,67.0,81.0,0.53,30.0,45.0,11.0,29.85,11.0,Salt Lake City,United States,Utah,40.7776,-111.9311,1183003.0
August,92.0,65.0,78.0,0.66,32.0,45.0,12.0,29.87,11.0,Salt Lake City,United States,Utah,40.7776,-111.9311,1183003.0
September,81.0,55.0,68.0,1.01,39.0,40.0,10.0,29.93,11.0,Salt Lake City,United States,Utah,40.7776,-111.9311,1183003.0
October,65.0,42.0,54.0,1.33,51.0,35.0,10.0,30.02,11.0,Salt Lake City,United States,Utah,40.7776,-111.9311,1183003.0
November,51.0,31.0,41.0,1.25,64.0,28.0,9.0,30.13,10.0,Salt Lake City,United States,Utah,40.7776,-111.9311,1183003.0
December,39.0,24.0,31.0,1.37,74.0,23.0,9.0,30.19,8.0,Salt Lake City,United States,Utah,40.7776,-111.9311,1183003.0
January,57.0,42.0,49.0,1.62,73.0,40.0,17.0,30.12,7.0,Barcelona,Spain,Catalonia,41.3825,2.1769,4840000.0
February,58.0,43.0,51.0,1.28,72.0,41.0,16.0,30.1,7.0,Barcelona,Spain,Catalonia,41.3825,2.1769,4840000.0
March,61.0,47.0,54.0,1.49,73.0,45.0,16.0,30.06,7.0,Barcelona,Spain,Catalonia,41.3825,2.1769,4840000.0
April,65.0,51.0,58.0,1.88,73.0,49.0,16.0,29.97,8.0,Barcelona,Spain,Catalonia,41.3825,2.1769,4840000.0
May,71.0,57.0,64.0,1.69,74.0,55.0,15.0,29.99,8.0,Barcelona,Spain,Catalonia,41.3825,2.1769,4840000.0
June,78.0,65.0,71.0,1.02,72.0,61.0,15.0,30.02,8.0,Barcelona,Spain,Catalonia,41.3825,2.1769,4840000.0
July,83.0,70.0,76.0,1.06,71.0,66.0,15.0,30.01,8.0,Barcelona,Spain,Catalonia,41.3825,2.1769,4840000.0
August,84.0,70.0,77.0,1.88,71.0,67.0,15.0,30.0,8.0,Barcelona,Spain,Catalonia,41.3825,2.1769,4840000.0
September,79.0,65.0,72.0,3.42,73.0,62.0,15.0,30.02,8.0,Barcelona,Spain,Catalonia,41.3825,2.1769,4840000.0
October,72.0,58.0,65.0,3.22,76.0,56.0,15.0,30.03,7.0,Barcelona,Spain,Catalonia,41.3825,2.1769,4840000.0
November,64.0,49.0,56.0,1.89,73.0,47.0,16.0,30.02,8.0,Barcelona,Spain,Catalonia,41.3825,2.1769,4840000.0
December,59.0,43.0,51.0,1.34,73.0,41.0,17.0,30.11,8.0,Barcelona,Spain,Catalonia,41.3825,2.1769,4840000.0
January,80.0,59.0,69.0,5.55,70.0,57.0,16.0,30.0,11.0,Johannesburg,South Africa,Gauteng,-26.2044,28.0416,4803262.0
February,79.0,58.0,69.0,4.78,70.0,56.0,14.0,30.02,10.0,Johannesburg,South Africa,Gauteng,-26.2044,28.0416,4803262.0
March,77.0,56.0,67.0,3.8,68.0,53.0,14.0,30.06,10.0,Johannesburg,South Africa,Gauteng,-26.2044,28.0416,4803262.0
April,73.0,51.0,62.0,1.76,63.0,47.0,14.0,30.13,10.0,Johannesburg,South Africa,Gauteng,-26.2044,28.0416,4803262.0
May,69.0,45.0,57.0,0.93,52.0,37.0,13.0,30.19,10.0,Johannesburg,South Africa,Gauteng,-26.2044,28.0416,4803262.0
June,65.0,40.0,52.0,0.32,49.0,31.0,14.0,30.27,9.0,Johannesburg,South Africa,Gauteng,-26.2044,28.0416,4803262.0
July,64.0,39.0,52.0,0.15,47.0,29.0,14.0,30.3,9.0,Johannesburg,South Africa,Gauteng,-26.2044,28.0416,4803262.0
August,70.0,43.0,57.0,0.51,44.0,31.0,17.0,30.21,10.0,Johannesburg,South Africa,Gauteng,-26.2044,28.0416,4803262.0
September,77.0,49.0,63.0,0.86,42.0,35.0,18.0,30.13,10.0,Johannesburg,South Africa,Gauteng,-26.2044,28.0416,4803262.0
October,79.0,53.0,66.0,2.81,54.0,45.0,19.0,30.07,11.0,Johannesburg,South Africa,Gauteng,-26.2044,28.0416,4803262.0
November,79.0,55.0,67.0,4.01,63.0,51.0,18.0,30.02,11.0,Johannesburg,South Africa,Gauteng,-26.2044,28.0416,4803262.0
December,79.0,58.0,68.0,5.62,69.0,55.0,17.0,30.01,11.0,Johannesburg,South Africa,Gauteng,-26.2044,28.0416,4803262.0
January,57.0,45.0,51.0,4.01,79.0,45.0,9.0,30.14,9.0,San Francisco,United States,California,37.7558,-122.4449,3417736.0
February,60.0,47.0,53.0,3.93,76.0,45.0,13.0,30.08,10.0,San Francisco,United States,California,37.7558,-122.4449,3417736.0
March,62.0,48.0,55.0,2.58,73.0,46.0,16.0,30.07,10.0,San Francisco,United States,California,37.7558,-122.4449,3417736.0
April,64.0,50.0,57.0,1.35,69.0,46.0,21.0,30.05,10.0,San Francisco,United States,California,37.7558,-122.4449,3417736.0
May,67.0,52.0,60.0,0.48,69.0,48.0,24.0,30.0,10.0,San Francisco,United States,California,37.7558,-122.4449,3417736.0
June,70.0,54.0,62.0,0.14,68.0,51.0,24.0,29.95,11.0,San Francisco,United States,California,37.7558,-122.4449,3417736.0
July,71.0,56.0,64.0,0.01,71.0,53.0,23.0,29.95,10.0,San Francisco,United States,California,37.7558,-122.4449,3417736.0
August,72.0,57.0,65.0,0.04,72.0,54.0,22.0,29.94,10.0,San Francisco,United States,California,37.7558,-122.4449,3417736.0
September,73.0,56.0,65.0,0.08,70.0,53.0,19.0,29.93,10.0,San Francisco,United States,California,37.7558,-122.4449,3417736.0
October,71.0,54.0,62.0,0.94,68.0,50.0,14.0,30.0,10.0,San Francisco,United States,California,37.7558,-122.4449,3417736.0
November,63.0,49.0,56.0,2.0,74.0,48.0,10.0,30.1,9.0,San Francisco,United States,California,37.7558,-122.4449,3417736.0
December,57.0,45.0,51.0,4.3,77.0,44.0,10.0,30.13,9.0,San Francisco,United States,California,37.7558,-122.4449,3417736.0
January,36.0,17.0,27.0,0.11,43.0,4.0,12.0,30.38,6.0,Beijing,China,Beijing,39.904,116.4075,21893095.0
February,43.0,22.0,33.0,0.31,41.0,9.0,11.0,30.29,6.0,Beijing,China,Beijing,39.904,116.4075,21893095.0
March,56.0,33.0,45.0,0.4,40.0,19.0,13.0,30.13,6.0,Beijing,China,Beijing,39.904,116.4075,21893095.0
April,70.0,46.0,58.0,0.98,43.0,33.0,13.0,29.94,6.0,Beijing,China,Beijing,39.904,116.4075,21893095.0
May,81.0,57.0,69.0,1.55,49.0,47.0,12.0,29.79,7.0,Beijing,China,Beijing,39.904,116.4075,21893095.0
June,88.0,67.0,77.0,2.78,60.0,60.0,10.0,29.67,6.0,Beijing,China,Beijing,39.904,116.4075,21893095.0
July,89.0,72.0,81.0,6.32,74.0,70.0,9.0,29.64,5.0,Beijing,China,Beijing,39.904,116.4075,21893095.0
August,87.0,70.0,79.0,4.96,75.0,69.0,9.0,29.75,5.0,Beijing,China,Beijing,39.904,116.4075,21893095.0
September,80.0,60.0,70.0,2.39,68.0,57.0,9.0,29.95,6.0,Beijing,China,Beijing,39.904,116.4075,21893095.0
October,67.0,45.0,56.0,1.33,61.0,40.0,9.0,30.15,6.0,Beijing,China,Beijing,39.904,116.4075,21893095.0
November,51.0,31.0,41.0,0.65,55.0,23.0,10.0,30.26,5.0,Beijing,China,Beijing,39.904,116.4075,21893095.0
December,39.0,20.0,30.0,0.1,47.0,9.0,12.0,30.37,6.0,Beijing,China,Beijing,39.904,116.4075,21893095.0
January,79.0,54.0,67.0,0.58,49.0,44.0,10.0,30.03,4.0,Karachi,Pakistan,Sindh,24.86,67.01,20249000.0
February,84.0,59.0,72.0,0.1,49.0,49.0,12.0,29.97,4.0,Karachi,Pakistan,Sindh,24.86,67.01,20249000.0
March,90.0,68.0,79.0,0.31,53.0,57.0,13.0,29.88,4.0,Karachi,Pakistan,Sindh,24.86,67.01,20249000.0
April,95.0,76.0,85.0,0.04,58.0,66.0,16.0,29.78,4.0,Karachi,Pakistan,Sindh,24.86,67.01,20249000.0
May,96.0,81.0,89.0,0.14,66.0,74.0,20.0,29.67,4.0,Karachi,Pakistan,Sindh,24.86,67.01,20249000.0
June,96.0,84.0,90.0,0.82,68.0,76.0,22.0,29.54,4.0,Karachi,Pakistan,Sindh,24.86,67.01,20249000.0
July,92.0,83.0,88.0,2.84,71.0,76.0,22.0,29.51,4.0,Karachi,Pakistan,Sindh,24.86,67.01,20249000.0
August,90.0,81.0,85.0,3.62,73.0,75.0,20.0,29.58,4.0,Karachi,Pakistan,Sindh,24.86,67.01,20249000.0
September,92.0,79.0,86.0,1.59,69.0,73.0,18.0,29.69,4.0,Karachi,Pakistan,Sindh,24.86,67.01,20249000.0
October,96.0,74.0,85.0,0.25,58.0,65.0,11.0,29.84,4.0,Karachi,Pakistan,Sindh,24.86,67.01,20249000.0
November,90.0,64.0,77.0,0.08,49.0,53.0,9.0,29.95,4.0,Karachi,Pakistan,Sindh,24.86,67.01,20249000.0
December,82.0,57.0,69.0,0.4,48.0,46.0,9.0,30.02,3.0,Karachi,Pakistan,Sindh,24.86,67.01,20249000.0
January,83.0,72.0,78.0,4.05,78.0,69.0,14.0,30.03,10.0,San Juan,Puerto Rico,Puerto Rico,18.3985,-66.061,1813477.0
February,84.0,72.0,78.0,2.66,76.0,69.0,15.0,30.03,10.0,San Juan,Puerto Rico,Puerto Rico,18.3985,-66.061,1813477.0
March,85.0,72.0,79.0,2.18,74.0,69.0,15.0,30.01,10.0,San Juan,Puerto Rico,Puerto Rico,18.3985,-66.061,1813477.0
April,86.0,74.0,80.0,4.62,74.0,70.0,15.0,29.98,10.0,San Juan,Puerto Rico,Puerto Rico,18.3985,-66.061,1813477.0
May,88.0,76.0,82.0,5.56,77.0,73.0,15.0,29.99,10.0,San Juan,Puerto Rico,Puerto Rico,18.3985,-66.061,1813477.0
June,89.0,77.0,83.0,4.91,77.0,74.0,16.0,30.02,10.0,San Juan,Puerto Rico,Puerto Rico,18.3985,-66.061,1813477.0
July,89.0,78.0,83.0,6.09,78.0,75.0,18.0,30.03,10.0,San Juan,Puerto Rico,Puerto Rico,18.3985,-66.061,1813477.0
August,89.0,78.0,84.0,6.32,78.0,75.0,16.0,29.99,10.0,San Juan,Puerto Rico,Puerto Rico,18.3985,-66.061,1813477.0
September,89.0,78.0,83.0,6.49,77.0,75.0,12.0,29.94,10.0,San Juan,Puerto Rico,Puerto Rico,18.3985,-66.061,1813477.0
October,89.0,77.0,83.0,5.31,78.0,74.0,11.0,29.92,10.0,San Juan,Puerto Rico,Puerto Rico,18.3985,-66.061,1813477.0
November,86.0,75.0,81.0,7.27,79.0,73.0,11.0,29.93,10.0,San Juan,Puerto Rico,Puerto Rico,18.3985,-66.061,1813477.0
December,84.0,73.0,79.0,4.95,78.0,71.0,13.0,29.99,10.0,San Juan,Puerto Rico,Puerto Rico,18.3985,-66.061,1813477.0
January,64.0,52.0,58.0,5.24,64.0,45.0,13.0,30.07,6.0,Beirut,Lebanon,Beyrouth,33.8869,35.5131,2421354.0
February,65.0,52.0,59.0,4.02,64.0,46.0,13.0,30.04,5.0,Beirut,Lebanon,Beyrouth,33.8869,35.5131,2421354.0
March,68.0,55.0,62.0,2.59,64.0,49.0,13.0,29.99,6.0,Beirut,Lebanon,Beyrouth,33.8869,35.5131,2421354.0
April,73.0,59.0,66.0,1.09,66.0,54.0,13.0,29.94,5.0,Beirut,Lebanon,Beyrouth,33.8869,35.5131,2421354.0
May,79.0,65.0,72.0,0.55,69.0,60.0,12.0,29.89,5.0,Beirut,Lebanon,Beyrouth,33.8869,35.5131,2421354.0
June,83.0,71.0,77.0,0.06,70.0,67.0,13.0,29.83,6.0,Beirut,Lebanon,Beyrouth,33.8869,35.5131,2421354.0
July,87.0,76.0,82.0,0.01,71.0,71.0,14.0,29.74,6.0,Beirut,Lebanon,Beyrouth,33.8869,35.5131,2421354.0
August,88.0,78.0,83.0,0.09,69.0,72.0,12.0,29.77,6.0,Beirut,Lebanon,Beyrouth,33.8869,35.5131,2421354.0
September,86.0,76.0,81.0,0.3,64.0,67.0,12.0,29.87,6.0,Beirut,Lebanon,Beyrouth,33.8869,35.5131,2421354.0
October,82.0,70.0,76.0,1.61,61.0,61.0,11.0,29.97,6.0,Beirut,Lebanon,Beyrouth,33.8869,35.5131,2421354.0
November,75.0,62.0,69.0,3.12,58.0,52.0,11.0,30.03,6.0,Beirut,Lebanon,Beyrouth,33.8869,35.5131,2421354.0
December,68.0,56.0,62.0,5.05,62.0,47.0,12.0,30.08,6.0,Beirut,Lebanon,Beyrouth,33.8869,35.5131,2421354.0
January,65.0,38.0,51.0,0.64,67.0,39.0,6.0,30.01,3.0,Kathmandu,Nepal,Bagmati,27.71,85.32,845767.0
February,71.0,43.0,57.0,0.95,64.0,43.0,7.0,29.97,3.0,Kathmandu,Nepal,Bagmati,27.71,85.32,845767.0
March,78.0,49.0,63.0,1.72,59.0,46.0,9.0,29.88,4.0,Kathmandu,Nepal,Bagmati,27.71,85.32,845767.0
April,82.0,55.0,69.0,2.42,57.0,51.0,9.0,29.76,4.0,Kathmandu,Nepal,Bagmati,27.71,85.32,845767.0
May,84.0,61.0,72.0,4.0,66.0,59.0,8.0,29.68,4.0,Kathmandu,Nepal,Bagmati,27.71,85.32,845767.0
June,85.0,67.0,76.0,8.49,76.0,67.0,8.0,29.58,4.0,Kathmandu,Nepal,Bagmati,27.71,85.32,845767.0
July,83.0,69.0,76.0,18.75,84.0,69.0,7.0,29.57,5.0,Kathmandu,Nepal,Bagmati,27.71,85.32,845767.0
August,84.0,68.0,76.0,12.3,85.0,69.0,7.0,29.61,5.0,Kathmandu,Nepal,Bagmati,27.71,85.32,845767.0
September,83.0,66.0,75.0,10.45,82.0,67.0,7.0,29.72,4.0,Kathmandu,Nepal,Bagmati,27.71,85.32,845767.0
October,80.0,58.0,69.0,1.93,74.0,59.0,7.0,29.86,4.0,Kathmandu,Nepal,Bagmati,27.71,85.32,845767.0
November,73.0,48.0,60.0,0.03,71.0,49.0,6.0,29.95,4.0,Kathmandu,Nepal,Bagmati,27.71,85.32,845767.0
December,67.0,40.0,54.0,0.48,70.0,42.0,5.0,30.01,3.0,Kathmandu,Nepal,Bagmati,27.71,85.32,845767.0
January,88.0,65.0,76.0,0.13,68.0,64.0,14.0,29.96,9.0,San Salvador,El Salvador,San Salvador,13.6976,-89.1912,1538525.0
February,89.0,66.0,77.0,0.12,66.0,65.0,14.0,29.94,8.0,San Salvador,El Salvador,San Salvador,13.6976,-89.1912,1538525.0
March,91.0,67.0,79.0,0.45,66.0,66.0,14.0,29.93,8.0,San Salvador,El Salvador,San Salvador,13.6976,-89.1912,1538525.0
April,90.0,70.0,80.0,1.94,71.0,69.0,12.0,29.91,7.0,San Salvador,El Salvador,San Salvador,13.6976,-89.1912,1538525.0
May,88.0,70.0,79.0,5.58,80.0,71.0,10.0,29.9,6.0,San Salvador,El Salvador,San Salvador,13.6976,-89.1912,1538525.0
June,86.0,70.0,78.0,8.87,83.0,72.0,9.0,29.9,7.0,San Salvador,El Salvador,San Salvador,13.6976,-89.1912,1538525.0
July,87.0,69.0,78.0,7.49,81.0,71.0,10.0,29.93,8.0,San Salvador,El Salvador,San Salvador,13.6976,-89.1912,1538525.0
August,87.0,69.0,78.0,8.79,82.0,71.0,10.0,29.92,8.0,San Salvador,El Salvador,San Salvador,13.6976,-89.1912,1538525.0
September,86.0,69.0,77.0,9.27,86.0,72.0,9.0,29.9,7.0,San Salvador,El Salvador,San Salvador,13.6976,-89.1912,1538525.0
October,85.0,69.0,77.0,6.82,84.0,71.0,10.0,29.89,7.0,San Salvador,El Salvador,San Salvador,13.6976,-89.1912,1538525.0
November,86.0,67.0,76.0,1.51,77.0,68.0,13.0,29.92,8.0,San Salvador,El Salvador,San Salvador,13.6976,-89.1912,1538525.0
December,87.0,65.0,76.0,0.32,72.0,66.0,14.0,29.94,9.0,San Salvador,El Salvador,San Salvador,13.6976,-89.1912,1538525.0
January,42.0,32.0,37.0,2.21,78.0,30.0,10.0,30.08,7.0,Belgrade,Serbia,Beograd,44.8178,20.4569,1298661.0
February,48.0,35.0,42.0,1.62,72.0,32.0,11.0,30.09,9.0,Belgrade,Serbia,Beograd,44.8178,20.4569,1298661.0
March,57.0,41.0,49.0,2.3,63.0,35.0,10.0,30.02,10.0,Belgrade,Serbia,Beograd,44.8178,20.4569,1298661.0
April,67.0,48.0,58.0,1.87,58.0,42.0,10.0,29.97,12.0,Belgrade,Serbia,Beograd,44.8178,20.4569,1298661.0
May,73.0,56.0,65.0,4.38,64.0,51.0,9.0,29.93,13.0,Belgrade,Serbia,Beograd,44.8178,20.4569,1298661.0
June,82.0,64.0,73.0,3.26,62.0,58.0,8.0,29.95,13.0,Belgrade,Serbia,Beograd,44.8178,20.4569,1298661.0
July,86.0,67.0,77.0,2.24,58.0,60.0,8.0,29.94,13.0,Belgrade,Serbia,Beograd,44.8178,20.4569,1298661.0
August,87.0,67.0,77.0,1.79,56.0,59.0,8.0,29.98,13.0,Belgrade,Serbia,Beograd,44.8178,20.4569,1298661.0
September,77.0,59.0,68.0,1.9,62.0,53.0,8.0,30.03,13.0,Belgrade,Serbia,Beograd,44.8178,20.4569,1298661.0
October,67.0,50.0,58.0,2.23,71.0,47.0,10.0,30.1,10.0,Belgrade,Serbia,Beograd,44.8178,20.4569,1298661.0
November,56.0,43.0,49.0,1.84,76.0,41.0,11.0,30.09,8.0,Belgrade,Serbia,Beograd,44.8178,20.4569,1298661.0
December,44.0,35.0,39.0,2.16,80.0,33.0,10.0,30.17,6.0,Belgrade,Serbia,Beograd,44.8178,20.4569,1298661.0
January,88.0,73.0,80.0,0.79,69.0,69.0,16.0,29.98,9.0,Kingston,Jamaica,Saint Andrew,17.9714,-76.7931,1190000.0
February,88.0,73.0,80.0,0.85,69.0,69.0,18.0,29.98,9.0,Kingston,Jamaica,Saint Andrew,17.9714,-76.7931,1190000.0
March,88.0,73.0,81.0,1.09,69.0,69.0,17.0,29.97,9.0,Kingston,Jamaica,Saint Andrew,17.9714,-76.7931,1190000.0
April,89.0,75.0,82.0,0.99,70.0,71.0,18.0,29.94,8.0,Kingston,Jamaica,Saint Andrew,17.9714,-76.7931,1190000.0
May,90.0,76.0,83.0,3.75,71.0,73.0,21.0,29.93,8.0,Kingston,Jamaica,Saint Andrew,17.9714,-76.7931,1190000.0
June,91.0,78.0,85.0,2.22,70.0,73.0,26.0,29.94,8.0,Kingston,Jamaica,Saint Andrew,17.9714,-76.7931,1190000.0
July,92.0,78.0,85.0,2.16,69.0,73.0,23.0,29.96,8.0,Kingston,Jamaica,Saint Andrew,17.9714,-76.7931,1190000.0
August,92.0,78.0,85.0,3.06,71.0,74.0,20.0,29.93,8.0,Kingston,Jamaica,Saint Andrew,17.9714,-76.7931,1190000.0
September,92.0,78.0,85.0,4.37,72.0,74.0,17.0,29.9,8.0,Kingston,Jamaica,Saint Andrew,17.9714,-76.7931,1190000.0
October,91.0,77.0,84.0,6.14,74.0,74.0,15.0,29.88,8.0,Kingston,Jamaica,Saint Andrew,17.9714,-76.7931,1190000.0
November,90.0,75.0,83.0,3.3,72.0,72.0,14.0,29.9,9.0,Kingston,Jamaica,Saint Andrew,17.9714,-76.7931,1190000.0
December,89.0,74.0,81.0,1.54,70.0,70.0,15.0,29.95,9.0,Kingston,Jamaica,Saint Andrew,17.9714,-76.7931,1190000.0
January,88.0,55.0,72.0,0.13,50.0,49.0,16.0,29.89,6.0,Santiago,Chile,Region Metropolitana,-33.4375,-70.65,7171000.0
February,87.0,54.0,71.0,0.39,54.0,50.0,14.0,29.9,6.0,Santiago,Chile,Region Metropolitana,-33.4375,-70.65,7171000.0
March,84.0,51.0,68.0,0.18,57.0,48.0,12.0,29.93,6.0,Santiago,Chile,Region Metropolitana,-33.4375,-70.65,7171000.0
April,77.0,46.0,61.0,0.51,65.0,45.0,9.0,30.0,5.0,Santiago,Chile,Region Metropolitana,-33.4375,-70.65,7171000.0
May,68.0,41.0,55.0,1.25,73.0,43.0,7.0,30.06,4.0,Santiago,Chile,Region Metropolitana,-33.4375,-70.65,7171000.0
June,62.0,38.0,50.0,2.36,79.0,41.0,7.0,30.1,4.0,Santiago,Chile,Region Metropolitana,-33.4375,-70.65,7171000.0
July,62.0,36.0,49.0,1.5,79.0,39.0,7.0,30.12,4.0,Santiago,Chile,Region Metropolitana,-33.4375,-70.65,7171000.0
August,65.0,39.0,52.0,1.21,75.0,41.0,8.0,30.11,4.0,Santiago,Chile,Region Metropolitana,-33.4375,-70.65,7171000.0
September,69.0,42.0,56.0,0.6,70.0,43.0,10.0,30.07,5.0,Santiago,Chile,Region Metropolitana,-33.4375,-70.65,7171000.0
October,75.0,46.0,61.0,0.34,62.0,44.0,12.0,30.02,6.0,Santiago,Chile,Region Metropolitana,-33.4375,-70.65,7171000.0
November,81.0,50.0,65.0,0.15,54.0,45.0,14.0,29.97,6.0,Santiago,Chile,Region Metropolitana,-33.4375,-70.65,7171000.0
December,85.0,53.0,69.0,0.15,51.0,47.0,16.0,29.92,6.0,Santiago,Chile,Region Metropolitana,-33.4375,-70.65,7171000.0
January,84.0,62.0,73.0,1.77,58.0,56.0,4.0,29.9,4.0,Bangalore,India,Karnataka,12.9791,77.5913,10456000.0
February,89.0,64.0,76.0,2.35,48.0,53.0,4.0,29.86,4.0,Bangalore,India,Karnataka,12.9791,77.5913,10456000.0
March,93.0,69.0,81.0,4.02,44.0,55.0,4.0,29.8,4.0,Bangalore,India,Karnataka,12.9791,77.5913,10456000.0
April,95.0,73.0,84.0,4.71,52.0,62.0,3.0,29.75,4.0,Bangalore,India,Karnataka,12.9791,77.5913,10456000.0
May,92.0,72.0,82.0,6.2,65.0,67.0,5.0,29.71,4.0,Bangalore,India,Karnataka,12.9791,77.5913,10456000.0
June,86.0,70.0,78.0,5.13,74.0,67.0,9.0,29.7,4.0,Bangalore,India,Karnataka,12.9791,77.5913,10456000.0
July,84.0,69.0,76.0,5.0,78.0,67.0,9.0,29.72,4.0,Bangalore,India,Karnataka,12.9791,77.5913,10456000.0
August,83.0,69.0,76.0,5.56,79.0,67.0,8.0,29.74,4.0,Bangalore,India,Karnataka,12.9791,77.5913,10456000.0
September,84.0,68.0,76.0,8.72,76.0,67.0,6.0,29.76,4.0,Bangalore,India,Karnataka,12.9791,77.5913,10456000.0
October,85.0,68.0,76.0,7.06,73.0,65.0,4.0,29.81,4.0,Bangalore,India,Karnataka,12.9791,77.5913,10456000.0
November,83.0,66.0,74.0,3.32,72.0,62.0,4.0,29.86,4.0,Bangalore,India,Karnataka,12.9791,77.5913,10456000.0
December,82.0,63.0,73.0,1.15,68.0,59.0,4.0,29.89,4.0,Bangalore,India,Karnataka,12.9791,77.5913,10456000.0
January,88.0,72.0,80.0,5.46,80.0,72.0,7.0,29.82,6.0,Kinshasa,Congo (Kinshasa),Kinshasa,-4.3233,15.3081,16316000.0
February,89.0,72.0,81.0,6.17,79.0,72.0,8.0,29.81,6.0,Kinshasa,Congo (Kinshasa),Kinshasa,-4.3233,15.3081,16316000.0
March,90.0,73.0,82.0,7.9,78.0,72.0,8.0,29.8,7.0,Kinshasa,Congo (Kinshasa),Kinshasa,-4.3233,15.3081,16316000.0
April,91.0,73.0,82.0,6.96,78.0,72.0,7.0,29.81,7.0,Kinshasa,Congo (Kinshasa),Kinshasa,-4.3233,15.3081,16316000.0
May,89.0,72.0,81.0,4.86,80.0,72.0,7.0,29.84,6.0,Kinshasa,Congo (Kinshasa),Kinshasa,-4.3233,15.3081,16316000.0
June,84.0,69.0,76.0,0.47,80.0,69.0,8.0,29.89,4.0,Kinshasa,Congo (Kinshasa),Kinshasa,-4.3233,15.3081,16316000.0
July,83.0,67.0,75.0,0.15,77.0,66.0,9.0,29.92,4.0,Kinshasa,Congo (Kinshasa),Kinshasa,-4.3233,15.3081,16316000.0
August,85.0,68.0,76.0,0.65,71.0,65.0,10.0,29.9,5.0,Kinshasa,Congo (Kinshasa),Kinshasa,-4.3233,15.3081,16316000.0
September,88.0,71.0,79.0,1.98,70.0,67.0,11.0,29.87,6.0,Kinshasa,Congo (Kinshasa),Kinshasa,-4.3233,15.3081,16316000.0
October,88.0,72.0,80.0,5.34,76.0,70.0,9.0,29.84,6.0,Kinshasa,Congo (Kinshasa),Kinshasa,-4.3233,15.3081,16316000.0
November,88.0,72.0,80.0,10.72,80.0,71.0,8.0,29.82,7.0,Kinshasa,Congo (Kinshasa),Kinshasa,-4.3233,15.3081,16316000.0
December,87.0,72.0,80.0,8.47,82.0,72.0,7.0,29.83,6.0,Kinshasa,Congo (Kinshasa),Kinshasa,-4.3233,15.3081,16316000.0
January,86.0,71.0,79.0,1.63,80.0,71.0,9.0,30.02,9.0,Santo Domingo,Dominican Republic,Ozama,18.4625,-69.9361,1029110.0
February,87.0,71.0,79.0,2.25,80.0,71.0,9.0,30.02,9.0,Santo Domingo,Dominican Republic,Ozama,18.4625,-69.9361,1029110.0
March,87.0,72.0,80.0,2.5,78.0,71.0,9.0,30.01,9.0,Santo Domingo,Dominican Republic,Ozama,18.4625,-69.9361,1029110.0
April,88.0,73.0,81.0,2.77,80.0,73.0,10.0,29.98,9.0,Santo Domingo,Dominican Republic,Ozama,18.4625,-69.9361,1029110.0
May,89.0,75.0,82.0,4.15,81.0,75.0,9.0,29.99,9.0,Santo Domingo,Dominican Republic,Ozama,18.4625,-69.9361,1029110.0
June,90.0,77.0,83.0,2.96,81.0,76.0,9.0,30.01,9.0,Santo Domingo,Dominican Republic,Ozama,18.4625,-69.9361,1029110.0
July,91.0,77.0,84.0,5.34,81.0,76.0,9.0,30.02,8.0,Santo Domingo,Dominican Republic,Ozama,18.4625,-69.9361,1029110.0
August,91.0,76.0,84.0,6.94,82.0,76.0,9.0,29.98,9.0,Santo Domingo,Dominican Republic,Ozama,18.4625,-69.9361,1029110.0
September,91.0,77.0,84.0,4.4,81.0,76.0,8.0,29.93,9.0,Santo Domingo,Dominican Republic,Ozama,18.4625,-69.9361,1029110.0
October,90.0,76.0,83.0,5.48,82.0,76.0,8.0,29.91,9.0,Santo Domingo,Dominican Republic,Ozama,18.4625,-69.9361,1029110.0
November,89.0,74.0,82.0,4.74,83.0,74.0,8.0,29.93,9.0,Santo Domingo,Dominican Republic,Ozama,18.4625,-69.9361,1029110.0
December,88.0,73.0,80.0,3.03,81.0,72.0,9.0,30.0,9.0,Santo Domingo,Dominican Republic,Ozama,18.4625,-69.9361,1029110.0
January,38.0,30.0,34.0,1.91,88.0,29.0,16.0,30.04,5.0,Berlin,Germany,Berlin,52.5167,13.3833,4679500.0
February,42.0,31.0,36.0,1.47,83.0,30.0,16.0,30.03,6.0,Berlin,Germany,Berlin,52.5167,13.3833,4679500.0
March,48.0,34.0,41.0,1.59,78.0,33.0,16.0,30.01,6.0,Berlin,Germany,Berlin,52.5167,13.3833,4679500.0
April,59.0,41.0,50.0,1.13,70.0,38.0,14.0,29.97,7.0,Berlin,Germany,Berlin,52.5167,13.3833,4679500.0
May,68.0,49.0,58.0,2.05,69.0,45.0,14.0,29.99,7.0,Berlin,Germany,Berlin,52.5167,13.3833,4679500.0
June,74.0,55.0,64.0,2.21,68.0,51.0,13.0,30.0,8.0,Berlin,Germany,Berlin,52.5167,13.3833,4679500.0
July,77.0,59.0,68.0,2.87,69.0,54.0,13.0,29.96,7.0,Berlin,Germany,Berlin,52.5167,13.3833,4679500.0
August,76.0,58.0,67.0,2.33,70.0,54.0,13.0,29.98,7.0,Berlin,Germany,Berlin,52.5167,13.3833,4679500.0
September,68.0,51.0,59.0,1.91,78.0,50.0,13.0,30.02,7.0,Berlin,Germany,Berlin,52.5167,13.3833,4679500.0
October,57.0,44.0,50.0,1.77,84.0,44.0,14.0,30.02,6.0,Berlin,Germany,Berlin,52.5167,13.3833,4679500.0
November,46.0,37.0,42.0,1.7,89.0,37.0,14.0,29.99,5.0,Berlin,Germany,Berlin,52.5167,13.3833,4679500.0
December,40.0,32.0,36.0,1.75,89.0,32.0,16.0,30.01,5.0,Berlin,Germany,Berlin,52.5167,13.3833,4679500.0
January,84.0,68.0,76.0,9.14,76.0,65.0,12.0,29.93,6.0,Sao Paulo,Brazil,Sao Paulo,-23.5504,-46.6339,23086000.0
February,84.0,68.0,76.0,7.64,75.0,65.0,12.0,29.95,6.0,Sao Paulo,Brazil,Sao Paulo,-23.5504,-46.6339,23086000.0
March,83.0,67.0,75.0,5.7,77.0,64.0,12.0,29.98,6.0,Sao Paulo,Brazil,Sao Paulo,-23.5504,-46.6339,23086000.0
April,80.0,64.0,72.0,2.3,76.0,61.0,12.0,30.03,6.0,Sao Paulo,Brazil,Sao Paulo,-23.5504,-46.6339,23086000.0
May,75.0,59.0,67.0,1.72,76.0,57.0,11.0,30.08,6.0,Sao Paulo,Brazil,Sao Paulo,-23.5504,-46.6339,23086000.0
June,74.0,58.0,66.0,1.67,74.0,55.0,10.0,30.13,6.0,Sao Paulo,Brazil,Sao Paulo,-23.5504,-46.6339,23086000.0
July,74.0,56.0,65.0,1.56,72.0,52.0,10.0,30.16,6.0,Sao Paulo,Brazil,Sao Paulo,-23.5504,-46.6339,23086000.0
August,77.0,57.0,67.0,1.31,70.0,53.0,12.0,30.14,6.0,Sao Paulo,Brazil,Sao Paulo,-23.5504,-46.6339,23086000.0
September,78.0,59.0,69.0,2.64,74.0,56.0,13.0,30.08,5.0,Sao Paulo,Brazil,Sao Paulo,-23.5504,-46.6339,23086000.0
October,80.0,62.0,71.0,3.52,77.0,59.0,14.0,30.01,6.0,Sao Paulo,Brazil,Sao Paulo,-23.5504,-46.6339,23086000.0
November,80.0,63.0,72.0,4.58,76.0,61.0,15.0,29.96,6.0,Sao Paulo,Brazil,Sao Paulo,-23.5504,-46.6339,23086000.0
December,83.0,66.0,74.0,6.13,76.0,63.0,14.0,29.93,6.0,Sao Paulo,Brazil,Sao Paulo,-23.5504,-46.6339,23086000.0
January,69.0,44.0,56.0,1.83,79.0,48.0,10.0,30.11,7.0,Bogota,Colombia,Bogota,4.6097,-74.0817,7968095.0
February,69.0,46.0,57.0,3.54,79.0,49.0,10.0,30.12,6.0,Bogota,Colombia,Bogota,4.6097,-74.0817,7968095.0
March,68.0,48.0,58.0,4.26,80.0,50.0,10.0,30.12,6.0,Bogota,Colombia,Bogota,4.6097,-74.0817,7968095.0
April,68.0,50.0,59.0,4.32,82.0,51.0,9.0,30.14,7.0,Bogota,Colombia,Bogota,4.6097,-74.0817,7968095.0
May,67.0,50.0,58.0,5.02,82.0,51.0,10.0,30.16,7.0,Bogota,Colombia,Bogota,4.6097,-74.0817,7968095.0
June,66.0,49.0,58.0,3.54,79.0,50.0,11.0,30.17,7.0,Bogota,Colombia,Bogota,4.6097,-74.0817,7968095.0
July,66.0,48.0,57.0,2.69,77.0,48.0,12.0,30.18,7.0,Bogota,Colombia,Bogota,4.6097,-74.0817,7968095.0
August,66.0,48.0,57.0,2.82,77.0,48.0,11.0,30.17,7.0,Bogota,Colombia,Bogota,4.6097,-74.0817,7968095.0
September,67.0,46.0,57.0,3.21,77.0,48.0,10.0,30.16,7.0,Bogota,Colombia,Bogota,4.6097,-74.0817,7968095.0
October,67.0,47.0,57.0,4.84,81.0,50.0,10.0,30.13,7.0,Bogota,Colombia,Bogota,4.6097,-74.0817,7968095.0
November,67.0,48.0,58.0,5.75,83.0,51.0,9.0,30.1,6.0,Bogota,Colombia,Bogota,4.6097,-74.0817,7968095.0
December,68.0,46.0,57.0,3.11,81.0,49.0,10.0,30.11,7.0,Bogota,Colombia,Bogota,4.6097,-74.0817,7968095.0
January,78.0,55.0,66.0,0.6,71.0,55.0,4.0,29.97,1.0,Kolkata,India,West Bengal,22.5675,88.37,21747000.0
February,85.0,62.0,73.0,0.61,66.0,60.0,4.0,29.91,1.0,Kolkata,India,West Bengal,22.5675,88.37,21747000.0
March,93.0,71.0,82.0,1.17,64.0,66.0,6.0,29.82,2.0,Kolkata,India,West Bengal,22.5675,88.37,21747000.0
April,97.0,77.0,87.0,2.0,69.0,74.0,11.0,29.73,2.0,Kolkata,India,West Bengal,22.5675,88.37,21747000.0
May,97.0,78.0,88.0,5.7,74.0,77.0,11.0,29.63,2.0,Kolkata,India,West Bengal,22.5675,88.37,21747000.0
June,94.0,80.0,87.0,9.3,80.0,79.0,9.0,29.53,2.0,Kolkata,India,West Bengal,22.5675,88.37,21747000.0
July,92.0,80.0,86.0,12.92,84.0,79.0,8.0,29.52,2.0,Kolkata,India,West Bengal,22.5675,88.37,21747000.0
August,92.0,80.0,86.0,13.62,85.0,79.0,7.0,29.56,2.0,Kolkata,India,West Bengal,22.5675,88.37,21747000.0
September,92.0,79.0,85.0,10.29,84.0,78.0,6.0,29.66,2.0,Kolkata,India,West Bengal,22.5675,88.37,21747000.0
October,91.0,75.0,83.0,5.61,79.0,74.0,4.0,29.81,2.0,Kolkata,India,West Bengal,22.5675,88.37,21747000.0
November,86.0,67.0,76.0,1.14,72.0,65.0,3.0,29.9,1.0,Kolkata,India,West Bengal,22.5675,88.37,21747000.0
December,80.0,57.0,69.0,0.45,73.0,58.0,4.0,29.97,1.0,Kolkata,India,West Bengal,22.5675,88.37,21747000.0
January,48.0,37.0,43.0,4.41,81.0,37.0,9.0,30.07,9.0,Seattle,United States,Washington,47.6211,-122.3244,3642006.0
February,50.0,37.0,44.0,3.09,76.0,37.0,9.0,30.06,10.0,Seattle,United States,Washington,47.6211,-122.3244,3642006.0
March,54.0,40.0,47.0,3.26,73.0,38.0,10.0,30.04,10.0,Seattle,United States,Washington,47.6211,-122.3244,3642006.0
April,59.0,44.0,52.0,2.2,68.0,41.0,10.0,30.05,10.0,Seattle,United States,Washington,47.6211,-122.3244,3642006.0
May,66.0,50.0,58.0,1.56,65.0,46.0,9.0,30.04,11.0,Seattle,United States,Washington,47.6211,-122.3244,3642006.0
June,71.0,54.0,63.0,1.07,63.0,49.0,9.0,30.03,11.0,Seattle,United States,Washington,47.6211,-122.3244,3642006.0
July,77.0,58.0,68.0,0.39,61.0,53.0,8.0,30.05,12.0,Seattle,United States,Washington,47.6211,-122.3244,3642006.0
August,77.0,59.0,68.0,0.57,62.0,54.0,8.0,30.02,11.0,Seattle,United States,Washington,47.6211,-122.3244,3642006.0
September,71.0,54.0,63.0,1.28,68.0,51.0,8.0,30.02,11.0,Seattle,United States,Washington,47.6211,-122.3244,3642006.0
October,61.0,47.0,54.0,3.05,78.0,47.0,8.0,30.07,9.0,Seattle,United States,Washington,47.6211,-122.3244,3642006.0
November,53.0,41.0,47.0,5.1,81.0,41.0,9.0,30.06,9.0,Seattle,United States,Washington,47.6211,-122.3244,3642006.0
December,47.0,37.0,42.0,4.86,82.0,37.0,9.0,30.08,9.0,Seattle,United States,Washington,47.6211,-122.3244,3642006.0
January,37.0,24.0,30.0,3.21,63.0,19.0,20.0,30.05,9.0,Boston,United States,Massachusetts,42.3188,-71.0852,4453352.0
February,39.0,25.0,32.0,3.19,61.0,19.0,20.0,30.04,9.0,Boston,United States,Massachusetts,42.3188,-71.0852,4453352.0
March,45.0,31.0,38.0,4.05,61.0,25.0,20.0,30.05,9.0,Boston,United States,Massachusetts,42.3188,-71.0852,4453352.0
April,56.0,41.0,48.0,3.6,61.0,34.0,19.0,29.99,9.0,Boston,United States,Massachusetts,42.3188,-71.0852,4453352.0
May,66.0,50.0,58.0,3.41,66.0,46.0,17.0,30.0,9.0,Boston,United States,Massachusetts,42.3188,-71.0852,4453352.0
June,77.0,60.0,68.0,3.95,67.0,56.0,16.0,29.95,9.0,Boston,United States,Massachusetts,42.3188,-71.0852,4453352.0
July,82.0,66.0,74.0,3.56,67.0,62.0,15.0,29.95,9.0,Boston,United States,Massachusetts,42.3188,-71.0852,4453352.0
August,81.0,65.0,73.0,3.21,68.0,61.0,15.0,30.0,9.0,Boston,United States,Massachusetts,42.3188,-71.0852,4453352.0
September,73.0,59.0,66.0,3.63,70.0,56.0,16.0,30.06,9.0,Boston,United States,Massachusetts,42.3188,-71.0852,4453352.0
October,62.0,48.0,55.0,4.1,68.0,44.0,18.0,30.06,9.0,Boston,United States,Massachusetts,42.3188,-71.0852,4453352.0
November,52.0,38.0,45.0,3.59,65.0,33.0,18.0,30.09,9.0,Boston,United States,Massachusetts,42.3188,-71.0852,4453352.0
December,43.0,30.0,36.0,4.14,65.0,25.0,19.0,30.08,9.0,Boston,United States,Massachusetts,42.3188,-71.0852,4453352.0
January,91.0,75.0,83.0,9.22,79.0,74.0,6.0,29.84,6.0,Kuala Lumpur,Malaysia,Kuala Lumpur,3.1478,101.6953,8430775.0
February,92.0,75.0,84.0,7.34,77.0,74.0,6.0,29.84,6.0,Kuala Lumpur,Malaysia,Kuala Lumpur,3.1478,101.6953,8430775.0
March,93.0,76.0,84.0,10.19,79.0,75.0,7.0,29.82,6.0,Kuala Lumpur,Malaysia,Kuala Lumpur,3.1478,101.6953,8430775.0
April,93.0,76.0,84.0,11.07,81.0,76.0,7.0,29.81,6.0,Kuala Lumpur,Malaysia,Kuala Lumpur,3.1478,101.6953,8430775.0
May,93.0,77.0,85.0,8.88,80.0,76.0,7.0,29.8,6.0,Kuala Lumpur,Malaysia,Kuala Lumpur,3.1478,101.6953,8430775.0
June,92.0,76.0,84.0,6.22,78.0,75.0,7.0,29.8,7.0,Kuala Lumpur,Malaysia,Kuala Lumpur,3.1478,101.6953,8430775.0
July,91.0,76.0,83.0,6.82,78.0,74.0,7.0,29.81,7.0,Kuala Lumpur,Malaysia,Kuala Lumpur,3.1478,101.6953,8430775.0
August,91.0,76.0,83.0,7.14,78.0,74.0,7.0,29.82,6.0,Kuala Lumpur,Malaysia,Kuala Lumpur,3.1478,101.6953,8430775.0
September,91.0,75.0,83.0,9.01,79.0,74.0,7.0,29.83,6.0,Kuala Lumpur,Malaysia,Kuala Lumpur,3.1478,101.6953,8430775.0
October,91.0,75.0,83.0,11.29,81.0,75.0,7.0,29.83,6.0,Kuala Lumpur,Malaysia,Kuala Lumpur,3.1478,101.6953,8430775.0
November,90.0,75.0,83.0,13.36,84.0,75.0,6.0,29.82,6.0,Kuala Lumpur,Malaysia,Kuala Lumpur,3.1478,101.6953,8430775.0
December,90.0,75.0,82.0,10.63,83.0,75.0,6.0,29.83,6.0,Kuala Lumpur,Malaysia,Kuala Lumpur,3.1478,101.6953,8430775.0
January,35.0,19.0,27.0,0.56,64.0,15.0,10.0,30.27,5.0,Seoul,"Korea, South",Seoul,37.56,126.99,23016000.0
February,41.0,23.0,32.0,0.85,62.0,18.0,11.0,30.22,5.0,Seoul,"Korea, South",Seoul,37.56,126.99,23016000.0
March,51.0,33.0,42.0,1.0,62.0,27.0,12.0,30.11,5.0,Seoul,"Korea, South",Seoul,37.56,126.99,23016000.0
April,63.0,43.0,53.0,1.92,62.0,38.0,13.0,29.98,5.0,Seoul,"Korea, South",Seoul,37.56,126.99,23016000.0
May,73.0,54.0,63.0,2.6,67.0,50.0,12.0,29.86,5.0,Seoul,"Korea, South",Seoul,37.56,126.99,23016000.0
June,80.0,64.0,72.0,3.11,73.0,61.0,11.0,29.75,4.0,Seoul,"Korea, South",Seoul,37.56,126.99,23016000.0
July,84.0,72.0,78.0,5.69,81.0,70.0,11.0,29.73,4.0,Seoul,"Korea, South",Seoul,37.56,126.99,23016000.0
August,86.0,72.0,79.0,6.09,79.0,71.0,11.0,29.78,5.0,Seoul,"Korea, South",Seoul,37.56,126.99,23016000.0
September,79.0,62.0,71.0,2.67,75.0,60.0,10.0,29.94,5.0,Seoul,"Korea, South",Seoul,37.56,126.99,23016000.0
October,68.0,48.0,58.0,1.33,71.0,46.0,9.0,30.11,5.0,Seoul,"Korea, South",Seoul,37.56,126.99,23016000.0
November,53.0,36.0,44.0,1.56,70.0,33.0,10.0,30.19,5.0,Seoul,"Korea, South",Seoul,37.56,126.99,23016000.0
December,39.0,23.0,31.0,0.62,66.0,19.0,10.0,30.27,5.0,Seoul,"Korea, South",Seoul,37.56,126.99,23016000.0
January,82.0,66.0,74.0,5.49,74.0,63.0,10.0,29.95,8.0,Brasilia,Brazil,Distrito Federal,-15.7939,-47.8828,2996899.0
February,83.0,65.0,74.0,4.62,75.0,64.0,10.0,29.97,8.0,Brasilia,Brazil,Distrito Federal,-15.7939,-47.8828,2996899.0
March,82.0,65.0,74.0,5.42,76.0,64.0,9.0,29.97,8.0,Brasilia,Brazil,Distrito Federal,-15.7939,-47.8828,2996899.0
April,82.0,64.0,73.0,3.17,73.0,62.0,9.0,30.0,8.0,Brasilia,Brazil,Distrito Federal,-15.7939,-47.8828,2996899.0
May,81.0,59.0,70.0,0.69,68.0,57.0,8.0,30.05,8.0,Brasilia,Brazil,Distrito Federal,-15.7939,-47.8828,2996899.0
June,80.0,55.0,67.0,0.12,63.0,53.0,9.0,30.1,8.0,Brasilia,Brazil,Distrito Federal,-15.7939,-47.8828,2996899.0
July,80.0,54.0,67.0,0.0,57.0,49.0,9.0,30.12,8.0,Brasilia,Brazil,Distrito Federal,-15.7939,-47.8828,2996899.0
August,83.0,56.0,70.0,0.39,49.0,48.0,10.0,30.08,8.0,Brasilia,Brazil,Distrito Federal,-15.7939,-47.8828,2996899.0
September,86.0,62.0,74.0,1.12,49.0,52.0,11.0,30.02,8.0,Brasilia,Brazil,Distrito Federal,-15.7939,-47.8828,2996899.0
October,86.0,65.0,76.0,2.72,61.0,58.0,10.0,29.97,8.0,Brasilia,Brazil,Distrito Federal,-15.7939,-47.8828,2996899.0
November,82.0,66.0,74.0,5.95,75.0,63.0,10.0,29.94,8.0,Brasilia,Brazil,Distrito Federal,-15.7939,-47.8828,2996899.0
December,82.0,66.0,74.0,6.07,76.0,64.0,10.0,29.94,8.0,Brasilia,Brazil,Distrito Federal,-15.7939,-47.8828,2996899.0
January,67.0,45.0,56.0,3.89,63.0,42.0,14.0,30.13,5.0,Kuwait City,Kuwait,Al Asimah,29.375,47.98,2989000.0
February,72.0,48.0,60.0,1.81,53.0,41.0,15.0,30.07,5.0,Kuwait City,Kuwait,Al Asimah,29.375,47.98,2989000.0
March,81.0,56.0,68.0,2.04,42.0,41.0,16.0,29.97,6.0,Kuwait City,Kuwait,Al Asimah,29.375,47.98,2989000.0
April,91.0,66.0,79.0,3.88,33.0,45.0,17.0,29.87,5.0,Kuwait City,Kuwait,Al Asimah,29.375,47.98,2989000.0
May,104.0,77.0,91.0,2.93,21.0,44.0,17.0,29.75,5.0,Kuwait City,Kuwait,Al Asimah,29.375,47.98,2989000.0
June,113.0,84.0,98.0,3.51,13.0,39.0,22.0,29.58,5.0,Kuwait City,Kuwait,Al Asimah,29.375,47.98,2989000.0
July,116.0,87.0,101.0,2.61,14.0,43.0,21.0,29.48,5.0,Kuwait City,Kuwait,Al Asimah,29.375,47.98,2989000.0
August,116.0,86.0,101.0,1.6,18.0,47.0,18.0,29.53,5.0,Kuwait City,Kuwait,Al Asimah,29.375,47.98,2989000.0
September,109.0,79.0,94.0,0.63,21.0,46.0,16.0,29.7,6.0,Kuwait City,Kuwait,Al Asimah,29.375,47.98,2989000.0
October,98.0,69.0,83.0,1.85,35.0,49.0,13.0,29.9,5.0,Kuwait City,Kuwait,Al Asimah,29.375,47.98,2989000.0
November,81.0,57.0,69.0,1.44,50.0,47.0,14.0,30.05,6.0,Kuwait City,Kuwait,Al Asimah,29.375,47.98,2989000.0
December,70.0,48.0,59.0,2.81,61.0,44.0,13.0,30.14,5.0,Kuwait City,Kuwait,Al Asimah,29.375,47.98,2989000.0
January,47.0,35.0,41.0,2.38,72.0,32.0,15.0,30.32,4.0,Shanghai,China,Shanghai,31.2325,121.4692,24870895.0
February,51.0,38.0,45.0,2.06,71.0,35.0,15.0,30.25,5.0,Shanghai,China,Shanghai,31.2325,121.4692,24870895.0
March,58.0,45.0,52.0,2.79,70.0,41.0,16.0,30.14,5.0,Shanghai,China,Shanghai,31.2325,121.4692,24870895.0
April,69.0,54.0,62.0,2.45,69.0,50.0,16.0,29.99,5.0,Shanghai,China,Shanghai,31.2325,121.4692,24870895.0
May,78.0,64.0,71.0,2.95,71.0,59.0,16.0,29.85,5.0,Shanghai,China,Shanghai,31.2325,121.4692,24870895.0
June,83.0,71.0,77.0,4.89,79.0,69.0,14.0,29.72,5.0,Shanghai,China,Shanghai,31.2325,121.4692,24870895.0
July,92.0,79.0,85.0,4.21,76.0,76.0,16.0,29.68,5.0,Shanghai,China,Shanghai,31.2325,121.4692,24870895.0
August,91.0,79.0,85.0,5.73,77.0,75.0,16.0,29.72,6.0,Shanghai,China,Shanghai,31.2325,121.4692,24870895.0
September,83.0,72.0,78.0,3.55,74.0,68.0,15.0,29.91,6.0,Shanghai,China,Shanghai,31.2325,121.4692,24870895.0
October,74.0,61.0,68.0,1.99,71.0,57.0,14.0,30.11,5.0,Shanghai,China,Shanghai,31.2325,121.4692,24870895.0
November,64.0,51.0,57.0,2.02,72.0,47.0,14.0,30.21,4.0,Shanghai,China,Shanghai,31.2325,121.4692,24870895.0
December,52.0,39.0,46.0,1.74,70.0,36.0,14.0,30.32,4.0,Shanghai,China,Shanghai,31.2325,121.4692,24870895.0
January,84.0,71.0,77.0,4.79,72.0,67.0,18.0,29.9,9.0,Brisbane,Australia,Queensland,-27.4678,153.0278,2706966.0
February,84.0,70.0,77.0,5.39,74.0,67.0,17.0,29.91,9.0,Brisbane,Australia,Queensland,-27.4678,153.0278,2706966.0
March,82.0,67.0,75.0,4.68,75.0,65.0,16.0,29.98,9.0,Brisbane,Australia,Queensland,-27.4678,153.0278,2706966.0
April,79.0,62.0,70.0,2.8,74.0,61.0,15.0,30.07,9.0,Brisbane,Australia,Queensland,-27.4678,153.0278,2706966.0
May,74.0,56.0,65.0,3.54,74.0,55.0,14.0,30.1,9.0,Brisbane,Australia,Queensland,-27.4678,153.0278,2706966.0
June,70.0,52.0,61.0,2.41,73.0,51.0,14.0,30.12,10.0,Brisbane,Australia,Queensland,-27.4678,153.0278,2706966.0
July,70.0,49.0,59.0,1.25,70.0,48.0,14.0,30.13,10.0,Brisbane,Australia,Queensland,-27.4678,153.0278,2706966.0
August,72.0,50.0,61.0,1.38,69.0,48.0,15.0,30.12,9.0,Brisbane,Australia,Queensland,-27.4678,153.0278,2706966.0
September,75.0,55.0,65.0,1.29,70.0,54.0,17.0,30.08,9.0,Brisbane,Australia,Queensland,-27.4678,153.0278,2706966.0
October,78.0,60.0,69.0,3.04,70.0,58.0,18.0,30.04,9.0,Brisbane,Australia,Queensland,-27.4678,153.0278,2706966.0
November,80.0,65.0,73.0,3.78,71.0,62.0,19.0,29.97,9.0,Brisbane,Australia,Queensland,-27.4678,153.0278,2706966.0
December,83.0,68.0,75.0,4.69,72.0,65.0,19.0,29.92,9.0,Brisbane,Australia,Queensland,-27.4678,153.0278,2706966.0
January,31.0,22.0,27.0,1.55,86.0,23.0,14.0,30.09,6.0,Kyiv,Ukraine,Kyivska Oblast,50.45,30.5236,2952301.0
February,34.0,23.0,29.0,1.56,82.0,23.0,14.0,30.06,6.0,Kyiv,Ukraine,Kyivska Oblast,50.45,30.5236,2952301.0
March,44.0,30.0,37.0,1.59,73.0,28.0,15.0,30.01,7.0,Kyiv,Ukraine,Kyivska Oblast,50.45,30.5236,2952301.0
April,59.0,41.0,50.0,1.66,62.0,36.0,13.0,29.97,8.0,Kyiv,Ukraine,Kyivska Oblast,50.45,30.5236,2952301.0
May,70.0,51.0,60.0,2.58,63.0,46.0,12.0,29.96,9.0,Kyiv,Ukraine,Kyivska Oblast,50.45,30.5236,2952301.0
June,76.0,58.0,67.0,2.9,64.0,54.0,12.0,29.93,9.0,Kyiv,Ukraine,Kyivska Oblast,50.45,30.5236,2952301.0
July,80.0,61.0,70.0,2.75,66.0,58.0,11.0,29.91,9.0,Kyiv,Ukraine,Kyivska Oblast,50.45,30.5236,2952301.0
August,79.0,59.0,69.0,2.25,65.0,55.0,10.0,29.98,9.0,Kyiv,Ukraine,Kyivska Oblast,50.45,30.5236,2952301.0
September,68.0,50.0,59.0,2.21,72.0,48.0,11.0,30.03,8.0,Kyiv,Ukraine,Kyivska Oblast,50.45,30.5236,2952301.0
October,55.0,40.0,48.0,1.73,79.0,40.0,12.0,30.11,7.0,Kyiv,Ukraine,Kyivska Oblast,50.45,30.5236,2952301.0
November,42.0,32.0,37.0,1.96,87.0,33.0,13.0,30.12,5.0,Kyiv,Ukraine,Kyivska Oblast,50.45,30.5236,2952301.0
December,33.0,25.0,29.0,1.92,88.0,26.0,14.0,30.1,5.0,Kyiv,Ukraine,Kyivska Oblast,50.45,30.5236,2952301.0
January,87.0,76.0,82.0,9.77,80.0,74.0,14.0,29.84,6.0,Singapore,Singapore,Singapore,1.3,103.8,5453566.0
February,89.0,76.0,83.0,4.57,78.0,74.0,14.0,29.84,7.0,Singapore,Singapore,Singapore,1.3,103.8,5453566.0
March,90.0,77.0,84.0,6.6,79.0,76.0,10.0,29.82,6.0,Singapore,Singapore,Singapore,1.3,103.8,5453566.0
April,91.0,77.0,84.0,7.28,79.0,77.0,7.0,29.8,6.0,Singapore,Singapore,Singapore,1.3,103.8,5453566.0
May,90.0,78.0,84.0,6.6,79.0,77.0,7.0,29.79,6.0,Singapore,Singapore,Singapore,1.3,103.8,5453566.0
June,90.0,78.0,84.0,5.8,78.0,76.0,9.0,29.8,7.0,Singapore,Singapore,Singapore,1.3,103.8,5453566.0
July,89.0,78.0,83.0,8.47,78.0,76.0,11.0,29.8,7.0,Singapore,Singapore,Singapore,1.3,103.8,5453566.0
August,89.0,77.0,83.0,6.94,78.0,76.0,11.0,29.81,6.0,Singapore,Singapore,Singapore,1.3,103.8,5453566.0
September,89.0,77.0,83.0,6.17,77.0,75.0,10.0,29.82,6.0,Singapore,Singapore,Singapore,1.3,103.8,5453566.0
October,89.0,77.0,83.0,7.96,78.0,76.0,8.0,29.82,6.0,Singapore,Singapore,Singapore,1.3,103.8,5453566.0
November,89.0,76.0,83.0,9.79,81.0,76.0,7.0,29.8,6.0,Singapore,Singapore,Singapore,1.3,103.8,5453566.0
December,88.0,76.0,82.0,12.0,82.0,75.0,10.0,29.82,6.0,Singapore,Singapore,Singapore,1.3,103.8,5453566.0
January,43.0,35.0,39.0,2.55,85.0,35.0,19.0,30.05,7.0,Brussels,Belgium,Brussels-Capital Region,50.8333,4.3333,1249597.0
February,45.0,35.0,40.0,2.25,82.0,35.0,18.0,30.05,7.0,Brussels,Belgium,Brussels-Capital Region,50.8333,4.3333,1249597.0
March,51.0,38.0,45.0,2.14,77.0,37.0,17.0,30.04,7.0,Brussels,Belgium,Brussels-Capital Region,50.8333,4.3333,1249597.0
April,58.0,42.0,50.0,1.59,72.0,41.0,14.0,29.98,8.0,Brussels,Belgium,Brussels-Capital Region,50.8333,4.3333,1249597.0
May,65.0,48.0,56.0,2.3,73.0,47.0,14.0,30.0,9.0,Brussels,Belgium,Brussels-Capital Region,50.8333,4.3333,1249597.0
June,71.0,53.0,62.0,2.37,74.0,53.0,13.0,30.04,9.0,Brussels,Belgium,Brussels-Capital Region,50.8333,4.3333,1249597.0
July,74.0,57.0,65.0,2.82,74.0,56.0,13.0,30.01,9.0,Brussels,Belgium,Brussels-Capital Region,50.8333,4.3333,1249597.0
August,73.0,56.0,65.0,3.05,75.0,56.0,13.0,30.0,9.0,Brussels,Belgium,Brussels-Capital Region,50.8333,4.3333,1249597.0
September,67.0,52.0,59.0,2.0,79.0,52.0,13.0,30.04,8.0,Brussels,Belgium,Brussels-Capital Region,50.8333,4.3333,1249597.0
October,59.0,46.0,53.0,2.4,83.0,47.0,15.0,30.0,8.0,Brussels,Belgium,Brussels-Capital Region,50.8333,4.3333,1249597.0
November,50.0,40.0,45.0,2.38,86.0,41.0,16.0,29.98,7.0,Brussels,Belgium,Brussels-Capital Region,50.8333,4.3333,1249597.0
December,44.0,36.0,40.0,3.06,87.0,36.0,18.0,30.02,7.0,Brussels,Belgium,Brussels-Capital Region,50.8333,4.3333,1249597.0
January,59.0,40.0,49.0,5.68,77.0,40.0,13.0,30.3,6.0,La Paz,Bolivia,La Paz,-16.4958,-68.1333,2063633.0
February,59.0,40.0,49.0,4.22,78.0,40.0,13.0,30.31,6.0,La Paz,Bolivia,La Paz,-16.4958,-68.1333,2063633.0
March,59.0,38.0,49.0,3.58,76.0,39.0,12.0,30.32,7.0,La Paz,Bolivia,La Paz,-16.4958,-68.1333,2063633.0
April,60.0,35.0,47.0,1.63,69.0,35.0,12.0,30.36,7.0,La Paz,Bolivia,La Paz,-16.4958,-68.1333,2063633.0
May,60.0,28.0,44.0,0.52,53.0,25.0,12.0,30.4,9.0,La Paz,Bolivia,La Paz,-16.4958,-68.1333,2063633.0
June,58.0,25.0,42.0,0.25,48.0,20.0,12.0,30.41,9.0,La Paz,Bolivia,La Paz,-16.4958,-68.1333,2063633.0
July,58.0,25.0,41.0,0.34,48.0,20.0,13.0,30.41,9.0,La Paz,Bolivia,La Paz,-16.4958,-68.1333,2063633.0
August,60.0,26.0,43.0,0.95,51.0,23.0,13.0,30.4,8.0,La Paz,Bolivia,La Paz,-16.4958,-68.1333,2063633.0
September,61.0,31.0,46.0,1.16,59.0,29.0,14.0,30.37,7.0,La Paz,Bolivia,La Paz,-16.4958,-68.1333,2063633.0
October,62.0,35.0,48.0,2.02,62.0,33.0,14.0,30.33,8.0,La Paz,Bolivia,La Paz,-16.4958,-68.1333,2063633.0
November,63.0,37.0,50.0,2.08,62.0,34.0,14.0,30.28,8.0,La Paz,Bolivia,La Paz,-16.4958,-68.1333,2063633.0
December,61.0,39.0,50.0,3.94,70.0,38.0,14.0,30.28,7.0,La Paz,Bolivia,La Paz,-16.4958,-68.1333,2063633.0
January,39.0,23.0,31.0,1.54,85.0,26.0,10.0,30.16,4.0,Sofia,Bulgaria,Sofia-Grad,42.6979,23.3217,1531867.0
February,46.0,26.0,36.0,1.36,78.0,28.0,12.0,30.1,5.0,Sofia,Bulgaria,Sofia-Grad,42.6979,23.3217,1531867.0
March,54.0,32.0,43.0,1.89,70.0,31.0,13.0,30.03,6.0,Sofia,Bulgaria,Sofia-Grad,42.6979,23.3217,1531867.0
April,63.0,40.0,52.0,2.65,66.0,39.0,12.0,29.96,7.0,Sofia,Bulgaria,Sofia-Grad,42.6979,23.3217,1531867.0
May,72.0,49.0,60.0,2.86,69.0,49.0,11.0,29.96,7.0,Sofia,Bulgaria,Sofia-Grad,42.6979,23.3217,1531867.0
June,79.0,55.0,67.0,3.11,69.0,55.0,10.0,29.95,7.0,Sofia,Bulgaria,Sofia-Grad,42.6979,23.3217,1531867.0
July,84.0,59.0,71.0,2.71,63.0,56.0,11.0,29.93,7.0,Sofia,Bulgaria,Sofia-Grad,42.6979,23.3217,1531867.0
August,85.0,58.0,72.0,2.16,61.0,55.0,10.0,29.96,7.0,Sofia,Bulgaria,Sofia-Grad,42.6979,23.3217,1531867.0
September,76.0,51.0,63.0,2.59,67.0,50.0,10.0,30.02,7.0,Sofia,Bulgaria,Sofia-Grad,42.6979,23.3217,1531867.0
October,65.0,42.0,54.0,2.36,76.0,44.0,10.0,30.11,6.0,Sofia,Bulgaria,Sofia-Grad,42.6979,23.3217,1531867.0
November,53.0,34.0,43.0,1.48,82.0,37.0,10.0,30.13,5.0,Sofia,Bulgaria,Sofia-Grad,42.6979,23.3217,1531867.0
December,41.0,26.0,34.0,1.71,86.0,29.0,10.0,30.17,4.0,Sofia,Bulgaria,Sofia-Grad,42.6979,23.3217,1531867.0
January,37.0,23.0,30.0,2.16,88.0,27.0,10.0,30.13,4.0,Bucharest,Romania,Bucuresti,44.4134,26.0978,2412530.0
February,44.0,26.0,35.0,1.33,81.0,29.0,11.0,30.09,5.0,Bucharest,Romania,Bucuresti,44.4134,26.0978,2412530.0
March,54.0,32.0,43.0,1.94,71.0,33.0,12.0,30.02,6.0,Bucharest,Romania,Bucuresti,44.4134,26.0978,2412530.0
April,65.0,41.0,53.0,1.85,67.0,41.0,11.0,29.96,6.0,Bucharest,Romania,Bucuresti,44.4134,26.0978,2412530.0
May,76.0,50.0,63.0,2.53,68.0,51.0,10.0,29.95,6.0,Bucharest,Romania,Bucuresti,44.4134,26.0978,2412530.0
June,83.0,57.0,70.0,3.2,68.0,58.0,9.0,29.93,7.0,Bucharest,Romania,Bucuresti,44.4134,26.0978,2412530.0
July,87.0,60.0,74.0,2.42,64.0,60.0,8.0,29.91,7.0,Bucharest,Romania,Bucuresti,44.4134,26.0978,2412530.0
August,87.0,59.0,73.0,1.88,62.0,58.0,8.0,29.95,7.0,Bucharest,Romania,Bucuresti,44.4134,26.0978,2412530.0
September,77.0,51.0,64.0,2.39,68.0,52.0,8.0,30.02,6.0,Bucharest,Romania,Bucuresti,44.4134,26.0978,2412530.0
October,64.0,42.0,53.0,2.29,79.0,46.0,8.0,30.11,6.0,Bucharest,Romania,Bucuresti,44.4134,26.0978,2412530.0
November,51.0,34.0,43.0,1.55,85.0,38.0,9.0,30.12,5.0,Bucharest,Romania,Bucuresti,44.4134,26.0978,2412530.0
December,40.0,27.0,33.0,1.82,89.0,30.0,10.0,30.14,4.0,Bucharest,Romania,Bucuresti,44.4134,26.0978,2412530.0
January,93.0,74.0,83.0,2.41,74.0,73.0,8.0,29.87,4.0,Lagos,Nigeria,Lagos,6.4561,3.3936,16637000.0
February,93.0,77.0,85.0,1.9,78.0,76.0,10.0,29.84,5.0,Lagos,Nigeria,Lagos,6.4561,3.3936,16637000.0
March,92.0,78.0,85.0,3.17,80.0,77.0,11.0,29.84,6.0,Lagos,Nigeria,Lagos,6.4561,3.3936,16637000.0
April,92.0,77.0,84.0,3.53,81.0,77.0,10.0,29.85,6.0,Lagos,Nigeria,Lagos,6.4561,3.3936,16637000.0
May,90.0,76.0,83.0,7.27,83.0,77.0,8.0,29.88,6.0,Lagos,Nigeria,Lagos,6.4561,3.3936,16637000.0
June,86.0,74.0,80.0,7.81,87.0,75.0,8.0,29.93,5.0,Lagos,Nigeria,Lagos,6.4561,3.3936,16637000.0
July,84.0,74.0,79.0,7.43,87.0,74.0,10.0,29.95,6.0,Lagos,Nigeria,Lagos,6.4561,3.3936,16637000.0
August,84.0,74.0,79.0,2.93,86.0,73.0,12.0,29.94,6.0,Lagos,Nigeria,Lagos,6.4561,3.3936,16637000.0
September,85.0,74.0,80.0,5.92,87.0,75.0,11.0,29.92,6.0,Lagos,Nigeria,Lagos,6.4561,3.3936,16637000.0
October,87.0,75.0,81.0,7.52,87.0,76.0,9.0,29.88,6.0,Lagos,Nigeria,Lagos,6.4561,3.3936,16637000.0
November,90.0,76.0,83.0,6.4,84.0,77.0,8.0,29.85,5.0,Lagos,Nigeria,Lagos,6.4561,3.3936,16637000.0
December,92.0,75.0,84.0,1.16,78.0,74.0,8.0,29.87,4.0,Lagos,Nigeria,Lagos,6.4561,3.3936,16637000.0
January,32.0,19.0,25.0,5.9,84.0,21.0,29.0,29.79,10.0,St. John's,Canada,Newfoundland and Labrador,47.4817,-52.7971,185565.0
February,31.0,18.0,25.0,4.91,82.0,20.0,30.0,29.81,10.0,St. John's,Canada,Newfoundland and Labrador,47.4817,-52.7971,185565.0
March,34.0,22.0,28.0,5.24,82.0,23.0,28.0,29.87,10.0,St. John's,Canada,Newfoundland and Labrador,47.4817,-52.7971,185565.0
April,42.0,29.0,35.0,4.71,83.0,29.0,25.0,29.92,10.0,St. John's,Canada,Newfoundland and Labrador,47.4817,-52.7971,185565.0
May,52.0,35.0,43.0,3.81,82.0,36.0,23.0,29.98,10.0,St. John's,Canada,Newfoundland and Labrador,47.4817,-52.7971,185565.0
June,61.0,43.0,52.0,3.61,82.0,45.0,22.0,29.95,11.0,St. John's,Canada,Newfoundland and Labrador,47.4817,-52.7971,185565.0
July,70.0,52.0,61.0,4.01,82.0,54.0,22.0,29.97,11.0,St. John's,Canada,Newfoundland and Labrador,47.4817,-52.7971,185565.0
August,70.0,54.0,62.0,3.88,83.0,56.0,22.0,29.98,12.0,St. John's,Canada,Newfoundland and Labrador,47.4817,-52.7971,185565.0
September,63.0,47.0,55.0,4.75,84.0,50.0,23.0,30.0,12.0,St. John's,Canada,Newfoundland and Labrador,47.4817,-52.7971,185565.0
October,52.0,40.0,46.0,6.02,85.0,41.0,24.0,29.95,12.0,St. John's,Canada,Newfoundland and Labrador,47.4817,-52.7971,185565.0
November,44.0,32.0,38.0,6.04,84.0,33.0,27.0,29.95,11.0,St. John's,Canada,Newfoundland and Labrador,47.4817,-52.7971,185565.0
December,36.0,25.0,31.0,6.66,85.0,26.0,29.0,29.83,10.0,St. John's,Canada,Newfoundland and Labrador,47.4817,-52.7971,185565.0
January,37.0,26.0,32.0,1.39,88.0,28.0,12.0,30.12,4.0,Budapest,Hungary,Budapest,47.4983,19.0408,3067751.0
February,43.0,29.0,36.0,1.38,82.0,29.0,13.0,30.08,5.0,Budapest,Hungary,Budapest,47.4983,19.0408,3067751.0
March,52.0,35.0,44.0,1.52,71.0,33.0,15.0,30.03,6.0,Budapest,Hungary,Budapest,47.4983,19.0408,3067751.0
April,64.0,44.0,54.0,1.72,65.0,40.0,15.0,29.94,6.0,Budapest,Hungary,Budapest,47.4983,19.0408,3067751.0
May,72.0,52.0,62.0,3.0,68.0,50.0,13.0,29.96,6.0,Budapest,Hungary,Budapest,47.4983,19.0408,3067751.0
June,79.0,59.0,69.0,3.12,68.0,56.0,13.0,29.97,6.0,Budapest,Hungary,Budapest,47.4983,19.0408,3067751.0
July,83.0,62.0,72.0,3.32,66.0,58.0,13.0,29.95,6.0,Budapest,Hungary,Budapest,47.4983,19.0408,3067751.0
August,83.0,61.0,72.0,2.43,67.0,58.0,11.0,29.98,6.0,Budapest,Hungary,Budapest,47.4983,19.0408,3067751.0
September,72.0,53.0,63.0,3.24,72.0,51.0,12.0,30.03,6.0,Budapest,Hungary,Budapest,47.4983,19.0408,3067751.0
October,61.0,44.0,53.0,2.12,80.0,45.0,11.0,30.09,5.0,Budapest,Hungary,Budapest,47.4983,19.0408,3067751.0
November,49.0,36.0,42.0,1.82,86.0,38.0,12.0,30.08,5.0,Budapest,Hungary,Budapest,47.4983,19.0408,3067751.0
December,38.0,28.0,33.0,1.7,89.0,30.0,11.0,30.12,4.0,Budapest,Hungary,Budapest,47.4983,19.0408,3067751.0
January,65.0,44.0,55.0,1.59,71.0,43.0,6.0,30.05,2.0,Lahore,Pakistan,Punjab,31.5497,74.3436,13004135.0
February,72.0,51.0,61.0,1.58,64.0,47.0,8.0,29.98,3.0,Lahore,Pakistan,Punjab,31.5497,74.3436,13004135.0
March,82.0,59.0,71.0,2.47,57.0,52.0,9.0,29.89,3.0,Lahore,Pakistan,Punjab,31.5497,74.3436,13004135.0
April,94.0,69.0,82.0,1.49,44.0,55.0,10.0,29.76,4.0,Lahore,Pakistan,Punjab,31.5497,74.3436,13004135.0
May,103.0,78.0,90.0,1.88,37.0,59.0,12.0,29.6,3.0,Lahore,Pakistan,Punjab,31.5497,74.3436,13004135.0
June,102.0,81.0,91.0,3.94,49.0,68.0,13.0,29.49,3.0,Lahore,Pakistan,Punjab,31.5497,74.3436,13004135.0
July,96.0,80.0,88.0,11.56,70.0,76.0,12.0,29.48,3.0,Lahore,Pakistan,Punjab,31.5497,74.3436,13004135.0
August,94.0,80.0,87.0,8.07,74.0,77.0,9.0,29.55,3.0,Lahore,Pakistan,Punjab,31.5497,74.3436,13004135.0
September,94.0,77.0,85.0,5.28,70.0,72.0,7.0,29.68,3.0,Lahore,Pakistan,Punjab,31.5497,74.3436,13004135.0
October,90.0,68.0,79.0,0.92,61.0,61.0,5.0,29.85,3.0,Lahore,Pakistan,Punjab,31.5497,74.3436,13004135.0
November,80.0,56.0,68.0,0.91,62.0,51.0,4.0,29.98,2.0,Lahore,Pakistan,Punjab,31.5497,74.3436,13004135.0
December,70.0,47.0,58.0,0.87,68.0,45.0,4.0,30.05,2.0,Lahore,Pakistan,Punjab,31.5497,74.3436,13004135.0
January,34.0,26.0,30.0,1.33,86.0,26.0,14.0,29.84,8.0,Stockholm,Sweden,Stockholm,59.3275,18.0547,999239.0
February,35.0,25.0,30.0,1.09,83.0,25.0,14.0,29.87,8.0,Stockholm,Sweden,Stockholm,59.3275,18.0547,999239.0
March,41.0,29.0,35.0,0.94,75.0,27.0,14.0,29.89,8.0,Stockholm,Sweden,Stockholm,59.3275,18.0547,999239.0
April,51.0,34.0,43.0,1.04,65.0,31.0,14.0,29.93,9.0,Stockholm,Sweden,Stockholm,59.3275,18.0547,999239.0
May,62.0,43.0,52.0,1.18,63.0,39.0,14.0,29.96,10.0,Stockholm,Sweden,Stockholm,59.3275,18.0547,999239.0
June,69.0,51.0,60.0,1.92,64.0,47.0,14.0,29.9,10.0,Stockholm,Sweden,Stockholm,59.3275,18.0547,999239.0
July,74.0,57.0,65.0,2.09,68.0,53.0,13.0,29.87,10.0,Stockholm,Sweden,Stockholm,59.3275,18.0547,999239.0
August,71.0,55.0,63.0,2.26,73.0,54.0,12.0,29.9,10.0,Stockholm,Sweden,Stockholm,59.3275,18.0547,999239.0
September,62.0,48.0,55.0,1.72,78.0,48.0,13.0,29.95,9.0,Stockholm,Sweden,Stockholm,59.3275,18.0547,999239.0
October,51.0,40.0,45.0,1.83,83.0,40.0,13.0,29.91,9.0,Stockholm,Sweden,Stockholm,59.3275,18.0547,999239.0
November,42.0,34.0,38.0,1.64,87.0,34.0,14.0,29.87,8.0,Stockholm,Sweden,Stockholm,59.3275,18.0547,999239.0
December,36.0,29.0,33.0,1.77,88.0,29.0,14.0,29.83,8.0,Stockholm,Sweden,Stockholm,59.3275,18.0547,999239.0
January,85.0,69.0,77.0,4.53,67.0,64.0,19.0,29.88,6.0,Buenos Aires,Argentina,"Buenos Aires, Ciudad Autonoma de",-34.5997,-58.3819,13971006.0
February,83.0,68.0,75.0,4.9,70.0,64.0,18.0,29.91,6.0,Buenos Aires,Argentina,"Buenos Aires, Ciudad Autonoma de",-34.5997,-58.3819,13971006.0
March,79.0,66.0,72.0,4.49,72.0,62.0,17.0,29.96,6.0,Buenos Aires,Argentina,"Buenos Aires, Ciudad Autonoma de",-34.5997,-58.3819,13971006.0
April,73.0,59.0,66.0,4.52,74.0,56.0,16.0,30.0,6.0,Buenos Aires,Argentina,"Buenos Aires, Ciudad Autonoma de",-34.5997,-58.3819,13971006.0
May,66.0,54.0,60.0,3.64,76.0,51.0,15.0,30.07,6.0,Buenos Aires,Argentina,"Buenos Aires, Ciudad Autonoma de",-34.5997,-58.3819,13971006.0
June,61.0,48.0,55.0,2.17,77.0,46.0,14.0,30.06,6.0,Buenos Aires,Argentina,"Buenos Aires, Ciudad Autonoma de",-34.5997,-58.3819,13971006.0
July,59.0,46.0,53.0,2.66,76.0,44.0,15.0,30.1,6.0,Buenos Aires,Argentina,"Buenos Aires, Ciudad Autonoma de",-34.5997,-58.3819,13971006.0
August,63.0,49.0,56.0,2.62,74.0,46.0,16.0,30.09,6.0,Buenos Aires,Argentina,"Buenos Aires, Ciudad Autonoma de",-34.5997,-58.3819,13971006.0
September,66.0,52.0,59.0,3.01,72.0,49.0,19.0,30.07,6.0,Buenos Aires,Argentina,"Buenos Aires, Ciudad Autonoma de",-34.5997,-58.3819,13971006.0
October,72.0,57.0,65.0,4.39,71.0,54.0,19.0,29.99,6.0,Buenos Aires,Argentina,"Buenos Aires, Ciudad Autonoma de",-34.5997,-58.3819,13971006.0
November,78.0,62.0,70.0,3.81,67.0,57.0,20.0,29.93,6.0,Buenos Aires,Argentina,"Buenos Aires, Ciudad Autonoma de",-34.5997,-58.3819,13971006.0
December,83.0,66.0,75.0,3.67,65.0,61.0,19.0,29.88,6.0,Buenos Aires,Argentina,"Buenos Aires, Ciudad Autonoma de",-34.5997,-58.3819,13971006.0
January,59.0,40.0,49.0,0.58,41.0,25.0,8.0,30.11,11.0,Las Vegas,United States,Nevada,36.2333,-115.2654,2299189.0
February,63.0,43.0,53.0,0.83,38.0,26.0,10.0,30.02,11.0,Las Vegas,United States,Nevada,36.2333,-115.2654,2299189.0
March,72.0,50.0,61.0,0.42,29.0,27.0,12.0,29.94,12.0,Las Vegas,United States,Nevada,36.2333,-115.2654,2299189.0
April,79.0,56.0,68.0,0.21,22.0,26.0,15.0,29.85,12.0,Las Vegas,United States,Nevada,36.2333,-115.2654,2299189.0
May,89.0,66.0,77.0,0.08,19.0,30.0,15.0,29.78,12.0,Las Vegas,United States,Nevada,36.2333,-115.2654,2299189.0
June,100.0,76.0,88.0,0.05,14.0,31.0,15.0,29.73,12.0,Las Vegas,United States,Nevada,36.2333,-115.2654,2299189.0
July,105.0,81.0,93.0,0.4,19.0,44.0,13.0,29.77,12.0,Las Vegas,United States,Nevada,36.2333,-115.2654,2299189.0
August,103.0,80.0,92.0,0.32,20.0,44.0,12.0,29.78,12.0,Las Vegas,United States,Nevada,36.2333,-115.2654,2299189.0
September,95.0,72.0,84.0,0.33,21.0,38.0,10.0,29.82,11.0,Las Vegas,United States,Nevada,36.2333,-115.2654,2299189.0
October,82.0,59.0,70.0,0.33,25.0,31.0,9.0,29.92,11.0,Las Vegas,United States,Nevada,36.2333,-115.2654,2299189.0
November,68.0,47.0,57.0,0.29,31.0,26.0,8.0,30.04,11.0,Las Vegas,United States,Nevada,36.2333,-115.2654,2299189.0
December,57.0,39.0,48.0,0.47,40.0,23.0,9.0,30.1,11.0,Las Vegas,United States,Nevada,36.2333,-115.2654,2299189.0
January,87.0,74.0,81.0,12.71,85.0,75.0,9.0,29.77,20.0,Suva,Fiji,Rewa,-18.1333,178.4333,185913.0
February,88.0,74.0,81.0,11.27,86.0,75.0,8.0,29.78,20.0,Suva,Fiji,Rewa,-18.1333,178.4333,185913.0
March,87.0,74.0,81.0,13.46,87.0,75.0,7.0,29.81,19.0,Suva,Fiji,Rewa,-18.1333,178.4333,185913.0
April,85.0,73.0,79.0,11.71,86.0,74.0,8.0,29.86,19.0,Suva,Fiji,Rewa,-18.1333,178.4333,185913.0
May,83.0,71.0,77.0,8.72,86.0,71.0,8.0,29.91,18.0,Suva,Fiji,Rewa,-18.1333,178.4333,185913.0
June,81.0,69.0,75.0,6.45,85.0,70.0,8.0,29.95,18.0,Suva,Fiji,Rewa,-18.1333,178.4333,185913.0
July,80.0,68.0,74.0,5.32,84.0,68.0,9.0,29.96,18.0,Suva,Fiji,Rewa,-18.1333,178.4333,185913.0
August,79.0,68.0,73.0,4.94,83.0,68.0,10.0,29.97,18.0,Suva,Fiji,Rewa,-18.1333,178.4333,185913.0
September,80.0,69.0,75.0,6.53,83.0,69.0,11.0,29.97,18.0,Suva,Fiji,Rewa,-18.1333,178.4333,185913.0
October,82.0,70.0,76.0,9.44,83.0,70.0,11.0,29.93,19.0,Suva,Fiji,Rewa,-18.1333,178.4333,185913.0
November,84.0,72.0,78.0,9.05,84.0,72.0,10.0,29.87,20.0,Suva,Fiji,Rewa,-18.1333,178.4333,185913.0
December,86.0,74.0,80.0,13.08,84.0,74.0,10.0,29.81,20.0,Suva,Fiji,Rewa,-18.1333,178.4333,185913.0
January,66.0,50.0,58.0,0.16,61.0,43.0,14.0,30.09,5.0,Cairo,Egypt,Al Qahirah,30.0444,31.2358,20296000.0
February,69.0,52.0,60.0,0.18,57.0,43.0,15.0,30.06,5.0,Cairo,Egypt,Al Qahirah,30.0444,31.2358,20296000.0
March,75.0,56.0,65.0,0.34,54.0,45.0,17.0,30.0,5.0,Cairo,Egypt,Al Qahirah,30.0444,31.2358,20296000.0
April,82.0,60.0,71.0,0.07,49.0,48.0,18.0,29.94,6.0,Cairo,Egypt,Al Qahirah,30.0444,31.2358,20296000.0
May,90.0,67.0,78.0,0.07,47.0,54.0,17.0,29.89,6.0,Cairo,Egypt,Al Qahirah,30.0444,31.2358,20296000.0
June,94.0,72.0,83.0,0.0,51.0,60.0,17.0,29.84,6.0,Cairo,Egypt,Al Qahirah,30.0444,31.2358,20296000.0
July,95.0,75.0,85.0,0.0,58.0,66.0,15.0,29.77,6.0,Cairo,Egypt,Al Qahirah,30.0444,31.2358,20296000.0
August,95.0,76.0,86.0,0.07,60.0,68.0,14.0,29.79,5.0,Cairo,Egypt,Al Qahirah,30.0444,31.2358,20296000.0
September,92.0,73.0,83.0,0.0,59.0,64.0,15.0,29.89,6.0,Cairo,Egypt,Al Qahirah,30.0444,31.2358,20296000.0
October,86.0,68.0,77.0,0.09,61.0,60.0,14.0,29.97,5.0,Cairo,Egypt,Al Qahirah,30.0444,31.2358,20296000.0
November,77.0,60.0,69.0,0.28,62.0,54.0,12.0,30.03,5.0,Cairo,Egypt,Al Qahirah,30.0444,31.2358,20296000.0
December,69.0,53.0,61.0,0.24,63.0,47.0,13.0,30.1,5.0,Cairo,Egypt,Al Qahirah,30.0444,31.2358,20296000.0
January,80.0,68.0,74.0,0.53,80.0,66.0,16.0,29.89,6.0,Lima,Peru,Lima,-12.06,-77.0375,9751717.0
February,82.0,69.0,76.0,0.16,79.0,67.0,15.0,29.86,6.0,Lima,Peru,Lima,-12.06,-77.0375,9751717.0
March,81.0,69.0,75.0,0.31,79.0,66.0,14.0,29.86,6.0,Lima,Peru,Lima,-12.06,-77.0375,9751717.0
April,77.0,65.0,71.0,0.04,82.0,64.0,13.0,29.89,5.0,Lima,Peru,Lima,-12.06,-77.0375,9751717.0
May,72.0,63.0,68.0,0.03,83.0,61.0,12.0,29.93,5.0,Lima,Peru,Lima,-12.06,-77.0375,9751717.0
June,69.0,61.0,65.0,0.06,83.0,59.0,11.0,29.96,5.0,Lima,Peru,Lima,-12.06,-77.0375,9751717.0
July,67.0,60.0,64.0,0.06,83.0,57.0,12.0,29.97,5.0,Lima,Peru,Lima,-12.06,-77.0375,9751717.0
August,66.0,59.0,63.0,0.04,83.0,56.0,12.0,29.98,5.0,Lima,Peru,Lima,-12.06,-77.0375,9751717.0
September,67.0,59.0,63.0,0.04,83.0,57.0,13.0,29.97,5.0,Lima,Peru,Lima,-12.06,-77.0375,9751717.0
October,69.0,60.0,65.0,0.09,82.0,58.0,14.0,29.96,6.0,Lima,Peru,Lima,-12.06,-77.0375,9751717.0
November,72.0,62.0,67.0,0.11,81.0,60.0,15.0,29.94,6.0,Lima,Peru,Lima,-12.06,-77.0375,9751717.0
December,76.0,65.0,70.0,0.14,81.0,63.0,16.0,29.91,6.0,Lima,Peru,Lima,-12.06,-77.0375,9751717.0
January,81.0,68.0,75.0,3.19,71.0,63.0,24.0,29.93,8.0,Sydney,Australia,New South Wales,-33.8678,151.21,5450496.0
February,80.0,68.0,74.0,4.79,73.0,64.0,23.0,29.96,8.0,Sydney,Australia,New South Wales,-33.8678,151.21,5450496.0
March,78.0,65.0,72.0,4.21,72.0,61.0,22.0,30.04,8.0,Sydney,Australia,New South Wales,-33.8678,151.21,5450496.0
April,74.0,59.0,67.0,3.77,71.0,56.0,19.0,30.12,8.0,Sydney,Australia,New South Wales,-33.8678,151.21,5450496.0
May,69.0,54.0,61.0,3.53,69.0,50.0,19.0,30.13,9.0,Sydney,Australia,New South Wales,-33.8678,151.21,5450496.0
June,65.0,49.0,57.0,4.48,70.0,46.0,19.0,30.14,9.0,Sydney,Australia,New South Wales,-33.8678,151.21,5450496.0
July,64.0,47.0,56.0,2.72,65.0,43.0,19.0,30.12,9.0,Sydney,Australia,New South Wales,-33.8678,151.21,5450496.0
August,66.0,49.0,58.0,2.6,60.0,42.0,21.0,30.1,9.0,Sydney,Australia,New South Wales,-33.8678,151.21,5450496.0
September,71.0,53.0,62.0,2.32,61.0,47.0,22.0,30.04,9.0,Sydney,Australia,New South Wales,-33.8678,151.21,5450496.0
October,74.0,58.0,66.0,2.27,64.0,51.0,23.0,30.02,9.0,Sydney,Australia,New South Wales,-33.8678,151.21,5450496.0
November,76.0,62.0,69.0,2.94,68.0,56.0,24.0,29.97,8.0,Sydney,Australia,New South Wales,-33.8678,151.21,5450496.0
December,79.0,65.0,72.0,2.48,69.0,60.0,25.0,29.92,8.0,Sydney,Australia,New South Wales,-33.8678,151.21,5450496.0
January,31.0,9.0,20.0,0.36,64.0,10.0,15.0,30.05,19.0,Calgary,Canada,Alberta,51.05,-114.0667,1306784.0
February,32.0,11.0,21.0,0.45,65.0,11.0,15.0,30.06,19.0,Calgary,Canada,Alberta,51.05,-114.0667,1306784.0
March,40.0,19.0,30.0,0.67,63.0,17.0,16.0,30.02,19.0,Calgary,Canada,Alberta,51.05,-114.0667,1306784.0
April,52.0,28.0,40.0,1.07,58.0,24.0,17.0,29.99,22.0,Calgary,Canada,Alberta,51.05,-114.0667,1306784.0
May,62.0,38.0,50.0,2.24,57.0,33.0,18.0,29.99,24.0,Calgary,Canada,Alberta,51.05,-114.0667,1306784.0
June,68.0,46.0,57.0,3.88,63.0,43.0,17.0,29.94,25.0,Calgary,Canada,Alberta,51.05,-114.0667,1306784.0
July,75.0,50.0,62.0,2.42,63.0,49.0,16.0,29.99,24.0,Calgary,Canada,Alberta,51.05,-114.0667,1306784.0
August,74.0,48.0,61.0,1.99,61.0,46.0,15.0,30.0,21.0,Calgary,Canada,Alberta,51.05,-114.0667,1306784.0
September,65.0,40.0,53.0,1.3,60.0,38.0,15.0,30.01,23.0,Calgary,Canada,Alberta,51.05,-114.0667,1306784.0
October,53.0,30.0,42.0,0.66,61.0,27.0,16.0,30.02,22.0,Calgary,Canada,Alberta,51.05,-114.0667,1306784.0
November,40.0,19.0,29.0,0.58,65.0,18.0,15.0,30.01,19.0,Calgary,Canada,Alberta,51.05,-114.0667,1306784.0
December,31.0,10.0,21.0,0.5,66.0,10.0,15.0,30.03,19.0,Calgary,Canada,Alberta,51.05,-114.0667,1306784.0
January,58.0,47.0,53.0,2.74,84.0,47.0,14.0,30.2,6.0,Lisbon,Portugal,Lisboa,38.7122,-9.134,548703.0
February,60.0,48.0,54.0,1.96,80.0,47.0,15.0,30.18,6.0,Lisbon,Portugal,Lisboa,38.7122,-9.134,548703.0
March,65.0,51.0,58.0,1.82,74.0,48.0,16.0,30.09,6.0,Lisbon,Portugal,Lisboa,38.7122,-9.134,548703.0
April,67.0,54.0,60.0,1.96,74.0,50.0,17.0,30.0,6.0,Lisbon,Portugal,Lisboa,38.7122,-9.134,548703.0
May,72.0,57.0,65.0,1.56,70.0,53.0,18.0,30.02,6.0,Lisbon,Portugal,Lisboa,38.7122,-9.134,548703.0
June,78.0,62.0,70.0,0.37,67.0,56.0,19.0,30.04,6.0,Lisbon,Portugal,Lisboa,38.7122,-9.134,548703.0
July,82.0,64.0,73.0,0.09,65.0,58.0,21.0,30.04,6.0,Lisbon,Portugal,Lisboa,38.7122,-9.134,548703.0
August,83.0,65.0,74.0,0.34,65.0,59.0,20.0,30.02,6.0,Lisbon,Portugal,Lisboa,38.7122,-9.134,548703.0
September,80.0,63.0,71.0,1.04,69.0,58.0,16.0,30.03,6.0,Lisbon,Portugal,Lisboa,38.7122,-9.134,548703.0
October,73.0,59.0,66.0,2.74,76.0,57.0,15.0,30.03,6.0,Lisbon,Portugal,Lisboa,38.7122,-9.134,548703.0
November,64.0,53.0,58.0,3.05,82.0,52.0,14.0,30.09,6.0,Lisbon,Portugal,Lisboa,38.7122,-9.134,548703.0
December,59.0,49.0,54.0,3.37,85.0,49.0,14.0,30.18,6.0,Lisbon,Portugal,Lisboa,38.7122,-9.134,548703.0
January,67.0,57.0,62.0,2.24,78.0,55.0,15.0,30.15,6.0,Taipei,Taiwan,Taipei,25.0375,121.5625,2442991.0
February,69.0,58.0,63.0,2.7,79.0,56.0,14.0,30.11,5.0,Taipei,Taiwan,Taipei,25.0375,121.5625,2442991.0
March,73.0,61.0,67.0,1.99,78.0,59.0,14.0,30.04,5.0,Taipei,Taiwan,Taipei,25.0375,121.5625,2442991.0
April,79.0,67.0,73.0,2.21,78.0,64.0,14.0,29.94,5.0,Taipei,Taiwan,Taipei,25.0375,121.5625,2442991.0
May,85.0,73.0,79.0,2.94,77.0,70.0,13.0,29.82,6.0,Taipei,Taiwan,Taipei,25.0375,121.5625,2442991.0
June,90.0,78.0,84.0,3.25,76.0,75.0,11.0,29.73,6.0,Taipei,Taiwan,Taipei,25.0375,121.5625,2442991.0
July,94.0,80.0,87.0,3.42,72.0,76.0,12.0,29.71,6.0,Taipei,Taiwan,Taipei,25.0375,121.5625,2442991.0
August,93.0,80.0,86.0,5.51,74.0,76.0,12.0,29.71,6.0,Taipei,Taiwan,Taipei,25.0375,121.5625,2442991.0
September,89.0,77.0,83.0,4.92,75.0,73.0,15.0,29.81,6.0,Taipei,Taiwan,Taipei,25.0375,121.5625,2442991.0
October,82.0,72.0,77.0,3.43,75.0,68.0,17.0,29.97,6.0,Taipei,Taiwan,Taipei,25.0375,121.5625,2442991.0
November,77.0,67.0,72.0,2.73,78.0,64.0,17.0,30.06,6.0,Taipei,Taiwan,Taipei,25.0375,121.5625,2442991.0
December,70.0,61.0,65.0,2.86,77.0,57.0,16.0,30.15,6.0,Taipei,Taiwan,Taipei,25.0375,121.5625,2442991.0
January,85.0,57.0,71.0,2.23,59.0,52.0,15.0,29.91,11.0,Canberra,Australia,Australian Capital Territory,-35.2931,149.1269,381488.0
February,82.0,56.0,69.0,2.44,64.0,53.0,14.0,29.96,11.0,Canberra,Australia,Australian Capital Territory,-35.2931,149.1269,381488.0
March,77.0,52.0,64.0,1.82,66.0,50.0,12.0,30.04,11.0,Canberra,Australia,Australian Capital Territory,-35.2931,149.1269,381488.0
April,70.0,44.0,57.0,1.16,70.0,45.0,11.0,30.14,11.0,Canberra,Australia,Australian Capital Territory,-35.2931,149.1269,381488.0
May,62.0,37.0,49.0,1.16,75.0,40.0,11.0,30.17,10.0,Canberra,Australia,Australian Capital Territory,-35.2931,149.1269,381488.0
June,56.0,34.0,45.0,1.9,80.0,38.0,12.0,30.19,10.0,Canberra,Australia,Australian Capital Territory,-35.2931,149.1269,381488.0
July,54.0,32.0,43.0,1.48,79.0,36.0,13.0,30.16,10.0,Canberra,Australia,Australian Capital Territory,-35.2931,149.1269,381488.0
August,57.0,33.0,45.0,1.71,73.0,35.0,15.0,30.13,11.0,Canberra,Australia,Australian Capital Territory,-35.2931,149.1269,381488.0
September,63.0,38.0,51.0,2.16,68.0,39.0,16.0,30.06,11.0,Canberra,Australia,Australian Capital Territory,-35.2931,149.1269,381488.0
October,69.0,43.0,56.0,1.94,65.0,43.0,15.0,30.03,11.0,Canberra,Australia,Australian Capital Territory,-35.2931,149.1269,381488.0
November,75.0,49.0,62.0,2.73,63.0,47.0,15.0,29.96,11.0,Canberra,Australia,Australian Capital Territory,-35.2931,149.1269,381488.0
December,81.0,54.0,67.0,2.4,59.0,49.0,15.0,29.9,10.0,Canberra,Australia,Australian Capital Territory,-35.2931,149.1269,381488.0
January,47.0,35.0,41.0,2.42,84.0,37.0,17.0,29.96,6.0,London,United Kingdom,"London, City of",51.5072,-0.1275,11262000.0
February,48.0,35.0,42.0,1.9,78.0,35.0,19.0,29.98,6.0,London,United Kingdom,"London, City of",51.5072,-0.1275,11262000.0
March,53.0,38.0,45.0,1.55,73.0,37.0,18.0,30.01,6.0,London,United Kingdom,"London, City of",51.5072,-0.1275,11262000.0
April,58.0,40.0,49.0,1.43,67.0,39.0,16.0,29.99,7.0,London,United Kingdom,"London, City of",51.5072,-0.1275,11262000.0
May,64.0,46.0,55.0,1.6,68.0,45.0,16.0,29.99,7.0,London,United Kingdom,"London, City of",51.5072,-0.1275,11262000.0
June,70.0,53.0,61.0,1.81,69.0,51.0,17.0,30.01,7.0,London,United Kingdom,"London, City of",51.5072,-0.1275,11262000.0
July,75.0,57.0,66.0,1.62,67.0,54.0,15.0,30.0,7.0,London,United Kingdom,"London, City of",51.5072,-0.1275,11262000.0
August,73.0,55.0,64.0,2.29,71.0,54.0,15.0,29.99,7.0,London,United Kingdom,"London, City of",51.5072,-0.1275,11262000.0
September,68.0,50.0,59.0,1.75,75.0,51.0,14.0,30.04,7.0,London,United Kingdom,"London, City of",51.5072,-0.1275,11262000.0
October,60.0,46.0,53.0,2.95,82.0,48.0,16.0,29.96,6.0,London,United Kingdom,"London, City of",51.5072,-0.1275,11262000.0
November,52.0,39.0,46.0,2.5,85.0,42.0,15.0,29.92,6.0,London,United Kingdom,"London, City of",51.5072,-0.1275,11262000.0
December,50.0,38.0,44.0,2.73,85.0,40.0,17.0,29.97,6.0,London,United Kingdom,"London, City of",51.5072,-0.1275,11262000.0
January,31.0,21.0,26.0,2.76,90.0,23.0,17.0,29.85,6.0,Tallinn,Estonia,Tallinn,59.4372,24.745,457572.0
February,33.0,22.0,28.0,3.49,88.0,25.0,17.0,29.91,6.0,Tallinn,Estonia,Tallinn,59.4372,24.745,457572.0
March,40.0,25.0,32.0,3.23,78.0,26.0,18.0,29.9,7.0,Tallinn,Estonia,Tallinn,59.4372,24.745,457572.0
April,50.0,32.0,41.0,1.66,70.0,31.0,18.0,29.9,9.0,Tallinn,Estonia,Tallinn,59.4372,24.745,457572.0
May,63.0,40.0,52.0,1.52,66.0,40.0,16.0,29.96,8.0,Tallinn,Estonia,Tallinn,59.4372,24.745,457572.0
June,70.0,49.0,59.0,2.73,70.0,50.0,17.0,29.91,7.0,Tallinn,Estonia,Tallinn,59.4372,24.745,457572.0
July,73.0,55.0,64.0,2.35,73.0,55.0,16.0,29.88,7.0,Tallinn,Estonia,Tallinn,59.4372,24.745,457572.0
August,71.0,53.0,62.0,4.11,77.0,55.0,15.0,29.94,7.0,Tallinn,Estonia,Tallinn,59.4372,24.745,457572.0
September,63.0,47.0,55.0,2.36,82.0,49.0,16.0,29.96,6.0,Tallinn,Estonia,Tallinn,59.4372,24.745,457572.0
October,51.0,38.0,44.0,3.2,85.0,40.0,17.0,29.96,6.0,Tallinn,Estonia,Tallinn,59.4372,24.745,457572.0
November,42.0,33.0,38.0,2.64,90.0,35.0,18.0,29.9,6.0,Tallinn,Estonia,Tallinn,59.4372,24.745,457572.0
December,36.0,27.0,31.0,2.25,89.0,29.0,19.0,29.83,6.0,Tallinn,Estonia,Tallinn,59.4372,24.745,457572.0
January,82.0,62.0,72.0,0.47,67.0,58.0,27.0,29.92,10.0,Cape Town,South Africa,Western Cape,-33.9253,18.4239,433688.0
February,83.0,62.0,72.0,0.48,68.0,59.0,25.0,29.92,10.0,Cape Town,South Africa,Western Cape,-33.9253,18.4239,433688.0
March,80.0,59.0,70.0,0.75,71.0,57.0,22.0,29.96,10.0,Cape Town,South Africa,Western Cape,-33.9253,18.4239,433688.0
April,76.0,54.0,65.0,1.83,74.0,54.0,18.0,30.02,9.0,Cape Town,South Africa,Western Cape,-33.9253,18.4239,433688.0
May,70.0,50.0,60.0,2.15,80.0,52.0,16.0,30.06,8.0,Cape Town,South Africa,Western Cape,-33.9253,18.4239,433688.0
June,66.0,46.0,56.0,3.19,79.0,48.0,16.0,30.13,8.0,Cape Town,South Africa,Western Cape,-33.9253,18.4239,433688.0
July,65.0,45.0,55.0,3.1,78.0,47.0,16.0,30.17,9.0,Cape Town,South Africa,Western Cape,-33.9253,18.4239,433688.0
August,66.0,46.0,56.0,2.74,78.0,47.0,17.0,30.13,9.0,Cape Town,South Africa,Western Cape,-33.9253,18.4239,433688.0
September,68.0,49.0,59.0,1.65,75.0,49.0,19.0,30.09,9.0,Cape Town,South Africa,Western Cape,-33.9253,18.4239,433688.0
October,74.0,53.0,63.0,1.21,70.0,51.0,22.0,30.04,10.0,Cape Town,South Africa,Western Cape,-33.9253,18.4239,433688.0
November,76.0,56.0,66.0,1.19,67.0,53.0,24.0,29.99,10.0,Cape Town,South Africa,Western Cape,-33.9253,18.4239,433688.0
December,80.0,60.0,70.0,0.77,67.0,56.0,26.0,29.94,10.0,Cape Town,South Africa,Western Cape,-33.9253,18.4239,433688.0
January,69.0,49.0,59.0,3.37,59.0,42.0,3.0,30.08,10.0,Los Angeles,United States,California,34.1141,-118.4068,11984083.0
February,68.0,50.0,59.0,3.57,62.0,44.0,4.0,30.05,10.0,Los Angeles,United States,California,34.1141,-118.4068,11984083.0
March,70.0,53.0,62.0,2.09,64.0,47.0,4.0,30.02,9.0,Los Angeles,United States,California,34.1141,-118.4068,11984083.0
April,73.0,55.0,64.0,0.69,64.0,49.0,5.0,29.98,10.0,Los Angeles,United States,California,34.1141,-118.4068,11984083.0
May,74.0,59.0,66.0,0.35,68.0,54.0,5.0,29.94,9.0,Los Angeles,United States,California,34.1141,-118.4068,11984083.0
June,78.0,62.0,70.0,0.09,69.0,57.0,5.0,29.9,9.0,Los Angeles,United States,California,34.1141,-118.4068,11984083.0
July,83.0,65.0,74.0,0.04,68.0,61.0,4.0,29.92,9.0,Los Angeles,United States,California,34.1141,-118.4068,11984083.0
August,85.0,66.0,75.0,0.07,67.0,61.0,4.0,29.9,9.0,Los Angeles,United States,California,34.1141,-118.4068,11984083.0
September,83.0,64.0,74.0,0.14,66.0,60.0,4.0,29.88,9.0,Los Angeles,United States,California,34.1141,-118.4068,11984083.0
October,79.0,60.0,70.0,0.62,63.0,54.0,3.0,29.94,9.0,Los Angeles,United States,California,34.1141,-118.4068,11984083.0
November,73.0,54.0,63.0,0.85,57.0,46.0,3.0,30.03,9.0,Los Angeles,United States,California,34.1141,-118.4068,11984083.0
December,68.0,49.0,58.0,2.52,57.0,41.0,3.0,30.08,10.0,Los Angeles,United States,California,34.1141,-118.4068,11984083.0
January,45.0,30.0,38.0,2.26,74.0,28.0,8.0,30.25,5.0,Tashkent,Uzbekistan,Toshkent,41.3111,69.2797,2575431.0
February,50.0,33.0,41.0,3.03,69.0,29.0,9.0,30.19,6.0,Tashkent,Uzbekistan,Toshkent,41.3111,69.2797,2575431.0
March,61.0,42.0,51.0,2.84,62.0,36.0,10.0,30.08,6.0,Tashkent,Uzbekistan,Toshkent,41.3111,69.2797,2575431.0
April,72.0,50.0,61.0,2.58,57.0,44.0,10.0,29.99,7.0,Tashkent,Uzbekistan,Toshkent,41.3111,69.2797,2575431.0
May,83.0,58.0,71.0,1.51,49.0,49.0,10.0,29.88,9.0,Tashkent,Uzbekistan,Toshkent,41.3111,69.2797,2575431.0
June,93.0,65.0,79.0,0.6,36.0,49.0,11.0,29.71,9.0,Tashkent,Uzbekistan,Toshkent,41.3111,69.2797,2575431.0
July,97.0,68.0,83.0,0.13,33.0,50.0,10.0,29.64,8.0,Tashkent,Uzbekistan,Toshkent,41.3111,69.2797,2575431.0
August,95.0,65.0,80.0,0.12,35.0,49.0,10.0,29.71,7.0,Tashkent,Uzbekistan,Toshkent,41.3111,69.2797,2575431.0
September,85.0,56.0,71.0,0.25,39.0,43.0,9.0,29.91,6.0,Tashkent,Uzbekistan,Toshkent,41.3111,69.2797,2575431.0
October,72.0,47.0,59.0,1.0,53.0,39.0,8.0,30.13,6.0,Tashkent,Uzbekistan,Toshkent,41.3111,69.2797,2575431.0
November,58.0,39.0,48.0,2.13,67.0,35.0,7.0,30.23,5.0,Tashkent,Uzbekistan,Toshkent,41.3111,69.2797,2575431.0
December,48.0,32.0,40.0,2.39,75.0,30.0,7.0,30.29,5.0,Tashkent,Uzbekistan,Toshkent,41.3111,69.2797,2575431.0
January,84.0,69.0,76.0,1.0,74.0,66.0,6.0,29.92,7.0,Caracas,Venezuela,Miranda,10.5061,-66.9144,2245744.0
February,84.0,69.0,76.0,0.52,73.0,66.0,7.0,29.93,7.0,Caracas,Venezuela,Miranda,10.5061,-66.9144,2245744.0
March,85.0,70.0,78.0,0.63,72.0,67.0,7.0,29.91,7.0,Caracas,Venezuela,Miranda,10.5061,-66.9144,2245744.0
April,86.0,72.0,79.0,1.84,73.0,68.0,7.0,29.89,7.0,Caracas,Venezuela,Miranda,10.5061,-66.9144,2245744.0
May,87.0,73.0,80.0,2.94,74.0,70.0,7.0,29.89,7.0,Caracas,Venezuela,Miranda,10.5061,-66.9144,2245744.0
June,86.0,73.0,79.0,4.42,75.0,69.0,7.0,29.92,7.0,Caracas,Venezuela,Miranda,10.5061,-66.9144,2245744.0
July,85.0,72.0,79.0,4.69,75.0,69.0,7.0,29.93,7.0,Caracas,Venezuela,Miranda,10.5061,-66.9144,2245744.0
August,86.0,72.0,79.0,5.29,75.0,69.0,7.0,29.91,7.0,Caracas,Venezuela,Miranda,10.5061,-66.9144,2245744.0
September,87.0,73.0,80.0,4.58,75.0,70.0,6.0,29.88,7.0,Caracas,Venezuela,Miranda,10.5061,-66.9144,2245744.0
October,87.0,73.0,80.0,4.98,74.0,69.0,6.0,29.85,7.0,Caracas,Venezuela,Miranda,10.5061,-66.9144,2245744.0
November,85.0,72.0,79.0,3.9,77.0,70.0,6.0,29.85,7.0,Caracas,Venezuela,Miranda,10.5061,-66.9144,2245744.0
December,85.0,71.0,78.0,2.24,75.0,68.0,6.0,29.89,7.0,Caracas,Venezuela,Miranda,10.5061,-66.9144,2245744.0
January,51.0,36.0,44.0,1.28,71.0,34.0,10.0,30.2,6.0,Madrid,Spain,Madrid,40.4169,-3.7033,6211000.0
February,55.0,37.0,46.0,1.34,62.0,34.0,11.0,30.17,7.0,Madrid,Spain,Madrid,40.4169,-3.7033,6211000.0
March,62.0,42.0,52.0,1.32,54.0,35.0,13.0,30.08,8.0,Madrid,Spain,Madrid,40.4169,-3.7033,6211000.0
April,66.0,46.0,56.0,1.7,53.0,39.0,13.0,29.96,8.0,Madrid,Spain,Madrid,40.4169,-3.7033,6211000.0
May,75.0,52.0,63.0,1.72,48.0,43.0,12.0,29.97,8.0,Madrid,Spain,Madrid,40.4169,-3.7033,6211000.0
June,86.0,61.0,73.0,0.73,39.0,47.0,12.0,29.96,8.0,Madrid,Spain,Madrid,40.4169,-3.7033,6211000.0
July,93.0,66.0,79.0,0.34,34.0,48.0,12.0,29.94,9.0,Madrid,Spain,Madrid,40.4169,-3.7033,6211000.0
August,91.0,66.0,78.0,0.39,36.0,49.0,11.0,29.94,9.0,Madrid,Spain,Madrid,40.4169,-3.7033,6211000.0
September,82.0,59.0,70.0,1.01,45.0,47.0,10.0,30.0,8.0,Madrid,Spain,Madrid,40.4169,-3.7033,6211000.0
October,70.0,51.0,60.0,2.44,59.0,45.0,9.0,30.04,7.0,Madrid,Spain,Madrid,40.4169,-3.7033,6211000.0
November,58.0,42.0,50.0,2.08,69.0,40.0,10.0,30.09,7.0,Madrid,Spain,Madrid,40.4169,-3.7033,6211000.0
December,52.0,37.0,45.0,1.7,73.0,36.0,9.0,30.19,6.0,Madrid,Spain,Madrid,40.4169,-3.7033,6211000.0
January,81.0,57.0,69.0,0.42,73.0,58.0,15.0,29.97,7.0,Tegucigalpa,Honduras,Francisco Morazan,14.1058,-87.2047,1199136.0
February,84.0,58.0,71.0,0.2,67.0,57.0,14.0,29.95,7.0,Tegucigalpa,Honduras,Francisco Morazan,14.1058,-87.2047,1199136.0
March,87.0,59.0,73.0,0.62,62.0,57.0,14.0,29.92,7.0,Tegucigalpa,Honduras,Francisco Morazan,14.1058,-87.2047,1199136.0
April,89.0,63.0,76.0,1.81,62.0,60.0,12.0,29.88,6.0,Tegucigalpa,Honduras,Francisco Morazan,14.1058,-87.2047,1199136.0
May,87.0,65.0,76.0,4.8,71.0,64.0,10.0,29.87,6.0,Tegucigalpa,Honduras,Francisco Morazan,14.1058,-87.2047,1199136.0
June,85.0,65.0,75.0,6.18,78.0,65.0,9.0,29.89,6.0,Tegucigalpa,Honduras,Francisco Morazan,14.1058,-87.2047,1199136.0
July,84.0,64.0,74.0,3.05,75.0,64.0,12.0,29.93,6.0,Tegucigalpa,Honduras,Francisco Morazan,14.1058,-87.2047,1199136.0
August,85.0,64.0,75.0,4.41,75.0,64.0,10.0,29.91,6.0,Tegucigalpa,Honduras,Francisco Morazan,14.1058,-87.2047,1199136.0
September,85.0,64.0,74.0,5.1,79.0,65.0,8.0,29.88,6.0,Tegucigalpa,Honduras,Francisco Morazan,14.1058,-87.2047,1199136.0
October,83.0,63.0,73.0,6.24,82.0,65.0,10.0,29.88,6.0,Tegucigalpa,Honduras,Francisco Morazan,14.1058,-87.2047,1199136.0
November,80.0,61.0,70.0,2.85,80.0,62.0,15.0,29.93,6.0,Tegucigalpa,Honduras,Francisco Morazan,14.1058,-87.2047,1199136.0
December,80.0,59.0,69.0,0.84,76.0,60.0,15.0,29.96,7.0,Tegucigalpa,Honduras,Francisco Morazan,14.1058,-87.2047,1199136.0
January,64.0,48.0,56.0,2.69,82.0,50.0,9.0,30.2,5.0,Casablanca,Morocco,Casablanca-Settat,33.5992,-7.62,3950000.0
February,65.0,50.0,57.0,1.75,80.0,51.0,10.0,30.15,5.0,Casablanca,Morocco,Casablanca-Settat,33.5992,-7.62,3950000.0
March,67.0,53.0,60.0,1.53,79.0,53.0,12.0,30.06,5.0,Casablanca,Morocco,Casablanca-Settat,33.5992,-7.62,3950000.0
April,69.0,56.0,63.0,1.37,77.0,55.0,13.0,29.99,5.0,Casablanca,Morocco,Casablanca-Settat,33.5992,-7.62,3950000.0
May,72.0,61.0,67.0,0.66,76.0,59.0,13.0,29.99,5.0,Casablanca,Morocco,Casablanca-Settat,33.5992,-7.62,3950000.0
June,76.0,66.0,71.0,0.11,77.0,63.0,13.0,30.01,5.0,Casablanca,Morocco,Casablanca-Settat,33.5992,-7.62,3950000.0
July,78.0,69.0,74.0,0.14,79.0,66.0,13.0,29.99,5.0,Casablanca,Morocco,Casablanca-Settat,33.5992,-7.62,3950000.0
August,80.0,70.0,75.0,0.02,80.0,68.0,12.0,29.98,5.0,Casablanca,Morocco,Casablanca-Settat,33.5992,-7.62,3950000.0
September,78.0,67.0,73.0,0.41,80.0,66.0,11.0,30.0,5.0,Casablanca,Morocco,Casablanca-Settat,33.5992,-7.62,3950000.0
October,76.0,62.0,69.0,1.51,80.0,62.0,10.0,30.02,5.0,Casablanca,Morocco,Casablanca-Settat,33.5992,-7.62,3950000.0
November,70.0,55.0,62.0,2.95,79.0,55.0,10.0,30.07,5.0,Casablanca,Morocco,Casablanca-Settat,33.5992,-7.62,3950000.0
December,66.0,51.0,58.0,2.4,81.0,52.0,9.0,30.17,5.0,Casablanca,Morocco,Casablanca-Settat,33.5992,-7.62,3950000.0
January,90.0,70.0,80.0,0.45,67.0,67.0,14.0,29.89,7.0,Managua,Nicaragua,Managua,12.1547,-86.2737,1051236.0
February,91.0,71.0,81.0,0.36,64.0,67.0,16.0,29.88,7.0,Managua,Nicaragua,Managua,12.1547,-86.2737,1051236.0
March,93.0,72.0,83.0,0.33,60.0,67.0,16.0,29.86,7.0,Managua,Nicaragua,Managua,12.1547,-86.2737,1051236.0
April,95.0,75.0,85.0,1.13,60.0,69.0,15.0,29.84,6.0,Managua,Nicaragua,Managua,12.1547,-86.2737,1051236.0
May,92.0,76.0,84.0,4.91,71.0,72.0,11.0,29.83,6.0,Managua,Nicaragua,Managua,12.1547,-86.2737,1051236.0
June,89.0,75.0,82.0,6.52,79.0,73.0,9.0,29.84,6.0,Managua,Nicaragua,Managua,12.1547,-86.2737,1051236.0
July,89.0,74.0,82.0,5.92,78.0,73.0,11.0,29.86,6.0,Managua,Nicaragua,Managua,12.1547,-86.2737,1051236.0
August,90.0,74.0,82.0,6.15,78.0,73.0,10.0,29.85,6.0,Managua,Nicaragua,Managua,12.1547,-86.2737,1051236.0
September,89.0,74.0,82.0,7.12,81.0,74.0,8.0,29.84,6.0,Managua,Nicaragua,Managua,12.1547,-86.2737,1051236.0
October,88.0,74.0,81.0,6.96,82.0,73.0,7.0,29.83,6.0,Managua,Nicaragua,Managua,12.1547,-86.2737,1051236.0
November,89.0,72.0,81.0,2.48,76.0,71.0,9.0,29.84,7.0,Managua,Nicaragua,Managua,12.1547,-86.2737,1051236.0
December,89.0,71.0,80.0,0.61,71.0,69.0,12.0,29.87,7.0,Managua,Nicaragua,Managua,12.1547,-86.2737,1051236.0
January,48.0,34.0,41.0,1.28,57.0,25.0,9.0,30.12,5.0,Tehran,Iran,Tehran,35.6889,51.3897,14148000.0
February,53.0,38.0,45.0,1.36,50.0,26.0,11.0,30.04,5.0,Tehran,Iran,Tehran,35.6889,51.3897,14148000.0
March,62.0,45.0,53.0,1.45,41.0,28.0,14.0,29.93,6.0,Tehran,Iran,Tehran,35.6889,51.3897,14148000.0
April,73.0,55.0,64.0,1.36,37.0,35.0,14.0,29.85,6.0,Tehran,Iran,Tehran,35.6889,51.3897,14148000.0
May,83.0,64.0,74.0,0.51,30.0,38.0,15.0,29.77,6.0,Tehran,Iran,Tehran,35.6889,51.3897,14148000.0
June,94.0,73.0,84.0,0.32,23.0,40.0,14.0,29.59,6.0,Tehran,Iran,Tehran,35.6889,51.3897,14148000.0
July,99.0,78.0,88.0,0.26,24.0,45.0,13.0,29.51,6.0,Tehran,Iran,Tehran,35.6889,51.3897,14148000.0
August,97.0,77.0,87.0,0.19,25.0,45.0,11.0,29.6,6.0,Tehran,Iran,Tehran,35.6889,51.3897,14148000.0
September,89.0,70.0,80.0,0.16,27.0,40.0,10.0,29.74,6.0,Tehran,Iran,Tehran,35.6889,51.3897,14148000.0
October,77.0,59.0,68.0,0.5,35.0,37.0,10.0,29.96,6.0,Tehran,Iran,Tehran,35.6889,51.3897,14148000.0
November,61.0,46.0,53.0,1.24,50.0,33.0,8.0,30.09,5.0,Tehran,Iran,Tehran,35.6889,51.3897,14148000.0
December,51.0,38.0,44.0,1.23,58.0,29.0,7.0,30.16,4.0,Tehran,Iran,Tehran,35.6889,51.3897,14148000.0
January,33.0,20.0,26.0,1.75,74.0,19.0,18.0,30.12,8.0,Chicago,United States,Illinois,41.8375,-87.6866,8609571.0
February,36.0,22.0,29.0,1.76,70.0,20.0,18.0,30.12,9.0,Chicago,United States,Illinois,41.8375,-87.6866,8609571.0
March,47.0,31.0,39.0,2.14,65.0,28.0,18.0,30.1,9.0,Chicago,United States,Illinois,41.8375,-87.6866,8609571.0
April,59.0,41.0,50.0,3.49,60.0,36.0,18.0,29.99,9.0,Chicago,United States,Illinois,41.8375,-87.6866,8609571.0
May,71.0,51.0,61.0,4.0,62.0,47.0,16.0,29.98,10.0,Chicago,United States,Illinois,41.8375,-87.6866,8609571.0
June,81.0,62.0,72.0,4.09,63.0,58.0,14.0,29.93,9.0,Chicago,United States,Illinois,41.8375,-87.6866,8609571.0
July,85.0,68.0,76.0,3.47,63.0,62.0,13.0,29.96,10.0,Chicago,United States,Illinois,41.8375,-87.6866,8609571.0
August,83.0,67.0,75.0,3.94,66.0,62.0,12.0,29.99,9.0,Chicago,United States,Illinois,41.8375,-87.6866,8609571.0
September,76.0,59.0,68.0,2.73,63.0,54.0,14.0,30.02,10.0,Chicago,United States,Illinois,41.8375,-87.6866,8609571.0
October,63.0,47.0,55.0,3.5,64.0,43.0,16.0,30.04,10.0,Chicago,United States,Illinois,41.8375,-87.6866,8609571.0
November,49.0,35.0,42.0,2.25,67.0,32.0,17.0,30.1,9.0,Chicago,United States,Illinois,41.8375,-87.6866,8609571.0
December,38.0,25.0,32.0,1.98,73.0,24.0,17.0,30.1,8.0,Chicago,United States,Illinois,41.8375,-87.6866,8609571.0
January,87.0,71.0,79.0,2.31,74.0,69.0,5.0,29.9,5.0,Manila,Philippines,Manila,14.5958,120.9772,13484482.0
February,88.0,71.0,79.0,1.58,71.0,69.0,6.0,29.91,5.0,Manila,Philippines,Manila,14.5958,120.9772,13484482.0
March,91.0,73.0,82.0,1.7,67.0,70.0,6.0,29.89,5.0,Manila,Philippines,Manila,14.5958,120.9772,13484482.0
April,94.0,75.0,85.0,1.43,65.0,72.0,6.0,29.84,5.0,Manila,Philippines,Manila,14.5958,120.9772,13484482.0
May,94.0,77.0,86.0,6.16,71.0,75.0,5.0,29.81,5.0,Manila,Philippines,Manila,14.5958,120.9772,13484482.0
June,92.0,77.0,84.0,11.73,78.0,76.0,6.0,29.78,5.0,Manila,Philippines,Manila,14.5958,120.9772,13484482.0
July,89.0,76.0,83.0,19.63,82.0,76.0,6.0,29.76,5.0,Manila,Philippines,Manila,14.5958,120.9772,13484482.0
August,88.0,77.0,82.0,23.42,83.0,76.0,6.0,29.76,5.0,Manila,Philippines,Manila,14.5958,120.9772,13484482.0
September,89.0,76.0,83.0,17.62,82.0,76.0,6.0,29.77,5.0,Manila,Philippines,Manila,14.5958,120.9772,13484482.0
October,89.0,75.0,82.0,11.0,79.0,74.0,5.0,29.8,5.0,Manila,Philippines,Manila,14.5958,120.9772,13484482.0
November,89.0,74.0,82.0,3.67,77.0,73.0,5.0,29.84,5.0,Manila,Philippines,Manila,14.5958,120.9772,13484482.0
December,88.0,73.0,81.0,4.77,77.0,72.0,6.0,29.86,5.0,Manila,Philippines,Manila,14.5958,120.9772,13484482.0
January,50.0,37.0,44.0,2.64,44.0,24.0,15.0,29.99,6.0,Tokyo,Japan,Tokyo,35.685,139.7514,39105000.0
February,51.0,38.0,45.0,2.66,46.0,25.0,16.0,30.0,6.0,Tokyo,Japan,Tokyo,35.685,139.7514,39105000.0
March,57.0,43.0,50.0,4.58,54.0,34.0,18.0,29.97,6.0,Tokyo,Japan,Tokyo,35.685,139.7514,39105000.0
April,66.0,52.0,59.0,5.5,61.0,46.0,19.0,29.93,6.0,Tokyo,Japan,Tokyo,35.685,139.7514,39105000.0
May,74.0,61.0,68.0,5.67,68.0,57.0,19.0,29.87,6.0,Tokyo,Japan,Tokyo,35.685,139.7514,39105000.0
June,79.0,68.0,73.0,6.87,74.0,64.0,17.0,29.79,6.0,Tokyo,Japan,Tokyo,35.685,139.7514,39105000.0
July,86.0,75.0,80.0,6.25,76.0,72.0,19.0,29.78,6.0,Tokyo,Japan,Tokyo,35.685,139.7514,39105000.0
August,89.0,77.0,83.0,6.12,72.0,73.0,19.0,29.82,6.0,Tokyo,Japan,Tokyo,35.685,139.7514,39105000.0
September,82.0,71.0,76.0,8.29,71.0,66.0,17.0,29.91,6.0,Tokyo,Japan,Tokyo,35.685,139.7514,39105000.0
October,72.0,61.0,67.0,8.46,65.0,55.0,15.0,30.02,6.0,Tokyo,Japan,Tokyo,35.685,139.7514,39105000.0
November,63.0,51.0,57.0,3.48,57.0,42.0,14.0,30.05,6.0,Tokyo,Japan,Tokyo,35.685,139.7514,39105000.0
December,54.0,42.0,48.0,2.09,48.0,30.0,14.0,30.02,6.0,Tokyo,Japan,Tokyo,35.685,139.7514,39105000.0
January,38.0,31.0,34.0,1.67,88.0,31.0,25.0,29.94,6.0,Copenhagen,Denmark,Hovedstaden,55.6761,12.5689,1396508.0
February,39.0,30.0,35.0,1.23,86.0,31.0,25.0,29.94,6.0,Copenhagen,Denmark,Hovedstaden,55.6761,12.5689,1396508.0
March,44.0,32.0,38.0,1.23,81.0,32.0,23.0,29.96,7.0,Copenhagen,Denmark,Hovedstaden,55.6761,12.5689,1396508.0
April,53.0,38.0,45.0,1.11,75.0,37.0,20.0,29.96,8.0,Copenhagen,Denmark,Hovedstaden,55.6761,12.5689,1396508.0
May,61.0,46.0,53.0,1.63,73.0,44.0,19.0,29.98,9.0,Copenhagen,Denmark,Hovedstaden,55.6761,12.5689,1396508.0
June,68.0,52.0,60.0,1.89,73.0,51.0,19.0,29.96,9.0,Copenhagen,Denmark,Hovedstaden,55.6761,12.5689,1396508.0
July,72.0,57.0,64.0,2.17,74.0,55.0,18.0,29.93,9.0,Copenhagen,Denmark,Hovedstaden,55.6761,12.5689,1396508.0
August,71.0,57.0,64.0,2.41,77.0,56.0,19.0,29.94,9.0,Copenhagen,Denmark,Hovedstaden,55.6761,12.5689,1396508.0
September,64.0,52.0,58.0,2.11,81.0,51.0,21.0,29.98,9.0,Copenhagen,Denmark,Hovedstaden,55.6761,12.5689,1396508.0
October,55.0,45.0,50.0,2.28,85.0,45.0,23.0,29.95,8.0,Copenhagen,Denmark,Hovedstaden,55.6761,12.5689,1396508.0
November,46.0,39.0,42.0,1.97,88.0,39.0,23.0,29.91,7.0,Copenhagen,Denmark,Hovedstaden,55.6761,12.5689,1396508.0
December,41.0,33.0,37.0,1.91,89.0,34.0,24.0,29.91,7.0,Copenhagen,Denmark,Hovedstaden,55.6761,12.5689,1396508.0
January,83.0,56.0,69.0,1.97,60.0,54.0,13.0,29.9,7.0,Melbourne,Australia,Victoria,-37.8142,144.9631,5350705.0
February,82.0,55.0,68.0,1.48,62.0,54.0,12.0,29.95,7.0,Melbourne,Australia,Victoria,-37.8142,144.9631,5350705.0
March,78.0,52.0,65.0,1.58,64.0,52.0,11.0,30.03,8.0,Melbourne,Australia,Victoria,-37.8142,144.9631,5350705.0
April,70.0,47.0,58.0,2.41,71.0,49.0,10.0,30.11,7.0,Melbourne,Australia,Victoria,-37.8142,144.9631,5350705.0
May,63.0,43.0,53.0,1.87,76.0,46.0,11.0,30.14,8.0,Melbourne,Australia,Victoria,-37.8142,144.9631,5350705.0
June,58.0,40.0,49.0,1.85,82.0,44.0,9.0,30.18,7.0,Melbourne,Australia,Victoria,-37.8142,144.9631,5350705.0
July,58.0,40.0,49.0,1.68,78.0,43.0,13.0,30.09,8.0,Melbourne,Australia,Victoria,-37.8142,144.9631,5350705.0
August,59.0,40.0,50.0,2.15,75.0,42.0,12.0,30.07,7.0,Melbourne,Australia,Victoria,-37.8142,144.9631,5350705.0
September,64.0,43.0,53.0,2.32,70.0,44.0,11.0,30.05,7.0,Melbourne,Australia,Victoria,-37.8142,144.9631,5350705.0
October,70.0,46.0,58.0,2.02,66.0,46.0,12.0,30.02,7.0,Melbourne,Australia,Victoria,-37.8142,144.9631,5350705.0
November,74.0,50.0,62.0,2.04,65.0,49.0,11.0,29.95,7.0,Melbourne,Australia,Victoria,-37.8142,144.9631,5350705.0
December,79.0,52.0,66.0,1.7,62.0,51.0,11.0,29.92,7.0,Melbourne,Australia,Victoria,-37.8142,144.9631,5350705.0
January,31.0,16.0,23.0,2.32,76.0,17.0,20.0,30.04,11.0,Toronto,Canada,Ontario,43.7417,-79.3733,5647656.0
February,32.0,17.0,24.0,2.04,73.0,17.0,20.0,30.05,12.0,Toronto,Canada,Ontario,43.7417,-79.3733,5647656.0
March,41.0,25.0,33.0,1.87,67.0,23.0,20.0,30.05,13.0,Toronto,Canada,Ontario,43.7417,-79.3733,5647656.0
April,54.0,35.0,44.0,3.09,63.0,31.0,19.0,29.98,14.0,Toronto,Canada,Ontario,43.7417,-79.3733,5647656.0
May,67.0,46.0,56.0,2.94,64.0,43.0,17.0,29.98,14.0,Toronto,Canada,Ontario,43.7417,-79.3733,5647656.0
June,77.0,57.0,67.0,3.18,66.0,54.0,16.0,29.94,14.0,Toronto,Canada,Ontario,43.7417,-79.3733,5647656.0
July,82.0,62.0,72.0,3.03,66.0,59.0,16.0,29.95,14.0,Toronto,Canada,Ontario,43.7417,-79.3733,5647656.0
August,80.0,61.0,70.0,2.67,69.0,59.0,15.0,30.0,14.0,Toronto,Canada,Ontario,43.7417,-79.3733,5647656.0
September,73.0,53.0,63.0,2.75,72.0,53.0,15.0,30.04,14.0,Toronto,Canada,Ontario,43.7417,-79.3733,5647656.0
October,59.0,42.0,51.0,2.69,74.0,42.0,17.0,30.03,13.0,Toronto,Canada,Ontario,43.7417,-79.3733,5647656.0
November,46.0,32.0,39.0,2.65,75.0,32.0,18.0,30.05,13.0,Toronto,Canada,Ontario,43.7417,-79.3733,5647656.0
December,36.0,24.0,30.0,2.31,77.0,24.0,19.0,30.04,12.0,Toronto,Canada,Ontario,43.7417,-79.3733,5647656.0
January,58.0,38.0,48.0,2.51,61.0,34.0,14.0,30.14,10.0,Dallas,United States,Texas,32.7935,-96.7667,5968322.0
February,62.0,42.0,52.0,2.81,61.0,37.0,16.0,30.09,9.0,Dallas,United States,Texas,32.7935,-96.7667,5968322.0
March,70.0,50.0,60.0,3.57,59.0,45.0,17.0,30.03,10.0,Dallas,United States,Texas,32.7935,-96.7667,5968322.0
April,77.0,57.0,67.0,3.11,60.0,52.0,19.0,29.94,10.0,Dallas,United States,Texas,32.7935,-96.7667,5968322.0
May,85.0,66.0,75.0,4.76,64.0,62.0,18.0,29.92,10.0,Dallas,United States,Texas,32.7935,-96.7667,5968322.0
June,93.0,74.0,83.0,3.76,61.0,68.0,17.0,29.9,10.0,Dallas,United States,Texas,32.7935,-96.7667,5968322.0
July,97.0,78.0,87.0,1.74,55.0,69.0,15.0,29.95,10.0,Dallas,United States,Texas,32.7935,-96.7667,5968322.0
August,97.0,78.0,87.0,2.18,54.0,68.0,13.0,29.94,10.0,Dallas,United States,Texas,32.7935,-96.7667,5968322.0
September,90.0,71.0,80.0,2.96,57.0,63.0,12.0,29.97,10.0,Dallas,United States,Texas,32.7935,-96.7667,5968322.0
October,80.0,59.0,69.0,4.62,60.0,54.0,14.0,30.02,10.0,Dallas,United States,Texas,32.7935,-96.7667,5968322.0
November,68.0,48.0,58.0,2.97,62.0,44.0,15.0,30.11,10.0,Dallas,United States,Texas,32.7935,-96.7667,5968322.0
December,59.0,40.0,50.0,2.9,63.0,37.0,14.0,30.12,9.0,Dallas,United States,Texas,32.7935,-96.7667,5968322.0
January,71.0,43.0,57.0,0.63,49.0,36.0,10.0,29.89,8.0,Mexico City,Mexico,Ciudad de Mexico,19.3538,-99.1359,23146802.0
February,76.0,46.0,61.0,0.5,43.0,35.0,11.0,29.82,8.0,Mexico City,Mexico,Ciudad de Mexico,19.3538,-99.1359,23146802.0
March,79.0,49.0,64.0,0.93,40.0,36.0,12.0,29.76,8.0,Mexico City,Mexico,Ciudad de Mexico,19.3538,-99.1359,23146802.0
April,81.0,54.0,67.0,1.72,40.0,39.0,13.0,29.72,8.0,Mexico City,Mexico,Ciudad de Mexico,19.3538,-99.1359,23146802.0
May,81.0,55.0,68.0,3.06,46.0,44.0,13.0,29.72,7.0,Mexico City,Mexico,Ciudad de Mexico,19.3538,-99.1359,23146802.0
June,78.0,57.0,67.0,6.66,58.0,49.0,13.0,29.74,8.0,Mexico City,Mexico,Ciudad de Mexico,19.3538,-99.1359,23146802.0
July,75.0,56.0,65.0,6.99,64.0,51.0,12.0,29.82,8.0,Mexico City,Mexico,Ciudad de Mexico,19.3538,-99.1359,23146802.0
August,75.0,56.0,66.0,7.76,65.0,51.0,12.0,29.8,8.0,Mexico City,Mexico,Ciudad de Mexico,19.3538,-99.1359,23146802.0
September,74.0,56.0,65.0,6.71,67.0,51.0,12.0,29.78,8.0,Mexico City,Mexico,Ciudad de Mexico,19.3538,-99.1359,23146802.0
October,74.0,52.0,63.0,3.49,61.0,47.0,12.0,29.81,8.0,Mexico City,Mexico,Ciudad de Mexico,19.3538,-99.1359,23146802.0
November,73.0,47.0,60.0,1.08,56.0,42.0,11.0,29.88,7.0,Mexico City,Mexico,Ciudad de Mexico,19.3538,-99.1359,23146802.0
December,72.0,44.0,58.0,0.2,50.0,38.0,10.0,29.89,7.0,Mexico City,Mexico,Ciudad de Mexico,19.3538,-99.1359,23146802.0
January,45.0,35.0,40.0,6.76,88.0,37.0,15.0,30.04,15.0,Vancouver,Canada,British Columbia,49.25,-123.1,2426160.0
February,47.0,35.0,41.0,3.74,83.0,36.0,14.0,30.04,17.0,Vancouver,Canada,British Columbia,49.25,-123.1,2426160.0
March,51.0,38.0,44.0,4.38,79.0,38.0,16.0,30.02,18.0,Vancouver,Canada,British Columbia,49.25,-123.1,2426160.0
April,56.0,43.0,49.0,3.19,76.0,41.0,16.0,30.03,20.0,Vancouver,Canada,British Columbia,49.25,-123.1,2426160.0
May,63.0,49.0,56.0,2.14,74.0,47.0,15.0,30.02,21.0,Vancouver,Canada,British Columbia,49.25,-123.1,2426160.0
June,68.0,54.0,61.0,1.84,73.0,51.0,15.0,30.02,22.0,Vancouver,Canada,British Columbia,49.25,-123.1,2426160.0
July,73.0,57.0,65.0,1.17,72.0,55.0,15.0,30.03,24.0,Vancouver,Canada,British Columbia,49.25,-123.1,2426160.0
August,73.0,57.0,65.0,1.18,74.0,56.0,14.0,30.01,22.0,Vancouver,Canada,British Columbia,49.25,-123.1,2426160.0
September,66.0,53.0,60.0,2.55,80.0,53.0,14.0,30.02,20.0,Vancouver,Canada,British Columbia,49.25,-123.1,2426160.0
October,57.0,45.0,51.0,4.9,85.0,46.0,14.0,30.05,17.0,Vancouver,Canada,British Columbia,49.25,-123.1,2426160.0
November,49.0,39.0,44.0,6.99,86.0,40.0,15.0,30.02,15.0,Vancouver,Canada,British Columbia,49.25,-123.1,2426160.0
December,44.0,34.0,39.0,6.67,87.0,36.0,15.0,30.04,15.0,Vancouver,Canada,British Columbia,49.25,-123.1,2426160.0
January,90.0,77.0,83.0,2.39,78.0,75.0,20.0,29.85,12.0,Dar es Salaam,Tanzania,Dar es Salaam,-6.8161,39.2803,7962000.0
February,90.0,76.0,83.0,3.46,78.0,75.0,17.0,29.85,12.0,Dar es Salaam,Tanzania,Dar es Salaam,-6.8161,39.2803,7962000.0
March,90.0,75.0,82.0,6.01,82.0,75.0,11.0,29.85,12.0,Dar es Salaam,Tanzania,Dar es Salaam,-6.8161,39.2803,7962000.0
April,87.0,74.0,81.0,10.49,86.0,75.0,10.0,29.89,12.0,Dar es Salaam,Tanzania,Dar es Salaam,-6.8161,39.2803,7962000.0
May,86.0,72.0,79.0,5.64,83.0,72.0,12.0,29.96,13.0,Dar es Salaam,Tanzania,Dar es Salaam,-6.8161,39.2803,7962000.0
June,85.0,69.0,77.0,1.19,80.0,69.0,13.0,30.02,12.0,Dar es Salaam,Tanzania,Dar es Salaam,-6.8161,39.2803,7962000.0
July,85.0,67.0,76.0,1.25,79.0,67.0,14.0,30.05,13.0,Dar es Salaam,Tanzania,Dar es Salaam,-6.8161,39.2803,7962000.0
August,86.0,67.0,76.0,1.28,78.0,68.0,12.0,30.04,13.0,Dar es Salaam,Tanzania,Dar es Salaam,-6.8161,39.2803,7962000.0
September,87.0,68.0,77.0,0.89,77.0,68.0,12.0,30.01,13.0,Dar es Salaam,Tanzania,Dar es Salaam,-6.8161,39.2803,7962000.0
October,88.0,70.0,79.0,3.09,78.0,70.0,12.0,29.95,13.0,Dar es Salaam,Tanzania,Dar es Salaam,-6.8161,39.2803,7962000.0
November,89.0,73.0,81.0,5.27,80.0,73.0,12.0,29.89,12.0,Dar es Salaam,Tanzania,Dar es Salaam,-6.8161,39.2803,7962000.0
December,90.0,76.0,83.0,4.13,79.0,75.0,15.0,29.87,12.0,Dar es Salaam,Tanzania,Dar es Salaam,-6.8161,39.2803,7962000.0
January,77.0,61.0,69.0,1.83,71.0,59.0,13.0,30.12,9.0,Miami,United States,Florida,25.784,-80.2101,6391670.0
February,79.0,64.0,71.0,2.22,71.0,61.0,14.0,30.1,9.0,Miami,United States,Florida,25.784,-80.2101,6391670.0
March,81.0,66.0,74.0,2.37,67.0,61.0,15.0,30.07,9.0,Miami,United States,Florida,25.784,-80.2101,6391670.0
April,84.0,70.0,77.0,3.27,66.0,65.0,16.0,30.03,10.0,Miami,United States,Florida,25.784,-80.2101,6391670.0
May,87.0,74.0,80.0,6.32,67.0,68.0,14.0,30.01,9.0,Miami,United States,Florida,25.784,-80.2101,6391670.0
June,89.0,76.0,83.0,10.62,73.0,73.0,11.0,30.02,9.0,Miami,United States,Florida,25.784,-80.2101,6391670.0
July,91.0,78.0,84.0,7.41,71.0,74.0,11.0,30.05,9.0,Miami,United States,Florida,25.784,-80.2101,6391670.0
August,91.0,78.0,84.0,9.48,73.0,74.0,11.0,30.01,9.0,Miami,United States,Florida,25.784,-80.2101,6391670.0
September,89.0,77.0,83.0,10.11,75.0,74.0,11.0,29.96,9.0,Miami,United States,Florida,25.784,-80.2101,6391670.0
October,86.0,74.0,80.0,7.11,72.0,71.0,13.0,29.97,9.0,Miami,United States,Florida,25.784,-80.2101,6391670.0
November,82.0,69.0,75.0,3.69,71.0,65.0,13.0,30.04,9.0,Miami,United States,Florida,25.784,-80.2101,6391670.0
December,79.0,65.0,72.0,2.5,72.0,62.0,13.0,30.09,9.0,Miami,United States,Florida,25.784,-80.2101,6391670.0
January,38.0,28.0,33.0,1.04,82.0,27.0,19.0,30.13,6.0,Vienna,Austria,Wien,48.2083,16.3725,2223236.0
February,43.0,30.0,36.0,1.07,76.0,29.0,20.0,30.09,7.0,Vienna,Austria,Wien,48.2083,16.3725,2223236.0
March,51.0,34.0,43.0,1.32,69.0,32.0,20.0,30.05,8.0,Vienna,Austria,Wien,48.2083,16.3725,2223236.0
April,62.0,42.0,52.0,1.24,64.0,40.0,19.0,29.96,9.0,Vienna,Austria,Wien,48.2083,16.3725,2223236.0
May,69.0,51.0,60.0,2.11,68.0,48.0,18.0,29.98,9.0,Vienna,Austria,Wien,48.2083,16.3725,2223236.0
June,77.0,57.0,67.0,2.2,67.0,55.0,16.0,29.99,9.0,Vienna,Austria,Wien,48.2083,16.3725,2223236.0
July,80.0,60.0,70.0,2.71,65.0,57.0,17.0,29.97,10.0,Vienna,Austria,Wien,48.2083,16.3725,2223236.0
August,80.0,60.0,70.0,2.5,67.0,57.0,15.0,29.99,10.0,Vienna,Austria,Wien,48.2083,16.3725,2223236.0
September,70.0,53.0,61.0,1.88,73.0,51.0,16.0,30.04,9.0,Vienna,Austria,Wien,48.2083,16.3725,2223236.0
October,59.0,44.0,51.0,1.55,80.0,45.0,16.0,30.08,7.0,Vienna,Austria,Wien,48.2083,16.3725,2223236.0
November,47.0,37.0,42.0,1.13,84.0,37.0,18.0,30.07,6.0,Vienna,Austria,Wien,48.2083,16.3725,2223236.0
December,39.0,30.0,34.0,0.98,84.0,30.0,18.0,30.13,6.0,Vienna,Austria,Wien,48.2083,16.3725,2223236.0
January,90.0,77.0,83.0,16.06,81.0,76.0,17.0,29.72,9.0,Darwin,Australia,Northern Territory,-12.4381,130.8411,139902.0
February,89.0,77.0,83.0,15.41,82.0,76.0,17.0,29.73,9.0,Darwin,Australia,Northern Territory,-12.4381,130.8411,139902.0
March,90.0,77.0,83.0,11.13,80.0,75.0,14.0,29.77,9.0,Darwin,Australia,Northern Territory,-12.4381,130.8411,139902.0
April,92.0,76.0,84.0,3.7,72.0,72.0,14.0,29.83,10.0,Darwin,Australia,Northern Territory,-12.4381,130.8411,139902.0
May,90.0,72.0,81.0,0.73,63.0,65.0,15.0,29.88,10.0,Darwin,Australia,Northern Territory,-12.4381,130.8411,139902.0
June,88.0,68.0,78.0,0.09,58.0,59.0,15.0,29.91,10.0,Darwin,Australia,Northern Territory,-12.4381,130.8411,139902.0
July,88.0,67.0,77.0,0.04,59.0,59.0,15.0,29.93,10.0,Darwin,Australia,Northern Territory,-12.4381,130.8411,139902.0
August,89.0,68.0,79.0,0.06,61.0,61.0,14.0,29.93,10.0,Darwin,Australia,Northern Territory,-12.4381,130.8411,139902.0
September,92.0,73.0,82.0,0.64,66.0,68.0,15.0,29.89,9.0,Darwin,Australia,Northern Territory,-12.4381,130.8411,139902.0
October,93.0,77.0,85.0,2.47,68.0,72.0,15.0,29.85,9.0,Darwin,Australia,Northern Territory,-12.4381,130.8411,139902.0
November,93.0,78.0,85.0,5.32,72.0,74.0,14.0,29.79,9.0,Darwin,Australia,Northern Territory,-12.4381,130.8411,139902.0
December,91.0,78.0,85.0,10.16,77.0,75.0,15.0,29.74,9.0,Darwin,Australia,Northern Territory,-12.4381,130.8411,139902.0
January,24.0,9.0,17.0,0.84,75.0,10.0,15.0,30.13,8.0,Minneapolis,United States,Minnesota,44.9635,-93.2678,2937866.0
February,28.0,12.0,20.0,0.9,72.0,13.0,15.0,30.12,9.0,Minneapolis,United States,Minnesota,44.9635,-93.2678,2937866.0
March,42.0,25.0,33.0,1.66,66.0,23.0,16.0,30.1,9.0,Minneapolis,United States,Minnesota,44.9635,-93.2678,2937866.0
April,56.0,37.0,47.0,2.89,57.0,31.0,17.0,29.99,10.0,Minneapolis,United States,Minnesota,44.9635,-93.2678,2937866.0
May,69.0,49.0,59.0,3.83,58.0,44.0,16.0,29.96,10.0,Minneapolis,United States,Minnesota,44.9635,-93.2678,2937866.0
June,79.0,60.0,70.0,4.58,62.0,56.0,14.0,29.91,10.0,Minneapolis,United States,Minnesota,44.9635,-93.2678,2937866.0
July,84.0,65.0,74.0,3.94,64.0,61.0,13.0,29.95,10.0,Minneapolis,United States,Minnesota,44.9635,-93.2678,2937866.0
August,81.0,63.0,72.0,4.48,67.0,60.0,13.0,29.98,10.0,Minneapolis,United States,Minnesota,44.9635,-93.2678,2937866.0
September,73.0,54.0,64.0,2.92,66.0,52.0,14.0,30.01,10.0,Minneapolis,United States,Minnesota,44.9635,-93.2678,2937866.0
October,58.0,41.0,50.0,2.57,66.0,38.0,15.0,30.03,10.0,Minneapolis,United States,Minnesota,44.9635,-93.2678,2937866.0
November,42.0,28.0,35.0,1.47,70.0,26.0,15.0,30.07,9.0,Minneapolis,United States,Minnesota,44.9635,-93.2678,2937866.0
December,29.0,15.0,22.0,1.25,76.0,16.0,14.0,30.09,8.0,Minneapolis,United States,Minnesota,44.9635,-93.2678,2937866.0
January,34.0,25.0,29.0,2.11,88.0,26.0,17.0,30.04,6.0,Warsaw,Poland,Mazowieckie,52.23,21.0111,2028000.0
February,37.0,26.0,32.0,2.09,85.0,27.0,17.0,30.02,6.0,Warsaw,Poland,Mazowieckie,52.23,21.0111,2028000.0
March,45.0,30.0,38.0,1.17,76.0,30.0,17.0,30.0,7.0,Warsaw,Poland,Mazowieckie,52.23,21.0111,2028000.0
April,58.0,39.0,48.0,1.55,68.0,37.0,15.0,29.96,8.0,Warsaw,Poland,Mazowieckie,52.23,21.0111,2028000.0
May,68.0,47.0,58.0,2.29,68.0,46.0,15.0,29.98,9.0,Warsaw,Poland,Mazowieckie,52.23,21.0111,2028000.0
June,74.0,54.0,64.0,2.48,69.0,53.0,14.0,29.97,9.0,Warsaw,Poland,Mazowieckie,52.23,21.0111,2028000.0
July,78.0,58.0,68.0,3.77,71.0,57.0,13.0,29.94,9.0,Warsaw,Poland,Mazowieckie,52.23,21.0111,2028000.0
August,76.0,56.0,66.0,2.55,72.0,56.0,12.0,29.98,9.0,Warsaw,Poland,Mazowieckie,52.23,21.0111,2028000.0
September,66.0,48.0,57.0,2.04,79.0,50.0,13.0,30.03,8.0,Warsaw,Poland,Mazowieckie,52.23,21.0111,2028000.0
October,55.0,40.0,48.0,1.63,84.0,43.0,14.0,30.05,7.0,Warsaw,Poland,Mazowieckie,52.23,21.0111,2028000.0
November,44.0,34.0,39.0,1.73,89.0,36.0,15.0,30.03,6.0,Warsaw,Poland,Mazowieckie,52.23,21.0111,2028000.0
December,37.0,27.0,32.0,1.5,89.0,30.0,16.0,30.04,6.0,Warsaw,Poland,Mazowieckie,52.23,21.0111,2028000.0
January,46.0,20.0,33.0,0.47,56.0,16.0,16.0,30.04,28.0,Denver,United States,Colorado,39.762,-104.8758,2714768.0
February,47.0,21.0,34.0,0.64,59.0,17.0,16.0,30.0,26.0,Denver,United States,Colorado,39.762,-104.8758,2714768.0
March,56.0,28.0,42.0,1.18,53.0,21.0,17.0,29.94,27.0,Denver,United States,Colorado,39.762,-104.8758,2714768.0
April,62.0,34.0,48.0,1.86,53.0,27.0,18.0,29.88,26.0,Denver,United States,Colorado,39.762,-104.8758,2714768.0
May,71.0,43.0,57.0,2.35,56.0,38.0,16.0,29.88,27.0,Denver,United States,Colorado,39.762,-104.8758,2714768.0
June,83.0,53.0,68.0,2.01,48.0,44.0,16.0,29.86,28.0,Denver,United States,Colorado,39.762,-104.8758,2714768.0
July,89.0,59.0,74.0,2.34,47.0,49.0,15.0,29.93,26.0,Denver,United States,Colorado,39.762,-104.8758,2714768.0
August,87.0,57.0,72.0,1.89,49.0,48.0,15.0,29.96,26.0,Denver,United States,Colorado,39.762,-104.8758,2714768.0
September,80.0,49.0,65.0,1.33,46.0,39.0,15.0,29.96,27.0,Denver,United States,Colorado,39.762,-104.8758,2714768.0
October,66.0,37.0,52.0,0.97,50.0,29.0,15.0,29.99,27.0,Denver,United States,Colorado,39.762,-104.8758,2714768.0
November,55.0,27.0,41.0,0.65,53.0,21.0,15.0,30.03,27.0,Denver,United States,Colorado,39.762,-104.8758,2714768.0
December,46.0,20.0,33.0,0.59,56.0,15.0,16.0,30.03,27.0,Denver,United States,Colorado,39.762,-104.8758,2714768.0
January,29.0,21.0,25.0,1.94,87.0,21.0,13.0,30.02,5.0,Minsk,Belarus,Minsk,53.9022,27.5618,1995091.0
February,31.0,22.0,26.0,1.64,84.0,22.0,13.0,30.0,5.0,Minsk,Belarus,Minsk,53.9022,27.5618,1995091.0
March,40.0,27.0,34.0,1.65,74.0,26.0,14.0,29.98,6.0,Minsk,Belarus,Minsk,53.9022,27.5618,1995091.0
April,55.0,37.0,46.0,1.78,63.0,33.0,13.0,29.96,7.0,Minsk,Belarus,Minsk,53.9022,27.5618,1995091.0
May,66.0,47.0,56.0,2.61,63.0,44.0,13.0,29.97,7.0,Minsk,Belarus,Minsk,53.9022,27.5618,1995091.0
June,72.0,54.0,63.0,2.95,65.0,51.0,13.0,29.93,7.0,Minsk,Belarus,Minsk,53.9022,27.5618,1995091.0
July,76.0,58.0,67.0,3.82,68.0,55.0,12.0,29.92,7.0,Minsk,Belarus,Minsk,53.9022,27.5618,1995091.0
August,74.0,56.0,65.0,2.78,69.0,54.0,11.0,29.97,7.0,Minsk,Belarus,Minsk,53.9022,27.5618,1995091.0
September,63.0,47.0,55.0,2.11,76.0,47.0,12.0,30.03,6.0,Minsk,Belarus,Minsk,53.9022,27.5618,1995091.0
October,50.0,38.0,44.0,2.25,82.0,39.0,13.0,30.06,6.0,Minsk,Belarus,Minsk,53.9022,27.5618,1995091.0
November,39.0,31.0,35.0,1.93,88.0,32.0,13.0,30.05,4.0,Minsk,Belarus,Minsk,53.9022,27.5618,1995091.0
December,31.0,24.0,28.0,1.86,89.0,25.0,14.0,30.03,4.0,Minsk,Belarus,Minsk,53.9022,27.5618,1995091.0
January,44.0,30.0,37.0,2.83,61.0,24.0,15.0,30.12,9.0,Washington,United States,District of Columbia,38.9047,-77.0163,5230370.0
February,47.0,31.0,40.0,2.77,59.0,25.0,15.0,30.11,9.0,Washington,United States,District of Columbia,38.9047,-77.0163,5230370.0
March,56.0,38.0,47.0,3.48,56.0,31.0,16.0,30.08,9.0,Washington,United States,District of Columbia,38.9047,-77.0163,5230370.0
April,67.0,48.0,57.0,3.25,58.0,42.0,15.0,30.01,10.0,Washington,United States,District of Columbia,38.9047,-77.0163,5230370.0
May,76.0,57.0,67.0,4.04,64.0,54.0,14.0,30.01,9.0,Washington,United States,District of Columbia,38.9047,-77.0163,5230370.0
June,85.0,67.0,76.0,4.31,65.0,63.0,13.0,29.98,9.0,Washington,United States,District of Columbia,38.9047,-77.0163,5230370.0
July,89.0,72.0,81.0,4.36,64.0,67.0,12.0,29.99,9.0,Washington,United States,District of Columbia,38.9047,-77.0163,5230370.0
August,87.0,71.0,79.0,3.47,66.0,66.0,12.0,30.02,9.0,Washington,United States,District of Columbia,38.9047,-77.0163,5230370.0
September,80.0,64.0,72.0,3.96,67.0,60.0,13.0,30.06,10.0,Washington,United States,District of Columbia,38.9047,-77.0163,5230370.0
October,69.0,52.0,61.0,3.73,68.0,49.0,13.0,30.08,10.0,Washington,United States,District of Columbia,38.9047,-77.0163,5230370.0
November,58.0,41.0,49.0,2.94,63.0,37.0,14.0,30.14,10.0,Washington,United States,District of Columbia,38.9047,-77.0163,5230370.0
December,48.0,34.0,41.0,3.22,64.0,29.0,14.0,30.13,9.0,Washington,United States,District of Columbia,38.9047,-77.0163,5230370.0
January,33.0,21.0,27.0,1.37,74.0,19.0,17.0,30.08,8.0,Detroit,United States,Michigan,42.3834,-83.1024,3773725.0
February,35.0,22.0,28.0,1.35,70.0,20.0,16.0,30.09,8.0,Detroit,United States,Michigan,42.3834,-83.1024,3773725.0
March,45.0,29.0,37.0,1.7,65.0,26.0,16.0,30.08,9.0,Detroit,United States,Michigan,42.3834,-83.1024,3773725.0
April,58.0,39.0,48.0,2.34,60.0,34.0,16.0,29.99,10.0,Detroit,United States,Michigan,42.3834,-83.1024,3773725.0
May,70.0,50.0,60.0,3.05,61.0,46.0,14.0,29.99,10.0,Detroit,United States,Michigan,42.3834,-83.1024,3773725.0
June,80.0,61.0,70.0,2.69,63.0,56.0,13.0,29.95,9.0,Detroit,United States,Michigan,42.3834,-83.1024,3773725.0
July,84.0,66.0,75.0,2.91,63.0,61.0,12.0,29.97,10.0,Detroit,United States,Michigan,42.3834,-83.1024,3773725.0
August,82.0,64.0,73.0,3.02,67.0,61.0,11.0,30.01,9.0,Detroit,United States,Michigan,42.3834,-83.1024,3773725.0
September,75.0,57.0,66.0,2.75,68.0,55.0,12.0,30.04,10.0,Detroit,United States,Michigan,42.3834,-83.1024,3773725.0
October,62.0,45.0,54.0,2.09,68.0,43.0,14.0,30.05,9.0,Detroit,United States,Michigan,42.3834,-83.1024,3773725.0
November,49.0,35.0,42.0,2.01,70.0,32.0,15.0,30.09,9.0,Detroit,United States,Michigan,42.3834,-83.1024,3773725.0
December,38.0,27.0,32.0,1.7,74.0,25.0,16.0,30.08,8.0,Detroit,United States,Michigan,42.3834,-83.1024,3773725.0
January,83.0,67.0,75.0,2.96,63.0,62.0,16.0,29.89,8.0,Montevideo,Uruguay,Montevideo,-34.9059,-56.1913,1788170.0
February,81.0,68.0,74.0,3.17,66.0,63.0,14.0,29.9,8.0,Montevideo,Uruguay,Montevideo,-34.9059,-56.1913,1788170.0
March,77.0,63.0,70.0,2.87,68.0,60.0,14.0,29.97,8.0,Montevideo,Uruguay,Montevideo,-34.9059,-56.1913,1788170.0
April,72.0,60.0,66.0,2.75,72.0,57.0,13.0,30.0,7.0,Montevideo,Uruguay,Montevideo,-34.9059,-56.1913,1788170.0
May,66.0,53.0,59.0,2.94,76.0,52.0,12.0,30.04,7.0,Montevideo,Uruguay,Montevideo,-34.9059,-56.1913,1788170.0
June,61.0,47.0,54.0,2.18,75.0,47.0,12.0,30.05,6.0,Montevideo,Uruguay,Montevideo,-34.9059,-56.1913,1788170.0
July,60.0,46.0,53.0,2.94,75.0,45.0,13.0,30.09,6.0,Montevideo,Uruguay,Montevideo,-34.9059,-56.1913,1788170.0
August,64.0,48.0,56.0,3.8,73.0,47.0,13.0,30.07,6.0,Montevideo,Uruguay,Montevideo,-34.9059,-56.1913,1788170.0
September,65.0,52.0,58.0,3.18,71.0,49.0,14.0,30.04,7.0,Montevideo,Uruguay,Montevideo,-34.9059,-56.1913,1788170.0
October,70.0,55.0,63.0,3.2,70.0,53.0,15.0,29.99,7.0,Montevideo,Uruguay,Montevideo,-34.9059,-56.1913,1788170.0
November,76.0,60.0,68.0,2.27,64.0,56.0,16.0,29.93,8.0,Montevideo,Uruguay,Montevideo,-34.9059,-56.1913,1788170.0
December,82.0,65.0,73.0,3.1,61.0,60.0,15.0,29.86,8.0,Montevideo,Uruguay,Montevideo,-34.9059,-56.1913,1788170.0
January,16.0,2.0,9.0,0.7,75.0,2.0,9.0,30.07,,Winnipeg,Canada,Manitoba,49.8844,-97.1464,758515.0
February,16.0,0.0,8.0,0.45,71.0,1.0,8.0,30.12,,Winnipeg,Canada,Manitoba,49.8844,-97.1464,758515.0
March,34.0,17.0,26.0,0.98,67.0,16.0,8.0,30.08,,Winnipeg,Canada,Manitoba,49.8844,-97.1464,758515.0
April,49.0,29.0,39.0,1.22,55.0,23.0,9.0,30.03,,Winnipeg,Canada,Manitoba,49.8844,-97.1464,758515.0
May,66.0,45.0,55.0,2.49,52.0,36.0,9.0,29.97,,Winnipeg,Canada,Manitoba,49.8844,-97.1464,758515.0
June,77.0,57.0,67.0,3.17,57.0,50.0,7.0,29.85,,Winnipeg,Canada,Manitoba,49.8844,-97.1464,758515.0
July,81.0,62.0,71.0,2.32,60.0,56.0,7.0,29.91,,Winnipeg,Canada,Manitoba,49.8844,-97.1464,758515.0
August,78.0,59.0,69.0,2.48,61.0,54.0,7.0,29.91,,Winnipeg,Canada,Manitoba,49.8844,-97.1464,758515.0
September,68.0,50.0,59.0,2.08,64.0,46.0,7.0,29.94,,Winnipeg,Canada,Manitoba,49.8844,-97.1464,758515.0
October,51.0,36.0,44.0,1.57,68.0,33.0,8.0,29.94,,Winnipeg,Canada,Manitoba,49.8844,-97.1464,758515.0
November,33.0,20.0,26.0,0.93,75.0,19.0,8.0,30.02,,Winnipeg,Canada,Manitoba,49.8844,-97.1464,758515.0
December,19.0,6.0,12.0,0.81,78.0,6.0,8.0,30.05,,Winnipeg,Canada,Manitoba,49.8844,-97.1464,758515.0
January,76.0,59.0,67.0,0.39,66.0,55.0,4.0,29.97,2.0,Dhaka,Bangladesh,Dhaka,23.7289,90.3944,19134000.0
February,83.0,65.0,74.0,0.3,57.0,57.0,4.0,29.92,2.0,Dhaka,Bangladesh,Dhaka,23.7289,90.3944,19134000.0
March,90.0,71.0,81.0,0.91,57.0,63.0,5.0,29.84,2.0,Dhaka,Bangladesh,Dhaka,23.7289,90.3944,19134000.0
April,93.0,76.0,84.0,5.69,66.0,71.0,7.0,29.75,3.0,Dhaka,Bangladesh,Dhaka,23.7289,90.3944,19134000.0
May,93.0,78.0,85.0,9.51,73.0,75.0,7.0,29.67,3.0,Dhaka,Bangladesh,Dhaka,23.7289,90.3944,19134000.0
June,91.0,80.0,86.0,12.78,78.0,77.0,6.0,29.56,3.0,Dhaka,Bangladesh,Dhaka,23.7289,90.3944,19134000.0
July,90.0,80.0,85.0,16.81,80.0,78.0,6.0,29.55,3.0,Dhaka,Bangladesh,Dhaka,23.7289,90.3944,19134000.0
August,91.0,80.0,86.0,13.67,80.0,78.0,5.0,29.58,3.0,Dhaka,Bangladesh,Dhaka,23.7289,90.3944,19134000.0
September,91.0,80.0,86.0,8.47,79.0,77.0,3.0,29.68,3.0,Dhaka,Bangladesh,Dhaka,23.7289,90.3944,19134000.0
October,90.0,77.0,83.0,5.88,74.0,73.0,3.0,29.8,3.0,Dhaka,Bangladesh,Dhaka,23.7289,90.3944,19134000.0
November,85.0,68.0,77.0,0.7,68.0,64.0,2.0,29.89,2.0,Dhaka,Bangladesh,Dhaka,23.7289,90.3944,19134000.0
December,78.0,61.0,70.0,0.88,71.0,59.0,2.0,29.95,2.0,Dhaka,Bangladesh,Dhaka,23.7289,90.3944,19134000.0
January,24.0,9.0,16.0,2.8,73.0,9.0,19.0,30.03,12.0,Montreal,Canada,Quebec,45.5089,-73.5617,3675219.0
February,26.0,11.0,19.0,2.36,70.0,11.0,19.0,30.02,13.0,Montreal,Canada,Quebec,45.5089,-73.5617,3675219.0
March,37.0,21.0,29.0,2.6,66.0,19.0,19.0,30.02,14.0,Montreal,Canada,Quebec,45.5089,-73.5617,3675219.0
April,52.0,34.0,43.0,3.34,61.0,29.0,19.0,29.96,17.0,Montreal,Canada,Quebec,45.5089,-73.5617,3675219.0
May,67.0,47.0,57.0,2.78,61.0,43.0,18.0,29.96,18.0,Montreal,Canada,Quebec,45.5089,-73.5617,3675219.0
June,76.0,57.0,66.0,3.23,66.0,54.0,16.0,29.9,17.0,Montreal,Canada,Quebec,45.5089,-73.5617,3675219.0
July,80.0,62.0,71.0,3.2,69.0,60.0,16.0,29.91,17.0,Montreal,Canada,Quebec,45.5089,-73.5617,3675219.0
August,78.0,60.0,69.0,3.3,70.0,59.0,15.0,29.96,17.0,Montreal,Canada,Quebec,45.5089,-73.5617,3675219.0
September,70.0,52.0,61.0,3.05,73.0,52.0,15.0,30.02,17.0,Montreal,Canada,Quebec,45.5089,-73.5617,3675219.0
October,56.0,41.0,48.0,3.85,73.0,40.0,17.0,30.01,16.0,Montreal,Canada,Quebec,45.5089,-73.5617,3675219.0
November,43.0,29.0,36.0,3.06,75.0,29.0,18.0,30.04,14.0,Montreal,Canada,Quebec,45.5089,-73.5617,3675219.0
December,31.0,18.0,24.0,3.12,77.0,18.0,19.0,30.03,12.0,Montreal,Canada,Quebec,45.5089,-73.5617,3675219.0
January,91.0,64.0,77.0,0.3,68.0,66.0,8.0,29.91,4.0,Rangoon,Burma,Yangon,16.8053,96.1561,5160512.0
February,95.0,66.0,81.0,0.02,62.0,67.0,8.0,29.89,4.0,Rangoon,Burma,Yangon,16.8053,96.1561,5160512.0
March,99.0,70.0,85.0,0.03,62.0,70.0,10.0,29.84,4.0,Rangoon,Burma,Yangon,16.8053,96.1561,5160512.0
April,100.0,75.0,88.0,0.5,65.0,74.0,11.0,29.8,4.0,Rangoon,Burma,Yangon,16.8053,96.1561,5160512.0
May,97.0,76.0,86.0,5.9,74.0,76.0,10.0,29.75,4.0,Rangoon,Burma,Yangon,16.8053,96.1561,5160512.0
June,89.0,74.0,82.0,14.92,88.0,77.0,10.0,29.72,4.0,Rangoon,Burma,Yangon,16.8053,96.1561,5160512.0
July,87.0,74.0,81.0,16.46,90.0,77.0,10.0,29.73,4.0,Rangoon,Burma,Yangon,16.8053,96.1561,5160512.0
August,87.0,74.0,81.0,13.63,90.0,77.0,10.0,29.73,4.0,Rangoon,Burma,Yangon,16.8053,96.1561,5160512.0
September,89.0,74.0,82.0,12.05,88.0,77.0,9.0,29.78,4.0,Rangoon,Burma,Yangon,16.8053,96.1561,5160512.0
October,91.0,74.0,82.0,7.19,84.0,77.0,8.0,29.83,4.0,Rangoon,Burma,Yangon,16.8053,96.1561,5160512.0
November,92.0,72.0,82.0,2.38,79.0,75.0,8.0,29.87,4.0,Rangoon,Burma,Yangon,16.8053,96.1561,5160512.0
December,91.0,66.0,78.0,0.06,73.0,69.0,8.0,29.91,4.0,Rangoon,Burma,Yangon,16.8053,96.1561,5160512.0
January,73.0,58.0,66.0,0.43,67.0,53.0,15.0,30.09,6.0,Doha,Qatar,Ad Dawhah,25.2861,51.5294,1186023.0
February,75.0,60.0,68.0,0.55,64.0,53.0,17.0,30.03,6.0,Doha,Qatar,Ad Dawhah,25.2861,51.5294,1186023.0
March,82.0,65.0,73.0,0.59,56.0,54.0,18.0,29.95,7.0,Doha,Qatar,Ad Dawhah,25.2861,51.5294,1186023.0
April,92.0,73.0,82.0,0.27,47.0,57.0,16.0,29.85,7.0,Doha,Qatar,Ad Dawhah,25.2861,51.5294,1186023.0
May,103.0,82.0,93.0,0.16,38.0,59.0,17.0,29.72,7.0,Doha,Qatar,Ad Dawhah,25.2861,51.5294,1186023.0
June,108.0,87.0,97.0,0.01,36.0,62.0,18.0,29.54,6.0,Doha,Qatar,Ad Dawhah,25.2861,51.5294,1186023.0
July,108.0,89.0,99.0,0.11,44.0,69.0,16.0,29.46,6.0,Doha,Qatar,Ad Dawhah,25.2861,51.5294,1186023.0
August,107.0,89.0,98.0,0.0,57.0,77.0,14.0,29.52,6.0,Doha,Qatar,Ad Dawhah,25.2861,51.5294,1186023.0
September,103.0,85.0,94.0,0.1,57.0,74.0,13.0,29.68,6.0,Doha,Qatar,Ad Dawhah,25.2861,51.5294,1186023.0
October,96.0,80.0,88.0,0.22,59.0,70.0,12.0,29.88,7.0,Doha,Qatar,Ad Dawhah,25.2861,51.5294,1186023.0
November,86.0,71.0,79.0,0.62,62.0,63.0,14.0,30.01,7.0,Doha,Qatar,Ad Dawhah,25.2861,51.5294,1186023.0
December,77.0,63.0,70.0,0.5,68.0,57.0,14.0,30.09,7.0,Doha,Qatar,Ad Dawhah,25.2861,51.5294,1186023.0
January,24.0,16.0,20.0,2.3,85.0,17.0,5.0,30.02,4.0,Moscow,Russia,Moskva,55.7506,37.6175,19100000.0
February,28.0,19.0,24.0,1.65,80.0,18.0,6.0,30.06,5.0,Moscow,Russia,Moskva,55.7506,37.6175,19100000.0
March,38.0,24.0,31.0,1.74,69.0,21.0,6.0,29.97,5.0,Moscow,Russia,Moskva,55.7506,37.6175,19100000.0
April,52.0,36.0,44.0,1.66,62.0,30.0,4.0,29.94,6.0,Moscow,Russia,Moskva,55.7506,37.6175,19100000.0
May,67.0,49.0,58.0,3.15,62.0,44.0,3.0,29.97,5.0,Moscow,Russia,Moskva,55.7506,37.6175,19100000.0
June,73.0,56.0,64.0,2.48,64.0,51.0,3.0,29.93,6.0,Moscow,Russia,Moskva,55.7506,37.6175,19100000.0
July,75.0,59.0,67.0,3.29,69.0,56.0,3.0,29.88,5.0,Moscow,Russia,Moskva,55.7506,37.6175,19100000.0
August,74.0,57.0,65.0,2.48,71.0,54.0,3.0,29.99,5.0,Moscow,Russia,Moskva,55.7506,37.6175,19100000.0
September,61.0,48.0,55.0,2.19,78.0,47.0,3.0,30.02,5.0,Moscow,Russia,Moskva,55.7506,37.6175,19100000.0
October,48.0,38.0,43.0,2.27,78.0,36.0,3.0,30.09,6.0,Moscow,Russia,Moskva,55.7506,37.6175,19100000.0
November,37.0,30.0,33.0,2.28,85.0,29.0,5.0,30.12,5.0,Moscow,Russia,Moskva,55.7506,37.6175,19100000.0
December,29.0,22.0,26.0,2.21,87.0,22.0,5.0,30.04,4.0,Moscow,Russia,Moskva,55.7506,37.6175,19100000.0
January,41.0,29.0,35.0,2.11,87.0,29.0,8.0,30.14,5.0,Zagreb,Croatia,"Zagreb, Grad",45.8131,15.9772,663592.0
February,47.0,31.0,39.0,2.1,79.0,30.0,9.0,30.1,6.0,Zagreb,Croatia,"Zagreb, Grad",45.8131,15.9772,663592.0
March,56.0,37.0,46.0,2.18,71.0,34.0,11.0,30.05,8.0,Zagreb,Croatia,"Zagreb, Grad",45.8131,15.9772,663592.0
April,65.0,45.0,55.0,2.65,70.0,42.0,11.0,29.96,9.0,Zagreb,Croatia,"Zagreb, Grad",45.8131,15.9772,663592.0
May,73.0,52.0,63.0,3.33,70.0,51.0,10.0,29.97,9.0,Zagreb,Croatia,"Zagreb, Grad",45.8131,15.9772,663592.0
June,80.0,60.0,70.0,3.9,71.0,58.0,9.0,29.98,9.0,Zagreb,Croatia,"Zagreb, Grad",45.8131,15.9772,663592.0
July,83.0,62.0,73.0,3.29,70.0,60.0,8.0,29.96,9.0,Zagreb,Croatia,"Zagreb, Grad",45.8131,15.9772,663592.0
August,83.0,62.0,72.0,2.81,70.0,60.0,8.0,29.98,9.0,Zagreb,Croatia,"Zagreb, Grad",45.8131,15.9772,663592.0
September,73.0,54.0,64.0,3.59,77.0,54.0,8.0,30.04,8.0,Zagreb,Croatia,"Zagreb, Grad",45.8131,15.9772,663592.0
October,63.0,46.0,54.0,3.13,83.0,47.0,8.0,30.09,6.0,Zagreb,Croatia,"Zagreb, Grad",45.8131,15.9772,663592.0
November,51.0,38.0,45.0,3.3,87.0,39.0,8.0,30.08,5.0,Zagreb,Croatia,"Zagreb, Grad",45.8131,15.9772,663592.0
December,41.0,30.0,36.0,2.86,89.0,31.0,8.0,30.14,5.0,Zagreb,Croatia,"Zagreb, Grad",45.8131,15.9772,663592.0
January,76.0,60.0,68.0,0.49,62.0,54.0,14.0,30.07,6.0,Dubai,United Arab Emirates,Dubayy,25.2697,55.3094,4945000.0
February,79.0,62.0,70.0,0.2,61.0,55.0,15.0,30.01,6.0,Dubai,United Arab Emirates,Dubayy,25.2697,55.3094,4945000.0
March,84.0,67.0,75.0,0.44,57.0,57.0,16.0,29.93,6.0,Dubai,United Arab Emirates,Dubayy,25.2697,55.3094,4945000.0
April,93.0,73.0,83.0,0.13,48.0,58.0,15.0,29.83,6.0,Dubai,United Arab Emirates,Dubayy,25.2697,55.3094,4945000.0
May,101.0,80.0,90.0,0.1,44.0,63.0,16.0,29.7,6.0,Dubai,United Arab Emirates,Dubayy,25.2697,55.3094,4945000.0
June,104.0,84.0,94.0,0.0,50.0,70.0,15.0,29.52,6.0,Dubai,United Arab Emirates,Dubayy,25.2697,55.3094,4945000.0
July,107.0,89.0,98.0,0.0,49.0,73.0,16.0,29.44,5.0,Dubai,United Arab Emirates,Dubayy,25.2697,55.3094,4945000.0
August,107.0,89.0,98.0,0.15,49.0,73.0,16.0,29.51,6.0,Dubai,United Arab Emirates,Dubayy,25.2697,55.3094,4945000.0
September,103.0,85.0,94.0,0.04,55.0,72.0,15.0,29.67,6.0,Dubai,United Arab Emirates,Dubayy,25.2697,55.3094,4945000.0
October,97.0,78.0,87.0,0.05,56.0,68.0,13.0,29.87,6.0,Dubai,United Arab Emirates,Dubayy,25.2697,55.3094,4945000.0
November,87.0,71.0,79.0,0.13,57.0,62.0,13.0,29.98,6.0,Dubai,United Arab Emirates,Dubayy,25.2697,55.3094,4945000.0
December,80.0,64.0,72.0,0.42,62.0,57.0,13.0,30.06,6.0,Dubai,United Arab Emirates,Dubayy,25.2697,55.3094,4945000.0
January,88.0,63.0,76.0,0.03,57.0,59.0,8.0,29.92,2.0,Mumbai,India,Maharashtra,19.0758,72.8775,24973000.0
February,89.0,65.0,77.0,0.01,56.0,60.0,8.0,29.89,2.0,Mumbai,India,Maharashtra,19.0758,72.8775,24973000.0
March,92.0,70.0,81.0,0.08,60.0,65.0,9.0,29.84,2.0,Mumbai,India,Maharashtra,19.0758,72.8775,24973000.0
April,92.0,76.0,84.0,0.19,67.0,72.0,10.0,29.79,2.0,Mumbai,India,Maharashtra,19.0758,72.8775,24973000.0
May,93.0,80.0,87.0,1.04,70.0,75.0,12.0,29.74,3.0,Mumbai,India,Maharashtra,19.0758,72.8775,24973000.0
June,90.0,80.0,85.0,18.59,77.0,77.0,14.0,29.66,2.0,Mumbai,India,Maharashtra,19.0758,72.8775,24973000.0
July,87.0,78.0,82.0,33.05,83.0,77.0,16.0,29.65,2.0,Mumbai,India,Maharashtra,19.0758,72.8775,24973000.0
August,87.0,77.0,82.0,18.57,82.0,76.0,15.0,29.7,2.0,Mumbai,India,Maharashtra,19.0758,72.8775,24973000.0
September,88.0,77.0,82.0,13.99,81.0,76.0,10.0,29.75,2.0,Mumbai,India,Maharashtra,19.0758,72.8775,24973000.0
October,93.0,75.0,84.0,3.69,69.0,72.0,8.0,29.81,2.0,Mumbai,India,Maharashtra,19.0758,72.8775,24973000.0
November,94.0,71.0,82.0,0.51,58.0,65.0,8.0,29.86,2.0,Mumbai,India,Maharashtra,19.0758,72.8775,24973000.0
December,91.0,65.0,78.0,0.1,57.0,61.0,7.0,29.91,2.0,Mumbai,India,Maharashtra,19.0758,72.8775,24973000.0
January,39.0,29.0,34.0,3.04,85.0,30.0,9.0,30.17,5.0,Zurich,Switzerland,Zurich,47.3744,8.5411,452421.0
February,43.0,29.0,36.0,2.5,80.0,30.0,10.0,30.14,6.0,Zurich,Switzerland,Zurich,47.3744,8.5411,452421.0
March,52.0,33.0,43.0,2.69,73.0,34.0,10.0,30.08,7.0,Zurich,Switzerland,Zurich,47.3744,8.5411,452421.0
April,60.0,39.0,50.0,2.77,69.0,39.0,10.0,29.98,7.0,Zurich,Switzerland,Zurich,47.3744,8.5411,452421.0
May,67.0,47.0,57.0,4.59,72.0,47.0,9.0,30.0,8.0,Zurich,Switzerland,Zurich,47.3744,8.5411,452421.0
June,74.0,54.0,64.0,4.18,72.0,53.0,9.0,30.03,8.0,Zurich,Switzerland,Zurich,47.3744,8.5411,452421.0
July,77.0,57.0,67.0,4.87,71.0,56.0,8.0,30.02,8.0,Zurich,Switzerland,Zurich,47.3744,8.5411,452421.0
August,76.0,56.0,66.0,4.49,75.0,57.0,8.0,30.02,7.0,Zurich,Switzerland,Zurich,47.3744,8.5411,452421.0
September,68.0,50.0,59.0,3.28,80.0,51.0,7.0,30.07,7.0,Zurich,Switzerland,Zurich,47.3744,8.5411,452421.0
October,58.0,43.0,51.0,3.4,86.0,46.0,8.0,30.08,5.0,Zurich,Switzerland,Zurich,47.3744,8.5411,452421.0
November,46.0,35.0,41.0,2.77,88.0,37.0,8.0,30.08,5.0,Zurich,Switzerland,Zurich,47.3744,8.5411,452421.0
December,40.0,30.0,35.0,3.37,87.0,32.0,9.0,30.15,5.0,Zurich,Switzerland,Zurich,47.3744,8.5411,452421.0
January,47.0,36.0,42.0,2.58,87.0,38.0,25.0,29.9,10.0,Dublin,Ireland,Dublin,53.3497,-6.2603,1534900.0
February,48.0,36.0,42.0,2.17,85.0,38.0,25.0,29.93,11.0,Dublin,Ireland,Dublin,53.3497,-6.2603,1534900.0
March,52.0,38.0,45.0,1.99,83.0,39.0,23.0,29.97,11.0,Dublin,Ireland,Dublin,53.3497,-6.2603,1534900.0
April,55.0,40.0,48.0,1.98,81.0,41.0,21.0,29.95,12.0,Dublin,Ireland,Dublin,53.3497,-6.2603,1534900.0
May,60.0,44.0,52.0,2.36,79.0,45.0,20.0,29.97,12.0,Dublin,Ireland,Dublin,53.3497,-6.2603,1534900.0
June,65.0,49.0,57.0,2.48,79.0,50.0,19.0,30.0,13.0,Dublin,Ireland,Dublin,53.3497,-6.2603,1534900.0
July,68.0,53.0,60.0,2.49,80.0,53.0,18.0,29.96,13.0,Dublin,Ireland,Dublin,53.3497,-6.2603,1534900.0
August,67.0,52.0,60.0,2.87,82.0,53.0,19.0,29.95,13.0,Dublin,Ireland,Dublin,53.3497,-6.2603,1534900.0
September,64.0,49.0,56.0,2.42,84.0,51.0,19.0,29.98,12.0,Dublin,Ireland,Dublin,53.3497,-6.2603,1534900.0
October,58.0,45.0,51.0,3.1,85.0,46.0,21.0,29.88,11.0,Dublin,Ireland,Dublin,53.3497,-6.2603,1534900.0
November,51.0,40.0,46.0,3.21,88.0,42.0,23.0,29.85,11.0,Dublin,Ireland,Dublin,53.3497,-6.2603,1534900.0
December,48.0,37.0,42.0,3.02,88.0,39.0,24.0,29.88,10.0,Dublin,Ireland,Dublin,53.3497,-6.2603,1534900.0
January,79.0,59.0,69.0,2.34,65.0,55.0,16.0,29.96,9.0,Nairobi,Kenya,Nairobi City,-1.2864,36.8172,4397073.0
February,81.0,59.0,70.0,1.9,60.0,54.0,16.0,29.95,9.0,Nairobi,Kenya,Nairobi City,-1.2864,36.8172,4397073.0
March,81.0,61.0,71.0,2.88,64.0,56.0,17.0,29.95,9.0,Nairobi,Kenya,Nairobi City,-1.2864,36.8172,4397073.0
April,78.0,61.0,69.0,2.92,74.0,59.0,13.0,29.98,9.0,Nairobi,Kenya,Nairobi City,-1.2864,36.8172,4397073.0
May,75.0,60.0,67.0,2.5,76.0,58.0,10.0,30.03,9.0,Nairobi,Kenya,Nairobi City,-1.2864,36.8172,4397073.0
June,73.0,57.0,65.0,0.79,74.0,55.0,8.0,30.06,9.0,Nairobi,Kenya,Nairobi City,-1.2864,36.8172,4397073.0
July,72.0,55.0,64.0,0.43,71.0,53.0,9.0,30.07,9.0,Nairobi,Kenya,Nairobi City,-1.2864,36.8172,4397073.0
August,74.0,55.0,64.0,0.69,70.0,53.0,10.0,30.07,9.0,Nairobi,Kenya,Nairobi City,-1.2864,36.8172,4397073.0
September,77.0,56.0,67.0,0.62,65.0,53.0,12.0,30.04,9.0,Nairobi,Kenya,Nairobi City,-1.2864,36.8172,4397073.0
October,79.0,59.0,69.0,1.88,65.0,55.0,14.0,30.0,9.0,Nairobi,Kenya,Nairobi City,-1.2864,36.8172,4397073.0
November,76.0,60.0,68.0,3.88,74.0,58.0,16.0,29.98,9.0,Nairobi,Kenya,Nairobi City,-1.2864,36.8172,4397073.0
December,77.0,60.0,68.0,3.03,72.0,57.0,16.0,29.99,9.0,Nairobi,Kenya,Nairobi City,-1.2864,36.8172,4397073.0
