city,region,country,month,high_temp,low_temp,mean_temp,precipitation,humidity,dew_point,wind,pressure,visibility
Accra,,Ghana,January,89 °F,75 °F,82 °F,"1.57""",75%,73 °F,14 mph,"29.85 ""Hg",5 mi
Accra,,Ghana,February,90 °F,77 °F,84 °F,"1.79""",77%,75 °F,17 mph,"29.84 ""Hg",6 mi
Accra,,Ghana,March,91 °F,78 °F,84 °F,"2.29""",78%,76 °F,17 mph,"29.83 ""Hg",7 mi
Accra,,Ghana,April,90 °F,78 °F,84 °F,"2.93""",78%,76 °F,16 mph,"29.83 ""Hg",7 mi
Accra,,Ghana,May,89 °F,77 °F,83 °F,"5.11""",80%,75 °F,15 mph,"29.87 ""Hg",8 mi
Accra,,Ghana,June,85 °F,75 °F,80 °F,"6.39""",84%,74 °F,15 mph,"29.93 ""Hg",7 mi
Accra,,Ghana,July,83 °F,75 °F,79 °F,"2.78""",84%,73 °F,19 mph,"29.95 ""Hg",7 mi
Accra,,Ghana,August,83 °F,74 °F,78 °F,"1.83""",84%,72 °F,20 mph,"29.95 ""Hg",7 mi
Accra,,Ghana,September,85 °F,75 °F,79 °F,"2.44""",84%,73 °F,19 mph,"29.92 ""Hg",7 mi
Accra,,Ghana,October,86 °F,75 °F,80 °F,"3.75""",83%,74 °F,15 mph,"29.88 ""Hg",7 mi
Accra,,Ghana,November,88 °F,76 °F,82 °F,"2.67""",80%,75 °F,13 mph,"29.86 ""Hg",7 mi
Accra,,Ghana,December,89 °F,76 °F,82 °F,"2.07""",78%,75 °F,13 mph,"29.85 ""Hg",5 mi
Edmonton,Alberta,Canada,January,21 °F,1 °F,11 °F,"0.82""",74%,5 °F,14 mph,"30.07 ""Hg",13 mi
Edmonton,Alberta,Canada,February,24 °F,2 °F,13 °F,"0.53""",73%,7 °F,14 mph,"30.08 ""Hg",13 mi
Edmonton,Alberta,Canada,March,34 °F,14 °F,24 °F,"0.74""",74%,17 °F,15 mph,"30.03 ""Hg",13 mi
Edmonton,Alberta,Canada,April,50 °F,27 °F,38 °F,"1.08""",64%,26 °F,17 mph,"29.98 ""Hg",14 mi
Edmonton,Alberta,Canada,May,64 °F,37 °F,50 °F,"2.00""",56%,34 °F,17 mph,"29.97 ""Hg",14 mi
Edmonton,Alberta,Canada,June,70 °F,46 °F,58 °F,"2.92""",67%,46 °F,15 mph,"29.91 ""Hg",14 mi
Edmonton,Alberta,Canada,July,74 °F,49 °F,61 °F,"3.46""",74%,52 °F,13 mph,"29.95 ""Hg",14 mi
Edmonton,Alberta,Canada,August,73 °F,46 °F,59 °F,"2.02""",74%,50 °F,12 mph,"29.97 ""Hg",14 mi
Edmonton,Alberta,Canada,September,65 °F,37 °F,51 °F,"1.45""",70%,40 °F,14 mph,"29.98 ""Hg",15 mi
Edmonton,Alberta,Canada,October,51 °F,26 °F,39 °F,"0.77""",70%,29 °F,15 mph,"29.98 ""Hg",15 mi
Edmonton,Alberta,Canada,November,33 °F,14 °F,24 °F,"0.85""",77%,17 °F,14 mph,"30.00 ""Hg",13 mi
Edmonton,Alberta,Canada,December,23 °F,2 °F,13 °F,"0.63""",75%,7 °F,14 mph,"30.03 ""Hg",13 mi
Nassau,,Bahamas,January,80 °F,65 °F,72 °F,"2.67""",75%,63 °F,16 mph,"30.11 ""Hg",8 mi
Nassau,,Bahamas,February,81 °F,66 °F,73 °F,"2.07""",75%,64 °F,16 mph,"30.10 ""Hg",8 mi
Nassau,,Bahamas,March,82 °F,67 °F,74 °F,"2.24""",71%,64 °F,17 mph,"30.07 ""Hg",8 mi
Nassau,,Bahamas,April,84 °F,69 °F,77 °F,"2.45""",71%,66 °F,17 mph,"30.04 ""Hg",8 mi
Nassau,,Bahamas,May,87 °F,72 °F,80 °F,"4.94""",74%,70 °F,15 mph,"30.02 ""Hg",8 mi
Nassau,,Bahamas,June,90 °F,75 °F,83 °F,"8.40""",76%,74 °F,14 mph,"30.03 ""Hg",7 mi
Nassau,,Bahamas,July,91 °F,77 °F,84 °F,"5.80""",74%,75 °F,14 mph,"30.07 ""Hg",7 mi
Nassau,,Bahamas,August,92 °F,77 °F,84 °F,"7.74""",76%,76 °F,13 mph,"30.02 ""Hg",7 mi
Nassau,,Bahamas,September,90 °F,76 °F,83 °F,"7.01""",77%,75 °F,12 mph,"29.97 ""Hg",7 mi
Nassau,,Bahamas,October,88 °F,75 °F,81 °F,"5.44""",77%,73 °F,15 mph,"29.97 ""Hg",7 mi
Nassau,,Bahamas,November,84 °F,71 °F,77 °F,"3.53""",75%,68 °F,17 mph,"30.03 ""Hg",8 mi
Nassau,,Bahamas,December,81 °F,67 °F,74 °F,"1.73""",77%,66 °F,16 mph,"30.09 ""Hg",8 mi
Addis Ababa,,Ethiopia,January,74 °F,49 °F,61 °F,"0.42""",49%,41 °F,16 mph,"29.95 ""Hg",12 mi
Addis Ababa,,Ethiopia,February,77 °F,52 °F,64 °F,"0.84""",49%,43 °F,16 mph,"29.89 ""Hg",11 mi
Addis Ababa,,Ethiopia,March,78 °F,55 °F,67 °F,"2.14""",47%,44 °F,16 mph,"29.86 ""Hg",10 mi
Addis Ababa,,Ethiopia,April,77 °F,56 °F,67 °F,"3.87""",56%,49 °F,15 mph,"29.86 ""Hg",10 mi
Addis Ababa,,Ethiopia,May,76 °F,56 °F,66 °F,"4.91""",61%,51 °F,14 mph,"29.90 ""Hg",10 mi
Addis Ababa,,Ethiopia,June,73 °F,55 °F,64 °F,"5.90""",69%,52 °F,12 mph,"29.89 ""Hg",10 mi
Addis Ababa,,Ethiopia,July,69 °F,55 °F,62 °F,"8.16""",80%,54 °F,12 mph,"29.92 ""Hg",9 mi
Addis Ababa,,Ethiopia,August,69 °F,54 °F,62 °F,"8.77""",80%,54 °F,12 mph,"29.93 ""Hg",10 mi
Addis Ababa,,Ethiopia,September,71 °F,54 °F,63 °F,"6.92""",75%,53 °F,12 mph,"29.91 ""Hg",10 mi
Addis Ababa,,Ethiopia,October,74 °F,52 °F,63 °F,"1.91""",57%,47 °F,16 mph,"29.90 ""Hg",11 mi
Addis Ababa,,Ethiopia,November,73 °F,50 °F,62 °F,"1.45""",54%,45 °F,16 mph,"29.92 ""Hg",11 mi
Addis Ababa,,Ethiopia,December,73 °F,47 °F,60 °F,"1.20""",53%,42 °F,16 mph,"29.96 ""Hg",12 mi
Frankfurt,Hesse,Germany,January,41 °F,32 °F,36 °F,"1.86""",83%,31 °F,13 mph,"30.11 ""Hg",6 mi
Frankfurt,Hesse,Germany,February,44 °F,32 °F,38 °F,"1.65""",78%,32 °F,13 mph,"30.09 ""Hg",7 mi
Frankfurt,Hesse,Germany,March,53 °F,36 °F,45 °F,"1.51""",70%,35 °F,14 mph,"30.05 ""Hg",7 mi
Frankfurt,Hesse,Germany,April,62 °F,42 °F,52 °F,"1.43""",63%,39 °F,13 mph,"29.98 ""Hg",8 mi
Frankfurt,Hesse,Germany,May,69 °F,49 °F,59 °F,"2.51""",66%,47 °F,13 mph,"30.00 ""Hg",8 mi
Frankfurt,Hesse,Germany,June,75 °F,56 °F,66 °F,"2.35""",64%,53 °F,12 mph,"30.02 ""Hg",8 mi
Frankfurt,Hesse,Germany,July,79 °F,59 °F,69 °F,"2.40""",63%,55 °F,12 mph,"30.00 ""Hg",8 mi
Frankfurt,Hesse,Germany,August,78 °F,58 °F,68 °F,"2.34""",65%,55 °F,11 mph,"30.01 ""Hg",8 mi
Frankfurt,Hesse,Germany,September,69 °F,52 °F,60 °F,"1.90""",72%,50 °F,11 mph,"30.05 ""Hg",7 mi
Frankfurt,Hesse,Germany,October,59 °F,45 °F,52 °F,"2.10""",81%,45 °F,11 mph,"30.05 ""Hg",7 mi
Frankfurt,Hesse,Germany,November,48 °F,38 °F,43 °F,"1.85""",86%,39 °F,11 mph,"30.03 ""Hg",6 mi
Frankfurt,Hesse,Germany,December,42 °F,33 °F,38 °F,"2.23""",86%,34 °F,12 mph,"30.08 ""Hg",6 mi
New Delhi,Delhi,India,January,70 °F,46 °F,58 °F,"1.84""",80%,50 °F,6 mph,"30.05 ""Hg",1 mi
New Delhi,Delhi,India,February,78 °F,51 °F,65 °F,"1.47""",69%,53 °F,8 mph,"29.98 ""Hg",1 mi
New Delhi,Delhi,India,March,88 °F,60 °F,74 °F,"2.99""",59%,58 °F,9 mph,"29.87 ""Hg",2 mi
New Delhi,Delhi,India,April,99 °F,70 °F,85 °F,"2.04""",44%,60 °F,9 mph,"29.73 ""Hg",2 mi
New Delhi,Delhi,India,May,105 °F,77 °F,91 °F,"2.28""",42%,64 °F,10 mph,"29.59 ""Hg",2 mi
New Delhi,Delhi,India,June,104 °F,82 °F,93 °F,"2.51""",54%,73 °F,11 mph,"29.47 ""Hg",2 mi
New Delhi,Delhi,India,July,98 °F,81 °F,89 °F,"8.82""",74%,79 °F,8 mph,"29.47 ""Hg",1 mi
New Delhi,Delhi,India,August,95 °F,80 °F,88 °F,"10.06""",76%,78 °F,8 mph,"29.54 ""Hg",1 mi
New Delhi,Delhi,India,September,95 °F,78 °F,86 °F,"3.92""",70%,75 °F,7 mph,"29.66 ""Hg",2 mi
New Delhi,Delhi,India,October,93 °F,67 °F,80 °F,"0.62""",63%,66 °F,4 mph,"29.83 ""Hg",1 mi
New Delhi,Delhi,India,November,83 °F,55 °F,69 °F,"0.07""",67%,56 °F,4 mph,"29.96 ""Hg",1 mi
New Delhi,Delhi,India,December,74 °F,47 °F,60 °F,"0.29""",74%,50 °F,5 mph,"30.04 ""Hg",1 mi
Adelaide,South Australia,Australia,January,87 °F,64 °F,76 °F,"0.96""",45%,50 °F,13 mph,"29.91 ""Hg",12 mi
Adelaide,South Australia,Australia,February,85 °F,63 °F,74 °F,"1.11""",49%,51 °F,12 mph,"29.96 ""Hg",12 mi
Adelaide,South Australia,Australia,March,81 °F,60 °F,71 °F,"0.98""",53%,51 °F,11 mph,"30.03 ""Hg",12 mi
Adelaide,South Australia,Australia,April,74 °F,55 °F,65 °F,"1.41""",58%,48 °F,10 mph,"30.13 ""Hg",12 mi
Adelaide,South Australia,Australia,May,66 °F,51 °F,59 °F,"2.49""",67%,46 °F,10 mph,"30.17 ""Hg",10 mi
Adelaide,South Australia,Australia,June,61 °F,46 °F,54 °F,"2.81""",74%,44 °F,9 mph,"30.20 ""Hg",10 mi
Adelaide,South Australia,Australia,July,60 °F,46 °F,53 °F,"3.09""",72%,44 °F,12 mph,"30.13 ""Hg",10 mi
Adelaide,South Australia,Australia,August,62 °F,46 °F,54 °F,"2.38""",68%,43 °F,13 mph,"30.12 ""Hg",11 mi
Adelaide,South Australia,Australia,September,68 °F,49 °F,58 °F,"1.97""",60%,43 °F,14 mph,"30.08 ""Hg",11 mi
Adelaide,South Australia,Australia,October,74 °F,53 °F,64 °F,"1.47""",53%,44 °F,14 mph,"30.04 ""Hg",11 mi
Adelaide,South Australia,Australia,November,79 °F,57 °F,68 °F,"0.90""",49%,46 °F,14 mph,"29.98 ""Hg",12 mi
Adelaide,South Australia,Australia,December,84 °F,60 °F,72 °F,"0.88""",47%,48 °F,14 mph,"29.93 ""Hg",12 mi
Guatemala City,,Guatemala,January,76 °F,57 °F,66 °F,"0.38""",73%,55 °F,24 mph,"30.10 ""Hg",8 mi
Guatemala City,,Guatemala,February,78 °F,58 °F,68 °F,"0.57""",70%,56 °F,22 mph,"30.08 ""Hg",7 mi
Guatemala City,,Guatemala,March,80 °F,59 °F,69 °F,"0.70""",69%,56 °F,21 mph,"30.05 ""Hg",7 mi
Guatemala City,,Guatemala,April,81 °F,62 °F,71 °F,"1.61""",71%,59 °F,18 mph,"30.05 ""Hg",6 mi
Guatemala City,,Guatemala,May,80 °F,63 °F,72 °F,"4.61""",77%,62 °F,15 mph,"30.04 ""Hg",6 mi
Guatemala City,,Guatemala,June,77 °F,63 °F,70 °F,"7.25""",83%,62 °F,14 mph,"30.05 ""Hg",7 mi
Guatemala City,,Guatemala,July,77 °F,63 °F,70 °F,"5.62""",79%,61 °F,19 mph,"30.09 ""Hg",8 mi
Guatemala City,,Guatemala,August,78 °F,63 °F,70 °F,"7.06""",80%,62 °F,17 mph,"30.07 ""Hg",7 mi
Guatemala City,,Guatemala,September,77 °F,63 °F,70 °F,"7.35""",84%,62 °F,13 mph,"30.05 ""Hg",7 mi
Guatemala City,,Guatemala,October,76 °F,62 °F,69 °F,"4.92""",82%,61 °F,17 mph,"30.04 ""Hg",7 mi
Guatemala City,,Guatemala,November,75 °F,59 °F,67 °F,"1.44""",77%,58 °F,23 mph,"30.07 ""Hg",8 mi
Guatemala City,,Guatemala,December,75 °F,57 °F,66 °F,"0.37""",75%,56 °F,23 mph,"30.10 ""Hg",8 mi
New Orleans,Louisiana,USA,January,62 °F,48 °F,55 °F,"4.63""",74%,46 °F,20 mph,"30.15 ""Hg",9 mi
New Orleans,Louisiana,USA,February,66 °F,51 °F,59 °F,"4.20""",74%,49 °F,21 mph,"30.11 ""Hg",9 mi
New Orleans,Louisiana,USA,March,73 °F,58 °F,65 °F,"4.84""",73%,55 °F,20 mph,"30.07 ""Hg",9 mi
New Orleans,Louisiana,USA,April,79 °F,64 °F,71 °F,"5.44""",70%,60 °F,21 mph,"30.01 ""Hg",9 mi
New Orleans,Louisiana,USA,May,86 °F,71 °F,78 °F,"5.15""",70%,67 °F,18 mph,"29.99 ""Hg",9 mi
New Orleans,Louisiana,USA,June,90 °F,77 °F,84 °F,"6.49""",71%,72 °F,16 mph,"29.97 ""Hg",9 mi
New Orleans,Louisiana,USA,July,92 °F,79 °F,85 °F,"6.28""",73%,74 °F,15 mph,"30.02 ""Hg",10 mi
New Orleans,Louisiana,USA,August,92 °F,79 °F,85 °F,"6.58""",72%,74 °F,15 mph,"29.98 ""Hg",9 mi
New Orleans,Louisiana,USA,September,88 °F,76 °F,82 °F,"4.95""",72%,71 °F,17 mph,"29.97 ""Hg",9 mi
New Orleans,Louisiana,USA,October,81 °F,67 °F,74 °F,"3.63""",72%,63 °F,19 mph,"30.03 ""Hg",9 mi
New Orleans,Louisiana,USA,November,71 °F,57 °F,64 °F,"3.59""",73%,54 °F,19 mph,"30.12 ""Hg",9 mi
New Orleans,Louisiana,USA,December,65 °F,50 °F,58 °F,"4.52""",76%,49 °F,20 mph,"30.13 ""Hg",9 mi
Algiers,,Algeria,January,63 °F,42 °F,52 °F,"3.12""",80%,44 °F,10 mph,"30.17 ""Hg",7 mi
Algiers,,Algeria,February,64 °F,42 °F,53 °F,"2.83""",78%,45 °F,10 mph,"30.15 ""Hg",7 mi
Algiers,,Algeria,March,67 °F,45 °F,56 °F,"2.48""",77%,48 °F,11 mph,"30.08 ""Hg",7 mi
Algiers,,Algeria,April,71 °F,49 °F,60 °F,"2.24""",76%,52 °F,12 mph,"29.99 ""Hg",7 mi
Algiers,,Algeria,May,77 °F,55 °F,66 °F,"1.65""",74%,57 °F,12 mph,"30.00 ""Hg",7 mi
Algiers,,Algeria,June,84 °F,61 °F,73 °F,"0.36""",71%,62 °F,12 mph,"30.01 ""Hg",6 mi
Algiers,,Algeria,July,89 °F,67 °F,78 °F,"0.08""",69%,66 °F,12 mph,"29.98 ""Hg",6 mi
Algiers,,Algeria,August,91 °F,69 °F,80 °F,"0.38""",69%,68 °F,11 mph,"29.98 ""Hg",6 mi
Algiers,,Algeria,September,85 °F,64 °F,75 °F,"1.17""",72%,64 °F,11 mph,"30.01 ""Hg",7 mi
Algiers,,Algeria,October,80 °F,57 °F,68 °F,"1.85""",74%,58 °F,9 mph,"30.05 ""Hg",7 mi
Algiers,,Algeria,November,70 °F,50 °F,60 °F,"4.31""",78%,51 °F,10 mph,"30.07 ""Hg",7 mi
Algiers,,Algeria,December,65 °F,44 °F,54 °F,"3.61""",80%,47 °F,9 mph,"30.16 ""Hg",7 mi
Halifax,Nova Scotia,Canada,January,31 °F,15 °F,23 °F,"5.09""",83%,18 °F,22 mph,"29.91 ""Hg",11 mi
Halifax,Nova Scotia,Canada,February,32 °F,15 °F,23 °F,"4.79""",79%,18 °F,22 mph,"29.91 ""Hg",11 mi
Halifax,Nova Scotia,Canada,March,38 °F,22 °F,30 °F,"4.64""",76%,23 °F,22 mph,"29.94 ""Hg",11 mi
Halifax,Nova Scotia,Canada,April,48 °F,31 °F,40 °F,"4.38""",76%,31 °F,22 mph,"29.93 ""Hg",11 mi
Halifax,Nova Scotia,Canada,May,60 °F,40 °F,50 °F,"3.82""",76%,41 °F,19 mph,"29.98 ""Hg",11 mi
Halifax,Nova Scotia,Canada,June,69 °F,49 °F,59 °F,"4.12""",78%,51 °F,18 mph,"29.94 ""Hg",11 mi
Halifax,Nova Scotia,Canada,July,76 °F,57 °F,66 °F,"3.39""",80%,59 °F,16 mph,"29.95 ""Hg",11 mi
Halifax,Nova Scotia,Canada,August,76 °F,57 °F,66 °F,"3.06""",79%,58 °F,15 mph,"29.99 ""Hg",12 mi
Halifax,Nova Scotia,Canada,September,68 °F,50 °F,59 °F,"4.55""",81%,53 °F,17 mph,"30.04 ""Hg",12 mi
Halifax,Nova Scotia,Canada,October,57 °F,40 °F,49 °F,"5.20""",82%,43 °F,19 mph,"30.00 ""Hg",13 mi
Halifax,Nova Scotia,Canada,November,46 °F,32 °F,39 °F,"5.85""",83%,34 °F,20 mph,"30.01 ""Hg",12 mi
Halifax,Nova Scotia,Canada,December,37 °F,22 °F,30 °F,"6.09""",85%,25 °F,22 mph,"29.94 ""Hg",11 mi
New York,New York,USA,January,40 °F,28 °F,34 °F,"3.61""",60%,21 °F,13 mph,"30.07 ""Hg",9 mi
New York,New York,USA,February,42 °F,29 °F,36 °F,"3.37""",57%,21 °F,13 mph,"30.06 ""Hg",9 mi
New York,New York,USA,March,50 °F,35 °F,43 °F,"4.25""",57%,27 °F,12 mph,"30.06 ""Hg",9 mi
New York,New York,USA,April,62 °F,45 °F,53 °F,"4.06""",56%,36 °F,11 mph,"30.00 ""Hg",9 mi
New York,New York,USA,May,71 °F,54 °F,63 °F,"4.02""",62%,48 °F,8 mph,"30.00 ""Hg",9 mi
New York,New York,USA,June,80 °F,64 °F,72 °F,"4.50""",65%,59 °F,7 mph,"29.96 ""Hg",9 mi
New York,New York,USA,July,85 °F,70 °F,77 °F,"4.83""",65%,64 °F,6 mph,"29.96 ""Hg",9 mi
New York,New York,USA,August,84 °F,69 °F,76 °F,"4.62""",66%,63 °F,6 mph,"30.00 ""Hg",9 mi
New York,New York,USA,September,76 °F,62 °F,69 °F,"4.53""",67%,57 °F,7 mph,"30.06 ""Hg",9 mi
New York,New York,USA,October,65 °F,51 °F,58 °F,"4.48""",66%,46 °F,8 mph,"30.06 ""Hg",9 mi
New York,New York,USA,November,54 °F,41 °F,48 °F,"3.56""",62%,35 °F,10 mph,"30.11 ""Hg",9 mi
New York,New York,USA,December,45 °F,33 °F,39 °F,"4.27""",62%,27 °F,11 mph,"30.09 ""Hg",9 mi
Almaty,,Kazakhstan,January,33 °F,15 °F,24 °F,"1.20""",83%,16 °F,6 mph,"30.33 ""Hg",3 mi
Almaty,,Kazakhstan,February,37 °F,20 °F,29 °F,"1.46""",81%,21 °F,7 mph,"30.26 ""Hg",3 mi
Almaty,,Kazakhstan,March,50 °F,31 °F,41 °F,"2.24""",72%,31 °F,8 mph,"30.15 ""Hg",5 mi
Almaty,,Kazakhstan,April,64 °F,43 °F,54 °F,"3.12""",61%,39 °F,9 mph,"30.06 ""Hg",6 mi
Almaty,,Kazakhstan,May,74 °F,52 °F,63 °F,"3.27""",57%,47 °F,9 mph,"29.95 ""Hg",7 mi
Almaty,,Kazakhstan,June,83 °F,60 °F,71 °F,"1.98""",50%,51 °F,9 mph,"29.78 ""Hg",7 mi
Almaty,,Kazakhstan,July,87 °F,64 °F,76 °F,"1.80""",45%,52 °F,9 mph,"29.70 ""Hg",7 mi
Almaty,,Kazakhstan,August,86 °F,62 °F,74 °F,"1.15""",45%,49 °F,8 mph,"29.78 ""Hg",7 mi
Almaty,,Kazakhstan,September,77 °F,52 °F,64 °F,"0.85""",47%,42 °F,8 mph,"29.98 ""Hg",7 mi
Almaty,,Kazakhstan,October,63 °F,40 °F,51 °F,"1.44""",63%,36 °F,7 mph,"30.19 ""Hg",6 mi
Almaty,,Kazakhstan,November,47 °F,29 °F,38 °F,"1.78""",78%,28 °F,7 mph,"30.30 ""Hg",4 mi
Almaty,,Kazakhstan,December,36 °F,20 °F,28 °F,"1.47""",84%,20 °F,6 mph,"30.36 ""Hg",3 mi
Hanoi,,Vietnam,January,68 °F,58 °F,63 °F,"1.53""",76%,55 °F,11 mph,"30.09 ""Hg",4 mi
Hanoi,,Vietnam,February,71 °F,61 °F,66 °F,"0.85""",76%,58 °F,13 mph,"30.04 ""Hg",4 mi
Hanoi,,Vietnam,March,76 °F,67 °F,71 °F,"2.15""",82%,65 °F,13 mph,"29.93 ""Hg",4 mi
Hanoi,,Vietnam,April,83 °F,72 °F,77 °F,"4.34""",81%,70 °F,14 mph,"29.85 ""Hg",5 mi
Hanoi,,Vietnam,May,91 °F,78 °F,84 °F,"7.30""",78%,76 °F,14 mph,"29.72 ""Hg",5 mi
Hanoi,,Vietnam,June,94 °F,80 °F,87 °F,"7.71""",74%,77 °F,12 mph,"29.62 ""Hg",5 mi
Hanoi,,Vietnam,July,93 °F,80 °F,86 °F,"11.77""",77%,77 °F,12 mph,"29.62 ""Hg",6 mi
Hanoi,,Vietnam,August,91 °F,79 °F,85 °F,"15.01""",81%,77 °F,11 mph,"29.63 ""Hg",5 mi
Hanoi,,Vietnam,September,90 °F,77 °F,84 °F,"9.60""",78%,75 °F,10 mph,"29.77 ""Hg",5 mi
Hanoi,,Vietnam,October,85 °F,73 °F,79 °F,"6.23""",72%,68 °F,11 mph,"29.92 ""Hg",5 mi
Hanoi,,Vietnam,November,79 °F,68 °F,73 °F,"1.82""",72%,63 °F,11 mph,"30.00 ""Hg",5 mi
Hanoi,,Vietnam,December,71 °F,59 °F,65 °F,"1.11""",68%,54 °F,11 mph,"30.10 ""Hg",4 mi
Oslo,,Norway,January,32 °F,24 °F,28 °F,"2.30""",85%,24 °F,11 mph,"29.81 ""Hg",21 mi
Oslo,,Norway,February,35 °F,26 °F,30 °F,"2.05""",82%,25 °F,11 mph,"29.87 ""Hg",22 mi
Oslo,,Norway,March,44 °F,30 °F,37 °F,"1.48""",69%,26 °F,12 mph,"29.90 ""Hg",28 mi
Oslo,,Norway,April,53 °F,35 °F,44 °F,"1.73""",57%,28 °F,13 mph,"29.92 ""Hg",32 mi
Oslo,,Norway,May,63 °F,45 °F,54 °F,"2.70""",63%,39 °F,13 mph,"29.93 ""Hg",29 mi
Oslo,,Norway,June,70 °F,52 °F,61 °F,"3.46""",64%,47 °F,12 mph,"29.89 ""Hg",30 mi
Oslo,,Norway,July,74 °F,56 °F,65 °F,"3.33""",65%,52 °F,11 mph,"29.86 ""Hg",32 mi
Oslo,,Norway,August,70 °F,54 °F,62 °F,"3.91""",72%,52 °F,11 mph,"29.88 ""Hg",31 mi
Oslo,,Norway,September,63 °F,48 °F,55 °F,"3.52""",75%,47 °F,11 mph,"29.92 ""Hg",30 mi
Oslo,,Norway,October,51 °F,40 °F,45 °F,"3.94""",81%,39 °F,12 mph,"29.90 ""Hg",28 mi
Oslo,,Norway,November,41 °F,33 °F,37 °F,"3.24""",86%,33 °F,11 mph,"29.83 ""Hg",24 mi
Oslo,,Norway,December,35 °F,27 °F,31 °F,"3.11""",87%,27 °F,10 mph,"29.77 ""Hg",22 mi
Amman,,Jordan,January,55 °F,40 °F,48 °F,"2.56""",71%,37 °F,11 mph,"30.08 ""Hg",4 mi
Amman,,Jordan,February,58 °F,42 °F,50 °F,"2.30""",68%,37 °F,12 mph,"30.04 ""Hg",4 mi
Amman,,Jordan,March,64 °F,46 °F,55 °F,"1.95""",60%,39 °F,12 mph,"29.97 ""Hg",4 mi
Amman,,Jordan,April,74 °F,52 °F,63 °F,"1.16""",47%,39 °F,12 mph,"29.90 ""Hg",4 mi
Amman,,Jordan,May,83 °F,60 °F,72 °F,"1.44""",39%,43 °F,13 mph,"29.83 ""Hg",4 mi
Amman,,Jordan,June,88 °F,66 °F,77 °F,"1.10""",39%,48 °F,14 mph,"29.76 ""Hg",4 mi
Amman,,Jordan,July,91 °F,70 °F,81 °F,"0.61""",40%,52 °F,15 mph,"29.68 ""Hg",4 mi
Amman,,Jordan,August,91 °F,70 °F,81 °F,"1.73""",45%,55 °F,12 mph,"29.71 ""Hg",4 mi
Amman,,Jordan,September,88 °F,66 °F,77 °F,"0.92""",50%,54 °F,10 mph,"29.82 ""Hg",4 mi
Amman,,Jordan,October,81 °F,60 °F,71 °F,"0.58""",51%,49 °F,8 mph,"29.93 ""Hg",4 mi
Amman,,Jordan,November,69 °F,51 °F,60 °F,"1.13""",59%,42 °F,8 mph,"30.03 ""Hg",4 mi
Amman,,Jordan,December,59 °F,44 °F,51 °F,"1.51""",68%,39 °F,9 mph,"30.10 ""Hg",4 mi
Harare,,Zimbabwe,January,80 °F,62 °F,71 °F,"6.86""",75%,61 °F,12 mph,"29.97 ""Hg",11 mi
Harare,,Zimbabwe,February,80 °F,62 °F,71 °F,"5.28""",75%,61 °F,12 mph,"29.99 ""Hg",11 mi
Harare,,Zimbabwe,March,80 °F,60 °F,70 °F,"3.80""",73%,59 °F,12 mph,"30.03 ""Hg",11 mi
Harare,,Zimbabwe,April,78 °F,56 °F,67 °F,"1.40""",67%,54 °F,12 mph,"30.10 ""Hg",11 mi
Harare,,Zimbabwe,May,75 °F,50 °F,63 °F,"0.72""",60%,47 °F,11 mph,"30.16 ""Hg",11 mi
Harare,,Zimbabwe,June,71 °F,47 °F,59 °F,"0.34""",59%,43 °F,12 mph,"30.22 ""Hg",11 mi
Harare,,Zimbabwe,July,71 °F,46 °F,58 °F,"0.07""",57%,41 °F,13 mph,"30.24 ""Hg",10 mi
Harare,,Zimbabwe,August,76 °F,49 °F,63 °F,"0.06""",49%,41 °F,14 mph,"30.17 ""Hg",8 mi
Harare,,Zimbabwe,September,82 °F,55 °F,69 °F,"0.09""",44%,43 °F,16 mph,"30.10 ""Hg",6 mi
Harare,,Zimbabwe,October,85 °F,59 °F,72 °F,"1.03""",48%,49 °F,17 mph,"30.04 ""Hg",8 mi
Harare,,Zimbabwe,November,84 °F,62 °F,73 °F,"3.11""",59%,55 °F,16 mph,"30.01 ""Hg",10 mi
Harare,,Zimbabwe,December,81 °F,62 °F,71 °F,"7.17""",72%,60 °F,13 mph,"29.99 ""Hg",10 mi
Ottawa,Ontario,Canada,January,23 °F,6 °F,15 °F,"2.64""",75%,8 °F,17 mph,"30.03 ""Hg",12 mi
Ottawa,Ontario,Canada,February,26 °F,9 °F,17 °F,"2.14""",70%,10 °F,17 mph,"30.03 ""Hg",12 mi
Ottawa,Ontario,Canada,March,36 °F,20 °F,28 °F,"2.51""",66%,18 °F,17 mph,"30.03 ""Hg",13 mi
Ottawa,Ontario,Canada,April,52 °F,33 °F,42 °F,"3.11""",61%,29 °F,18 mph,"29.97 ""Hg",15 mi
Ottawa,Ontario,Canada,May,67 °F,45 °F,56 °F,"2.96""",62%,42 °F,16 mph,"29.97 ""Hg",15 mi
Ottawa,Ontario,Canada,June,76 °F,55 °F,66 °F,"3.91""",69%,54 °F,14 mph,"29.92 ""Hg",14 mi
Ottawa,Ontario,Canada,July,80 °F,60 °F,70 °F,"3.76""",70%,59 °F,13 mph,"29.92 ""Hg",15 mi
Ottawa,Ontario,Canada,August,79 °F,58 °F,68 °F,"3.21""",73%,58 °F,12 mph,"29.98 ""Hg",14 mi
Ottawa,Ontario,Canada,September,70 °F,50 °F,60 °F,"3.41""",75%,52 °F,13 mph,"30.03 ""Hg",14 mi
Ottawa,Ontario,Canada,October,56 °F,39 °F,47 °F,"3.42""",76%,39 °F,15 mph,"30.02 ""Hg",14 mi
Ottawa,Ontario,Canada,November,42 °F,27 °F,35 °F,"2.77""",77%,28 °F,16 mph,"30.04 ""Hg",13 mi
Ottawa,Ontario,Canada,December,30 °F,16 °F,23 °F,"2.86""",79%,17 °F,17 mph,"30.03 ""Hg",11 mi
Amsterdam,,Netherlands,January,44 °F,34 °F,39 °F,"2.73""",88%,36 °F,24 mph,"30.00 ""Hg",7 mi
Amsterdam,,Netherlands,February,45 °F,34 °F,40 °F,"2.34""",86%,36 °F,23 mph,"30.00 ""Hg",7 mi
Amsterdam,,Netherlands,March,50 °F,37 °F,44 °F,"2.14""",82%,38 °F,22 mph,"30.00 ""Hg",7 mi
Amsterdam,,Netherlands,April,57 °F,41 °F,49 °F,"1.64""",76%,41 °F,19 mph,"29.97 ""Hg",9 mi
Amsterdam,,Netherlands,May,64 °F,47 °F,56 °F,"2.47""",75%,47 °F,19 mph,"29.99 ""Hg",10 mi
Amsterdam,,Netherlands,June,69 °F,53 °F,61 °F,"2.73""",76%,53 °F,18 mph,"30.02 ""Hg",10 mi
Amsterdam,,Netherlands,July,72 °F,56 °F,64 °F,"3.08""",78%,57 °F,17 mph,"29.98 ""Hg",10 mi
Amsterdam,,Netherlands,August,72 °F,56 °F,64 °F,"4.05""",79%,57 °F,17 mph,"29.97 ""Hg",10 mi
Amsterdam,,Netherlands,September,67 °F,52 °F,59 °F,"3.06""",82%,53 °F,17 mph,"30.00 ""Hg",9 mi
Amsterdam,,Netherlands,October,59 °F,46 °F,52 °F,"3.55""",85%,48 °F,20 mph,"29.96 ""Hg",8 mi
Amsterdam,,Netherlands,November,50 °F,40 °F,45 °F,"3.30""",89%,42 °F,20 mph,"29.93 ""Hg",7 mi
Amsterdam,,Netherlands,December,45 °F,35 °F,40 °F,"3.23""",89%,38 °F,22 mph,"29.96 ""Hg",7 mi
Havana,,Cuba,January,79 °F,61 °F,70 °F,"1.28""",78%,62 °F,14 mph,"30.09 ""Hg",5 mi
Havana,,Cuba,February,81 °F,62 °F,72 °F,"1.16""",77%,63 °F,14 mph,"30.07 ""Hg",5 mi
Havana,,Cuba,March,83 °F,63 °F,73 °F,"1.10""",74%,63 °F,15 mph,"30.05 ""Hg",5 mi
Havana,,Cuba,April,86 °F,67 °F,76 °F,"1.28""",72%,66 °F,15 mph,"30.01 ""Hg",5 mi
Havana,,Cuba,May,88 °F,70 °F,79 °F,"3.12""",76%,70 °F,13 mph,"29.98 ""Hg",5 mi
Havana,,Cuba,June,89 °F,73 °F,81 °F,"4.57""",81%,73 °F,11 mph,"30.00 ""Hg",5 mi
Havana,,Cuba,July,90 °F,73 °F,82 °F,"3.95""",80%,73 °F,11 mph,"30.03 ""Hg",5 mi
Havana,,Cuba,August,90 °F,73 °F,82 °F,"4.78""",81%,74 °F,10 mph,"29.99 ""Hg",5 mi
Havana,,Cuba,September,89 °F,73 °F,81 °F,"5.12""",83%,74 °F,10 mph,"29.95 ""Hg",5 mi
Havana,,Cuba,October,86 °F,71 °F,79 °F,"4.53""",82%,72 °F,12 mph,"29.95 ""Hg",5 mi
Havana,,Cuba,November,83 °F,66 °F,74 °F,"2.37""",80%,67 °F,13 mph,"30.02 ""Hg",5 mi
Havana,,Cuba,December,81 °F,63 °F,72 °F,"1.36""",80%,65 °F,13 mph,"30.07 ""Hg",5 mi
Paris,Paris,France,January,45 °F,35 °F,40 °F,"1.84""",87%,37 °F,16 mph,"30.05 ""Hg",6 mi
Paris,Paris,France,February,47 °F,35 °F,41 °F,"1.74""",78%,34 °F,17 mph,"30.05 ""Hg",6 mi
Paris,Paris,France,March,54 °F,39 °F,46 °F,"1.67""",72%,37 °F,16 mph,"30.03 ""Hg",6 mi
Paris,Paris,France,April,61 °F,42 °F,51 °F,"1.35""",65%,39 °F,15 mph,"29.99 ""Hg",8 mi
Paris,Paris,France,May,66 °F,46 °F,56 °F,"2.79""",71%,47 °F,15 mph,"30.00 ""Hg",8 mi
Paris,Paris,France,June,74 °F,53 °F,64 °F,"2.43""",70%,53 °F,14 mph,"30.02 ""Hg",8 mi
Paris,Paris,France,July,79 °F,58 °F,68 °F,"1.57""",64%,55 °F,14 mph,"30.02 ""Hg",9 mi
Paris,Paris,France,August,78 °F,56 °F,67 °F,"1.77""",66%,55 °F,13 mph,"30.02 ""Hg",9 mi
Paris,Paris,France,September,71 °F,51 °F,61 °F,"1.81""",71%,52 °F,12 mph,"30.06 ""Hg",8 mi
Paris,Paris,France,October,61 °F,47 °F,54 °F,"2.13""",82%,49 °F,14 mph,"30.02 ""Hg",7 mi
Paris,Paris,France,November,51 °F,40 °F,46 °F,"2.10""",87%,42 °F,14 mph,"29.99 ""Hg",6 mi
Paris,Paris,France,December,48 °F,37 °F,42 °F,"2.54""",88%,39 °F,16 mph,"30.08 ""Hg",6 mi
Anadyr,,Russia,January,-1 °F,-15 °F,-8 °F,"1.61""",81%,-12 °F,26 mph,"29.99 ""Hg",13 mi
Anadyr,,Russia,February,1 °F,-13 °F,-6 °F,"1.84""",81%,-10 °F,28 mph,"29.95 ""Hg",12 mi
Anadyr,,Russia,March,6 °F,-8 °F,-1 °F,"1.46""",81%,-5 °F,26 mph,"30.03 ""Hg",14 mi
Anadyr,,Russia,April,18 °F,4 °F,11 °F,"0.93""",82%,7 °F,22 mph,"30.00 ""Hg",15 mi
Anadyr,,Russia,May,36 °F,25 °F,31 °F,"0.47""",82%,26 °F,21 mph,"29.95 ""Hg",14 mi
Anadyr,,Russia,June,53 °F,39 °F,46 °F,"0.60""",75%,38 °F,23 mph,"29.86 ""Hg",15 mi
Anadyr,,Russia,July,61 °F,48 °F,54 °F,"1.45""",78%,47 °F,23 mph,"29.81 ""Hg",15 mi
Anadyr,,Russia,August,57 °F,45 °F,51 °F,"1.76""",80%,45 °F,22 mph,"29.82 ""Hg",14 mi
Anadyr,,Russia,September,47 °F,36 °F,42 °F,"1.30""",79%,36 °F,21 mph,"29.83 ""Hg",14 mi
Anadyr,,Russia,October,30 °F,21 °F,25 °F,"1.06""",85%,21 °F,24 mph,"29.85 ""Hg",13 mi
Anadyr,,Russia,November,17 °F,5 °F,11 °F,"1.31""",85%,7 °F,30 mph,"29.85 ""Hg",12 mi
Anadyr,,Russia,December,4 °F,-10 °F,-3 °F,"1.38""",82%,-7 °F,29 mph,"29.90 ""Hg",12 mi
Helsinki,,Finland,January,31 °F,21 °F,26 °F,"1.95""",89%,23 °F,15 mph,"29.83 ""Hg",6 mi
Helsinki,,Finland,February,30 °F,19 °F,25 °F,"1.54""",87%,21 °F,14 mph,"29.87 ""Hg",6 mi
Helsinki,,Finland,March,36 °F,24 °F,30 °F,"1.26""",80%,24 °F,14 mph,"29.87 ""Hg",7 mi
Helsinki,,Finland,April,47 °F,32 °F,40 °F,"1.22""",70%,30 °F,14 mph,"29.92 ""Hg",7 mi
Helsinki,,Finland,May,59 °F,41 °F,50 °F,"1.36""",64%,38 °F,14 mph,"29.95 ""Hg",8 mi
Helsinki,,Finland,June,67 °F,50 °F,58 °F,"1.95""",68%,48 °F,14 mph,"29.88 ""Hg",8 mi
Helsinki,,Finland,July,72 °F,56 °F,64 °F,"2.12""",71%,54 °F,13 mph,"29.87 ""Hg",8 mi
Helsinki,,Finland,August,69 °F,53 °F,61 °F,"3.02""",76%,53 °F,12 mph,"29.90 ""Hg",7 mi
Helsinki,,Finland,September,60 °F,46 °F,53 °F,"2.05""",82%,47 °F,13 mph,"29.94 ""Hg",7 mi
Helsinki,,Finland,October,48 °F,38 °F,43 °F,"2.74""",86%,39 °F,14 mph,"29.91 ""Hg",7 mi
Helsinki,,Finland,November,39 °F,31 °F,35 °F,"2.42""",89%,32 °F,14 mph,"29.89 ""Hg",6 mi
Helsinki,,Finland,December,34 °F,25 °F,30 °F,"2.38""",89%,27 °F,15 mph,"29.83 ""Hg",6 mi
Perth,Western Australia,Australia,January,90 °F,64 °F,77 °F,"0.62""",49%,53 °F,23 mph,"29.88 ""Hg",11 mi
Perth,Western Australia,Australia,February,90 °F,64 °F,77 °F,"0.68""",50%,54 °F,22 mph,"29.89 ""Hg",11 mi
Perth,Western Australia,Australia,March,86 °F,62 °F,74 °F,"0.75""",53%,53 °F,21 mph,"29.98 ""Hg",11 mi
Perth,Western Australia,Australia,April,79 °F,56 °F,68 °F,"1.18""",62%,51 °F,17 mph,"30.06 ""Hg",11 mi
Perth,Western Australia,Australia,May,72 °F,51 °F,62 °F,"3.22""",69%,49 °F,15 mph,"30.10 ""Hg",10 mi
Perth,Western Australia,Australia,June,67 °F,48 °F,58 °F,"4.68""",74%,47 °F,16 mph,"30.12 ""Hg",10 mi
Perth,Western Australia,Australia,July,65 °F,47 °F,56 °F,"5.54""",76%,47 °F,16 mph,"30.12 ""Hg",9 mi
Perth,Western Australia,Australia,August,66 °F,47 °F,57 °F,"4.75""",75%,47 °F,16 mph,"30.12 ""Hg",9 mi
Perth,Western Australia,Australia,September,69 °F,48 °F,59 °F,"3.08""",71%,47 °F,17 mph,"30.07 ""Hg",10 mi
Perth,Western Australia,Australia,October,74 °F,51 °F,63 °F,"1.40""",64%,48 °F,19 mph,"30.04 ""Hg",10 mi
Perth,Western Australia,Australia,November,81 °F,56 °F,68 °F,"1.05""",57%,50 °F,21 mph,"29.96 ""Hg",10 mi
Perth,Western Australia,Australia,December,86 °F,60 °F,73 °F,"0.34""",51%,51 °F,23 mph,"29.91 ""Hg",11 mi
Anchorage,Alaska,USA,January,23 °F,11 °F,17 °F,"0.63""",78%,12 °F,7 mph,"29.92 ""Hg",9 mi
Anchorage,Alaska,USA,February,28 °F,15 °F,21 °F,"0.68""",77%,15 °F,7 mph,"30.03 ""Hg",9 mi
Anchorage,Alaska,USA,March,34 °F,18 °F,26 °F,"0.54""",66%,16 °F,8 mph,"30.01 ""Hg",10 mi
Anchorage,Alaska,USA,April,46 °F,30 °F,38 °F,"0.39""",62%,26 °F,7 mph,"29.92 ""Hg",10 mi
Anchorage,Alaska,USA,May,58 °F,42 °F,50 °F,"0.66""",57%,35 °F,8 mph,"29.95 ""Hg",10 mi
Anchorage,Alaska,USA,June,65 °F,50 °F,58 °F,"0.95""",62%,44 °F,9 mph,"29.93 ""Hg",12 mi
Anchorage,Alaska,USA,July,68 °F,54 °F,61 °F,"1.74""",68%,50 °F,7 mph,"29.96 ""Hg",10 mi
Anchorage,Alaska,USA,August,65 °F,52 °F,59 °F,"2.87""",72%,49 °F,6 mph,"29.91 ""Hg",10 mi
Anchorage,Alaska,USA,September,57 °F,44 °F,50 °F,"3.02""",73%,42 °F,7 mph,"29.85 ""Hg",10 mi
Anchorage,Alaska,USA,October,43 °F,32 °F,38 °F,"1.75""",74%,30 °F,7 mph,"29.90 ""Hg",10 mi
Anchorage,Alaska,USA,November,29 °F,19 °F,24 °F,"0.97""",78%,18 °F,8 mph,"29.91 ""Hg",9 mi
Anchorage,Alaska,USA,December,25 °F,14 °F,19 °F,"0.95""",80%,14 °F,7 mph,"30.01 ""Hg",9 mi
Hong Kong,,Hong Kong,January,68 °F,58 °F,63 °F,"1.10""",67%,51 °F,18 mph,"30.13 ""Hg",5 mi
Hong Kong,,Hong Kong,February,69 °F,60 °F,65 °F,"1.21""",73%,55 °F,18 mph,"30.08 ""Hg",6 mi
Hong Kong,,Hong Kong,March,74 °F,64 °F,69 °F,"2.08""",76%,60 °F,19 mph,"30.00 ""Hg",6 mi
Hong Kong,,Hong Kong,April,80 °F,71 °F,76 °F,"3.12""",77%,67 °F,19 mph,"29.91 ""Hg",6 mi
Hong Kong,,Hong Kong,May,86 °F,77 °F,82 °F,"6.32""",76%,73 °F,18 mph,"29.80 ""Hg",7 mi
Hong Kong,,Hong Kong,June,89 °F,81 °F,85 °F,"8.56""",76%,76 °F,18 mph,"29.71 ""Hg",7 mi
Hong Kong,,Hong Kong,July,91 °F,81 °F,86 °F,"7.49""",75%,77 °F,18 mph,"29.70 ""Hg",7 mi
Hong Kong,,Hong Kong,August,91 °F,81 °F,86 °F,"8.95""",75%,76 °F,16 mph,"29.69 ""Hg",7 mi
Hong Kong,,Hong Kong,September,89 °F,80 °F,85 °F,"5.75""",72%,74 °F,17 mph,"29.79 ""Hg",7 mi
Hong Kong,,Hong Kong,October,85 °F,76 °F,80 °F,"1.51""",66%,67 °F,18 mph,"29.95 ""Hg",6 mi
Hong Kong,,Hong Kong,November,79 °F,69 °F,74 °F,"1.07""",65%,60 °F,18 mph,"30.04 ""Hg",6 mi
Hong Kong,,Hong Kong,December,71 °F,61 °F,66 °F,"1.04""",63%,52 °F,17 mph,"30.13 ""Hg",6 mi
Philadelphia,Pennsylvania,USA,January,41 °F,27 °F,34 °F,"3.03""",63%,22 °F,16 mph,"30.10 ""Hg",9 mi
Philadelphia,Pennsylvania,USA,February,44 °F,28 °F,36 °F,"2.90""",60%,23 °F,17 mph,"30.09 ""Hg",9 mi
Philadelphia,Pennsylvania,USA,March,53 °F,35 °F,44 °F,"3.98""",58%,29 °F,17 mph,"30.08 ""Hg",9 mi
Philadelphia,Pennsylvania,USA,April,64 °F,45 °F,55 °F,"3.48""",57%,39 °F,17 mph,"30.00 ""Hg",9 mi
Philadelphia,Pennsylvania,USA,May,74 °F,55 °F,64 °F,"3.41""",62%,50 °F,14 mph,"30.01 ""Hg",9 mi
Philadelphia,Pennsylvania,USA,June,83 °F,65 °F,74 °F,"4.04""",64%,61 °F,14 mph,"29.97 ""Hg",9 mi
Philadelphia,Pennsylvania,USA,July,88 °F,70 °F,79 °F,"4.47""",64%,65 °F,13 mph,"29.97 ""Hg",9 mi
Philadelphia,Pennsylvania,USA,August,86 °F,69 °F,77 °F,"4.38""",66%,64 °F,12 mph,"30.01 ""Hg",9 mi
Philadelphia,Pennsylvania,USA,September,79 °F,62 °F,70 °F,"4.44""",67%,59 °F,13 mph,"30.06 ""Hg",9 mi
Philadelphia,Pennsylvania,USA,October,67 °F,50 °F,59 °F,"3.56""",67%,47 °F,14 mph,"30.08 ""Hg",9 mi
Philadelphia,Pennsylvania,USA,November,56 °F,39 °F,48 °F,"2.88""",64%,35 °F,15 mph,"30.13 ""Hg",9 mi
Philadelphia,Pennsylvania,USA,December,46 °F,32 °F,39 °F,"3.85""",65%,28 °F,15 mph,"30.12 ""Hg",9 mi
Ankara,,Turkey,January,41 °F,26 °F,33 °F,"1.39""",80%,27 °F,7 mph,"30.13 ""Hg",5 mi
Ankara,,Turkey,February,46 °F,28 °F,37 °F,"1.26""",73%,28 °F,9 mph,"30.08 ""Hg",6 mi
Ankara,,Turkey,March,54 °F,33 °F,43 °F,"1.76""",64%,31 °F,10 mph,"29.99 ""Hg",7 mi
Ankara,,Turkey,April,63 °F,41 °F,52 °F,"1.74""",59%,37 °F,10 mph,"29.93 ""Hg",7 mi
Ankara,,Turkey,May,73 °F,49 °F,61 °F,"2.29""",57%,44 °F,10 mph,"29.91 ""Hg",7 mi
Ankara,,Turkey,June,81 °F,56 °F,68 °F,"2.19""",53%,49 °F,11 mph,"29.88 ""Hg",7 mi
Ankara,,Turkey,July,88 °F,62 °F,75 °F,"0.71""",43%,50 °F,11 mph,"29.82 ""Hg",7 mi
Ankara,,Turkey,August,88 °F,62 °F,75 °F,"0.65""",43%,50 °F,11 mph,"29.86 ""Hg",7 mi
Ankara,,Turkey,September,80 °F,53 °F,66 °F,"0.90""",49%,45 °F,9 mph,"29.95 ""Hg",7 mi
Ankara,,Turkey,October,69 °F,44 °F,56 °F,"0.96""",62%,41 °F,7 mph,"30.08 ""Hg",7 mi
Ankara,,Turkey,November,56 °F,33 °F,45 °F,"1.11""",73%,35 °F,6 mph,"30.14 ""Hg",6 mi
Ankara,,Turkey,December,44 °F,29 °F,37 °F,"1.41""",80%,31 °F,7 mph,"30.16 ""Hg",6 mi
Honolulu,Hawaii,USA,January,81 °F,67 °F,74 °F,"1.95""",71%,63 °F,14 mph,"30.01 ""Hg",11 mi
Honolulu,Hawaii,USA,February,81 °F,67 °F,74 °F,"2.05""",68%,62 °F,15 mph,"30.03 ""Hg",10 mi
Honolulu,Hawaii,USA,March,81 °F,68 °F,75 °F,"2.35""",67%,63 °F,16 mph,"30.05 ""Hg",10 mi
Honolulu,Hawaii,USA,April,83 °F,70 °F,77 °F,"0.83""",65%,64 °F,19 mph,"30.06 ""Hg",11 mi
Honolulu,Hawaii,USA,May,85 °F,72 °F,78 °F,"0.89""",64%,65 °F,18 mph,"30.04 ""Hg",11 mi
Honolulu,Hawaii,USA,June,87 °F,74 °F,80 °F,"0.57""",62%,66 °F,21 mph,"30.03 ""Hg",11 mi
Honolulu,Hawaii,USA,July,88 °F,75 °F,82 °F,"0.59""",62%,67 °F,22 mph,"30.02 ""Hg",11 mi
Honolulu,Hawaii,USA,August,89 °F,76 °F,82 °F,"0.94""",62%,67 °F,21 mph,"30.00 ""Hg",11 mi
Honolulu,Hawaii,USA,September,88 °F,75 °F,82 °F,"0.89""",64%,68 °F,18 mph,"29.98 ""Hg",11 mi
Honolulu,Hawaii,USA,October,87 °F,74 °F,80 °F,"1.46""",66%,68 °F,17 mph,"29.98 ""Hg",11 mi
Honolulu,Hawaii,USA,November,84 °F,72 °F,78 °F,"2.26""",68%,66 °F,16 mph,"30.00 ""Hg",10 mi
Honolulu,Hawaii,USA,December,82 °F,69 °F,76 °F,"2.55""",70%,65 °F,15 mph,"30.02 ""Hg",10 mi
Phoenix,Arizona,USA,January,68 °F,46 °F,57 °F,"0.88""",42%,32 °F,6 mph,"30.05 ""Hg",11 mi
Phoenix,Arizona,USA,February,71 °F,49 °F,60 °F,"0.87""",39%,33 °F,7 mph,"29.99 ""Hg",11 mi
Phoenix,Arizona,USA,March,79 °F,54 °F,66 °F,"0.78""",32%,33 °F,7 mph,"29.92 ""Hg",10 mi
Phoenix,Arizona,USA,April,86 °F,61 °F,73 °F,"0.23""",22%,31 °F,8 mph,"29.84 ""Hg",10 mi
Phoenix,Arizona,USA,May,95 °F,69 °F,82 °F,"0.13""",18%,34 °F,8 mph,"29.78 ""Hg",10 mi
Phoenix,Arizona,USA,June,105 °F,79 °F,92 °F,"0.03""",15%,37 °F,8 mph,"29.73 ""Hg",10 mi
Phoenix,Arizona,USA,July,107 °F,84 °F,96 °F,"0.98""",27%,55 °F,8 mph,"29.78 ""Hg",10 mi
Phoenix,Arizona,USA,August,105 °F,83 °F,94 °F,"1.00""",32%,59 °F,7 mph,"29.78 ""Hg",10 mi
Phoenix,Arizona,USA,September,101 °F,78 °F,89 °F,"0.59""",29%,52 °F,7 mph,"29.78 ""Hg",10 mi
Phoenix,Arizona,USA,October,90 °F,65 °F,77 °F,"0.53""",28%,41 °F,6 mph,"29.86 ""Hg",10 mi
Phoenix,Arizona,USA,November,77 °F,54 °F,65 °F,"0.54""",33%,34 °F,6 mph,"29.98 ""Hg",10 mi
Phoenix,Arizona,USA,December,67 °F,45 °F,56 °F,"0.74""",43%,32 °F,6 mph,"30.04 ""Hg",10 mi
Antananarivo,,Madagascar,January,82 °F,63 °F,72 °F,"13.33""",82%,64 °F,11 mph,"29.99 ""Hg",8 mi
Antananarivo,,Madagascar,February,81 °F,63 °F,72 °F,"11.27""",82%,64 °F,11 mph,"29.98 ""Hg",9 mi
Antananarivo,,Madagascar,March,81 °F,63 °F,72 °F,"8.36""",81%,63 °F,11 mph,"30.02 ""Hg",9 mi
Antananarivo,,Madagascar,April,80 °F,60 °F,70 °F,"2.85""",79%,61 °F,10 mph,"30.08 ""Hg",10 mi
Antananarivo,,Madagascar,May,76 °F,56 °F,66 °F,"1.36""",80%,57 °F,9 mph,"30.14 ""Hg",9 mi
Antananarivo,,Madagascar,June,72 °F,51 °F,61 °F,"0.32""",80%,53 °F,10 mph,"30.20 ""Hg",9 mi
Antananarivo,,Madagascar,July,70 °F,50 °F,60 °F,"0.43""",79%,51 °F,12 mph,"30.23 ""Hg",9 mi
Antananarivo,,Madagascar,August,73 °F,50 °F,61 °F,"0.30""",76%,51 °F,12 mph,"30.22 ""Hg",9 mi
Antananarivo,,Madagascar,September,77 °F,52 °F,65 °F,"0.64""",71%,52 °F,13 mph,"30.19 ""Hg",10 mi
Antananarivo,,Madagascar,October,81 °F,56 °F,69 °F,"2.19""",70%,56 °F,13 mph,"30.13 ""Hg",9 mi
Antananarivo,,Madagascar,November,83 °F,60 °F,71 °F,"6.24""",73%,59 °F,11 mph,"30.07 ""Hg",8 mi
Antananarivo,,Madagascar,December,83 °F,62 °F,72 °F,"11.06""",78%,63 °F,11 mph,"30.03 ""Hg",8 mi
Houston,Texas,USA,January,64 °F,46 °F,55 °F,"3.85""",71%,45 °F,15 mph,"30.15 ""Hg",9 mi
Houston,Texas,USA,February,68 °F,50 °F,59 °F,"2.87""",72%,49 °F,15 mph,"30.10 ""Hg",9 mi
Houston,Texas,USA,March,74 °F,56 °F,65 °F,"3.30""",71%,55 °F,15 mph,"30.05 ""Hg",9 mi
Houston,Texas,USA,April,80 °F,62 °F,71 °F,"3.81""",71%,60 °F,15 mph,"29.98 ""Hg",10 mi
Houston,Texas,USA,May,86 °F,69 °F,78 °F,"5.50""",72%,67 °F,14 mph,"29.96 ""Hg",10 mi
Houston,Texas,USA,June,91 °F,75 °F,83 °F,"5.94""",72%,73 °F,11 mph,"29.94 ""Hg",10 mi
Houston,Texas,USA,July,93 °F,76 °F,85 °F,"4.78""",71%,74 °F,10 mph,"30.00 ""Hg",10 mi
Houston,Texas,USA,August,94 °F,77 °F,85 °F,"5.31""",70%,74 °F,9 mph,"29.98 ""Hg",10 mi
Houston,Texas,USA,September,90 °F,73 °F,81 °F,"5.48""",70%,70 °F,10 mph,"29.97 ""Hg",10 mi
Houston,Texas,USA,October,83 °F,64 °F,73 °F,"5.80""",69%,62 °F,12 mph,"30.03 ""Hg",10 mi
Houston,Texas,USA,November,73 °F,54 °F,64 °F,"3.76""",72%,54 °F,13 mph,"30.12 ""Hg",10 mi
Houston,Texas,USA,December,66 °F,48 °F,57 °F,"4.19""",73%,48 °F,14 mph,"30.13 ""Hg",9 mi
Prague,,Czechia,January,35 °F,26 °F,30 °F,"2.10""",86%,27 °F,18 mph,"30.10 ""Hg",8 mi
Prague,,Czechia,February,39 °F,27 °F,33 °F,"1.40""",81%,28 °F,18 mph,"30.08 ""Hg",9 mi
Prague,,Czechia,March,47 °F,32 °F,39 °F,"1.22""",76%,31 °F,18 mph,"30.04 ""Hg",10 mi
Prague,,Czechia,April,58 °F,38 °F,48 °F,"1.11""",67%,37 °F,16 mph,"29.97 ""Hg",12 mi
Prague,,Czechia,May,66 °F,46 °F,56 °F,"2.42""",70%,46 °F,15 mph,"29.99 ""Hg",13 mi
Prague,,Czechia,June,72 °F,52 °F,62 °F,"2.65""",71%,52 °F,14 mph,"30.00 ""Hg",14 mi
Prague,,Czechia,July,76 °F,55 °F,66 °F,"2.91""",69%,54 °F,15 mph,"29.98 ""Hg",14 mi
Prague,,Czechia,August,76 °F,55 °F,65 °F,"2.56""",69%,54 °F,14 mph,"30.00 ""Hg",14 mi
Prague,,Czechia,September,66 °F,48 °F,57 °F,"1.59""",76%,49 °F,14 mph,"30.04 ""Hg",12 mi
Prague,,Czechia,October,55 °F,41 °F,48 °F,"1.34""",83%,42 °F,15 mph,"30.07 ""Hg",9 mi
Prague,,Czechia,November,44 °F,34 °F,39 °F,"1.13""",88%,35 °F,15 mph,"30.04 ""Hg",7 mi
Prague,,Czechia,December,37 °F,28 °F,33 °F,"1.21""",87%,30 °F,17 mph,"30.09 ""Hg",8 mi
Asuncion,,Paraguay,January,95 °F,73 °F,84 °F,"5.28""",69%,70 °F,13 mph,"29.79 ""Hg",8 mi
Asuncion,,Paraguay,February,93 °F,72 °F,83 °F,"5.88""",71%,70 °F,13 mph,"29.82 ""Hg",8 mi
Asuncion,,Paraguay,March,91 °F,70 °F,81 °F,"5.07""",72%,68 °F,12 mph,"29.86 ""Hg",8 mi
Asuncion,,Paraguay,April,87 °F,66 °F,76 °F,"5.68""",75%,65 °F,12 mph,"29.92 ""Hg",8 mi
Asuncion,,Paraguay,May,79 °F,59 °F,69 °F,"4.92""",78%,59 °F,13 mph,"30.00 ""Hg",8 mi
Asuncion,,Paraguay,June,77 °F,57 °F,67 °F,"2.87""",77%,57 °F,14 mph,"30.01 ""Hg",7 mi
Asuncion,,Paraguay,July,77 °F,54 °F,66 °F,"1.98""",70%,53 °F,15 mph,"30.04 ""Hg",7 mi
Asuncion,,Paraguay,August,82 °F,57 °F,70 °F,"1.49""",63%,54 °F,17 mph,"30.00 ""Hg",7 mi
Asuncion,,Paraguay,September,85 °F,61 °F,73 °F,"2.52""",62%,56 °F,17 mph,"29.94 ""Hg",7 mi
Asuncion,,Paraguay,October,89 °F,66 °F,78 °F,"5.52""",68%,63 °F,17 mph,"29.86 ""Hg",8 mi
Asuncion,,Paraguay,November,90 °F,68 °F,79 °F,"6.97""",67%,65 °F,15 mph,"29.82 ""Hg",8 mi
Asuncion,,Paraguay,December,93 °F,72 °F,82 °F,"6.00""",69%,69 °F,14 mph,"29.79 ""Hg",8 mi
Indianapolis,Indiana,USA,January,36 °F,21 °F,29 °F,"3.14""",77%,22 °F,18 mph,"30.13 ""Hg",8 mi
Indianapolis,Indiana,USA,February,41 °F,24 °F,33 °F,"2.49""",72%,24 °F,18 mph,"30.11 ""Hg",8 mi
Indianapolis,Indiana,USA,March,52 °F,33 °F,42 °F,"3.60""",66%,31 °F,18 mph,"30.08 ""Hg",9 mi
Indianapolis,Indiana,USA,April,64 °F,43 °F,53 °F,"4.34""",63%,40 °F,18 mph,"29.98 ""Hg",9 mi
Indianapolis,Indiana,USA,May,74 °F,54 °F,64 °F,"4.73""",67%,52 °F,15 mph,"29.99 ""Hg",9 mi
Indianapolis,Indiana,USA,June,82 °F,63 °F,73 °F,"5.19""",68%,61 °F,13 mph,"29.96 ""Hg",9 mi
Indianapolis,Indiana,USA,July,85 °F,67 °F,76 °F,"4.59""",70%,65 °F,12 mph,"29.99 ""Hg",9 mi
Indianapolis,Indiana,USA,August,85 °F,65 °F,75 °F,"3.15""",69%,64 °F,11 mph,"30.01 ""Hg",9 mi
Indianapolis,Indiana,USA,September,78 °F,58 °F,68 °F,"3.30""",67%,56 °F,12 mph,"30.04 ""Hg",9 mi
Indianapolis,Indiana,USA,October,66 °F,46 °F,56 °F,"3.31""",68%,45 °F,15 mph,"30.07 ""Hg",10 mi
Indianapolis,Indiana,USA,November,52 °F,35 °F,43 °F,"3.39""",71%,34 °F,17 mph,"30.12 ""Hg",9 mi
Indianapolis,Indiana,USA,December,41 °F,26 °F,34 °F,"3.03""",77%,27 °F,17 mph,"30.12 ""Hg",8 mi
Reykjavik,,Iceland,January,38 °F,29 °F,33 °F,"3.89""",79%,27 °F,24 mph,"29.47 ""Hg",12 mi
Reykjavik,,Iceland,February,38 °F,29 °F,33 °F,"3.86""",77%,26 °F,25 mph,"29.50 ""Hg",11 mi
Reykjavik,,Iceland,March,39 °F,30 °F,35 °F,"3.81""",76%,27 °F,24 mph,"29.63 ""Hg",12 mi
Reykjavik,,Iceland,April,44 °F,34 °F,39 °F,"2.85""",73%,31 °F,23 mph,"29.82 ""Hg",12 mi
Reykjavik,,Iceland,May,49 °F,39 °F,44 °F,"2.37""",72%,35 °F,20 mph,"29.92 ""Hg",13 mi
Reykjavik,,Iceland,June,55 °F,45 °F,50 °F,"2.05""",76%,42 °F,18 mph,"29.90 ""Hg",13 mi
Reykjavik,,Iceland,July,58 °F,49 °F,53 °F,"2.55""",79%,46 °F,16 mph,"29.81 ""Hg",13 mi
Reykjavik,,Iceland,August,57 °F,48 °F,52 °F,"3.21""",80%,46 °F,17 mph,"29.77 ""Hg",13 mi
Reykjavik,,Iceland,September,52 °F,43 °F,48 °F,"3.99""",79%,41 °F,21 mph,"29.68 ""Hg",12 mi
Reykjavik,,Iceland,October,45 °F,37 °F,41 °F,"3.38""",77%,34 °F,21 mph,"29.65 ""Hg",13 mi
Reykjavik,,Iceland,November,40 °F,32 °F,36 °F,"3.80""",78%,30 °F,23 mph,"29.57 ""Hg",13 mi
Reykjavik,,Iceland,December,38 °F,29 °F,34 °F,"4.29""",79%,27 °F,24 mph,"29.51 ""Hg",12 mi
Athens,,Greece,January,57 °F,44 °F,50 °F,"2.04""",68%,40 °F,8 mph,"30.03 ""Hg",7 mi
Athens,,Greece,February,59 °F,46 °F,53 °F,"1.67""",69%,42 °F,9 mph,"30.04 ""Hg",7 mi
Athens,,Greece,March,64 °F,49 °F,56 °F,"1.64""",63%,43 °F,9 mph,"29.98 ""Hg",7 mi
Athens,,Greece,April,71 °F,55 °F,63 °F,"0.99""",56%,47 °F,8 mph,"29.96 ""Hg",7 mi
Athens,,Greece,May,79 °F,63 °F,71 °F,"0.73""",54%,53 °F,8 mph,"29.91 ""Hg",7 mi
Athens,,Greece,June,87 °F,70 °F,79 °F,"0.72""",49%,57 °F,10 mph,"29.89 ""Hg",7 mi
Athens,,Greece,July,93 °F,76 °F,84 °F,"0.26""",41%,57 °F,11 mph,"29.85 ""Hg",7 mi
Athens,,Greece,August,93 °F,76 °F,85 °F,"0.21""",39%,56 °F,12 mph,"29.87 ""Hg",7 mi
Athens,,Greece,September,85 °F,70 °F,77 °F,"0.85""",51%,57 °F,10 mph,"29.95 ""Hg",7 mi
Athens,,Greece,October,76 °F,62 °F,69 °F,"1.12""",61%,54 °F,8 mph,"30.04 ""Hg",7 mi
Athens,,Greece,November,68 °F,55 °F,62 °F,"2.66""",68%,50 °F,8 mph,"30.06 ""Hg",7 mi
Athens,,Greece,December,59 °F,47 °F,53 °F,"2.72""",69%,43 °F,8 mph,"30.10 ""Hg",7 mi
Islamabad,,Pakistan,January,63 °F,40 °F,51 °F,"3.81""",69%,39 °F,7 mph,"30.09 ""Hg",2 mi
Islamabad,,Pakistan,February,68 °F,45 °F,56 °F,"4.31""",65%,43 °F,10 mph,"30.02 ""Hg",3 mi
Islamabad,,Pakistan,March,76 °F,53 °F,65 °F,"8.24""",59%,48 °F,12 mph,"29.93 ""Hg",4 mi
Islamabad,,Pakistan,April,87 °F,62 °F,74 °F,"3.81""",50%,53 °F,15 mph,"29.81 ""Hg",4 mi
Islamabad,,Pakistan,May,97 °F,71 °F,84 °F,"3.85""",41%,56 °F,16 mph,"29.64 ""Hg",4 mi
Islamabad,,Pakistan,June,100 °F,76 °F,88 °F,"4.47""",46%,63 °F,17 mph,"29.50 ""Hg",4 mi
Islamabad,,Pakistan,July,95 °F,77 °F,86 °F,"12.58""",67%,73 °F,15 mph,"29.49 ""Hg",4 mi
Islamabad,,Pakistan,August,92 °F,76 °F,84 °F,"10.37""",73%,74 °F,13 mph,"29.57 ""Hg",4 mi
Islamabad,,Pakistan,September,92 °F,71 °F,82 °F,"4.24""",67%,69 °F,10 mph,"29.70 ""Hg",4 mi
Islamabad,,Pakistan,October,87 °F,61 °F,74 °F,"2.99""",60%,57 °F,8 mph,"29.89 ""Hg",3 mi
Islamabad,,Pakistan,November,77 °F,49 °F,63 °F,"2.12""",63%,47 °F,6 mph,"30.02 ""Hg",3 mi
Islamabad,,Pakistan,December,68 °F,41 °F,54 °F,"1.88""",67%,41 °F,5 mph,"30.09 ""Hg",2 mi
Rio de Janeiro,Rio de Janeiro,Brazil,January,87 °F,76 °F,82 °F,"3.94""",77%,73 °F,13 mph,"29.87 ""Hg",6 mi
Rio de Janeiro,Rio de Janeiro,Brazil,February,88 °F,76 °F,82 °F,"3.06""",77%,73 °F,13 mph,"29.89 ""Hg",6 mi
Rio de Janeiro,Rio de Janeiro,Brazil,March,86 °F,75 °F,80 °F,"4.07""",79%,73 °F,13 mph,"29.92 ""Hg",6 mi
Rio de Janeiro,Rio de Janeiro,Brazil,April,83 °F,73 °F,78 °F,"2.56""",79%,70 °F,12 mph,"29.98 ""Hg",6 mi
Rio de Janeiro,Rio de Janeiro,Brazil,May,79 °F,69 °F,74 °F,"1.92""",79%,66 °F,11 mph,"30.03 ""Hg",6 mi
Rio de Janeiro,Rio de Janeiro,Brazil,June,78 °F,67 °F,73 °F,"1.12""",79%,65 °F,11 mph,"30.09 ""Hg",6 mi
Rio de Janeiro,Rio de Janeiro,Brazil,July,77 °F,66 °F,72 °F,"0.95""",78%,64 °F,12 mph,"30.12 ""Hg",6 mi
Rio de Janeiro,Rio de Janeiro,Brazil,August,78 °F,67 °F,72 °F,"0.87""",77%,64 °F,12 mph,"30.11 ""Hg",6 mi
Rio de Janeiro,Rio de Janeiro,Brazil,September,79 °F,68 °F,74 °F,"1.55""",78%,65 °F,14 mph,"30.04 ""Hg",6 mi
Rio de Janeiro,Rio de Janeiro,Brazil,October,80 °F,70 °F,75 °F,"2.21""",78%,67 °F,14 mph,"29.97 ""Hg",6 mi
Rio de Janeiro,Rio de Janeiro,Brazil,November,82 °F,71 °F,76 °F,"4.25""",80%,69 °F,14 mph,"29.91 ""Hg",6 mi
Rio de Janeiro,Rio de Janeiro,Brazil,December,85 °F,74 °F,79 °F,"4.92""",79%,72 °F,14 mph,"29.87 ""Hg",6 mi
Atlanta,Georgia,USA,January,54 °F,33 °F,44 °F,"4.21""",66%,32 °F,9 mph,"30.15 ""Hg",9 mi
Atlanta,Georgia,USA,February,58 °F,36 °F,47 °F,"4.59""",65%,35 °F,10 mph,"30.11 ""Hg",9 mi
Atlanta,Georgia,USA,March,66 °F,43 °F,54 °F,"4.42""",62%,40 °F,10 mph,"30.08 ""Hg",9 mi
Atlanta,Georgia,USA,April,74 °F,49 °F,62 °F,"3.67""",63%,48 °F,9 mph,"30.02 ""Hg",9 mi
Atlanta,Georgia,USA,May,81 °F,59 °F,70 °F,"3.62""",67%,58 °F,7 mph,"30.02 ""Hg",9 mi
Atlanta,Georgia,USA,June,87 °F,67 °F,77 °F,"3.84""",70%,66 °F,6 mph,"30.00 ""Hg",9 mi
Atlanta,Georgia,USA,July,90 °F,70 °F,80 °F,"4.82""",70%,69 °F,6 mph,"30.02 ""Hg",8 mi
Atlanta,Georgia,USA,August,89 °F,70 °F,79 °F,"3.97""",71%,68 °F,5 mph,"30.01 ""Hg",8 mi
Atlanta,Georgia,USA,September,84 °F,63 °F,74 °F,"3.52""",71%,63 °F,6 mph,"30.03 ""Hg",9 mi
Atlanta,Georgia,USA,October,75 °F,52 °F,63 °F,"3.35""",71%,53 °F,7 mph,"30.07 ""Hg",9 mi
Atlanta,Georgia,USA,November,64 °F,40 °F,52 °F,"3.80""",67%,41 °F,7 mph,"30.15 ""Hg",9 mi
Atlanta,Georgia,USA,December,56 °F,36 °F,46 °F,"4.32""",69%,36 °F,8 mph,"30.15 ""Hg",9 mi
Istanbul,,Turkey,January,48 °F,39 °F,44 °F,"2.87""",78%,37 °F,19 mph,"30.12 ""Hg",6 mi
Istanbul,,Turkey,February,50 °F,39 °F,44 °F,"2.99""",77%,37 °F,19 mph,"30.09 ""Hg",6 mi
Istanbul,,Turkey,March,54 °F,42 °F,48 °F,"2.60""",73%,39 °F,18 mph,"30.03 ""Hg",6 mi
Istanbul,,Turkey,April,62 °F,48 °F,55 °F,"1.75""",69%,44 °F,16 mph,"29.97 ""Hg",6 mi
Istanbul,,Turkey,May,72 °F,57 °F,64 °F,"1.29""",69%,53 °F,16 mph,"29.95 ""Hg",6 mi
Istanbul,,Turkey,June,81 °F,66 °F,73 °F,"1.24""",65%,60 °F,17 mph,"29.93 ""Hg",6 mi
Istanbul,,Turkey,July,86 °F,71 °F,78 °F,"0.83""",63%,63 °F,20 mph,"29.88 ""Hg",6 mi
Istanbul,,Turkey,August,86 °F,72 °F,79 °F,"0.82""",65%,65 °F,20 mph,"29.91 ""Hg",6 mi
Istanbul,,Turkey,September,78 °F,65 °F,71 °F,"1.58""",67%,59 °F,18 mph,"29.98 ""Hg",6 mi
Istanbul,,Turkey,October,69 °F,57 °F,63 °F,"2.24""",74%,54 °F,17 mph,"30.08 ""Hg",6 mi
Istanbul,,Turkey,November,60 °F,49 °F,54 °F,"2.42""",76%,47 °F,17 mph,"30.12 ""Hg",6 mi
Istanbul,,Turkey,December,52 °F,42 °F,47 °F,"3.32""",77%,40 °F,20 mph,"30.13 ""Hg",6 mi
Riyadh,,Saudi Arabia,January,69 °F,49 °F,59 °F,"3.97""",44%,35 °F,12 mph,"30.12 ""Hg",6 mi
Riyadh,,Saudi Arabia,February,75 °F,53 °F,64 °F,"6.29""",34%,33 °F,14 mph,"30.05 ""Hg",6 mi
Riyadh,,Saudi Arabia,March,83 °F,60 °F,71 °F,"5.73""",29%,35 °F,15 mph,"29.96 ""Hg",5 mi
Riyadh,,Saudi Arabia,April,93 °F,70 °F,81 °F,"8.68""",25%,39 °F,15 mph,"29.86 ""Hg",5 mi
Riyadh,,Saudi Arabia,May,103 °F,80 °F,91 °F,"5.59""",16%,37 °F,14 mph,"29.75 ""Hg",5 mi
Riyadh,,Saudi Arabia,June,109 °F,84 °F,96 °F,"1.10""",10%,31 °F,15 mph,"29.61 ""Hg",6 mi
Riyadh,,Saudi Arabia,July,111 °F,86 °F,98 °F,"1.20""",10%,33 °F,15 mph,"29.51 ""Hg",6 mi
Riyadh,,Saudi Arabia,August,110 °F,85 °F,98 °F,"1.29""",12%,36 °F,13 mph,"29.56 ""Hg",6 mi
Riyadh,,Saudi Arabia,September,105 °F,80 °F,92 °F,"0.67""",14%,35 °F,11 mph,"29.72 ""Hg",6 mi
Riyadh,,Saudi Arabia,October,95 °F,70 °F,83 °F,"0.12""",20%,36 °F,10 mph,"29.91 ""Hg",6 mi
Riyadh,,Saudi Arabia,November,81 °F,60 °F,71 °F,"3.60""",38%,41 °F,11 mph,"30.04 ""Hg",6 mi
Riyadh,,Saudi Arabia,December,72 °F,52 °F,62 °F,"4.34""",45%,38 °F,11 mph,"30.13 ""Hg",6 mi
Auckland,,New Zealand,January,75 °F,61 °F,68 °F,"2.08""",75%,59 °F,20 mph,"29.98 ""Hg",13 mi
Auckland,,New Zealand,February,76 °F,62 °F,69 °F,"2.35""",75%,60 °F,18 mph,"30.00 ""Hg",13 mi
Auckland,,New Zealand,March,73 °F,59 °F,66 °F,"2.69""",77%,58 °F,18 mph,"30.04 ""Hg",13 mi
Auckland,,New Zealand,April,69 °F,55 °F,62 °F,"3.02""",80%,55 °F,16 mph,"30.06 ""Hg",12 mi
Auckland,,New Zealand,May,64 °F,51 °F,58 °F,"4.26""",84%,52 °F,17 mph,"30.01 ""Hg",11 mi
Auckland,,New Zealand,June,60 °F,48 °F,54 °F,"4.11""",85%,49 °F,17 mph,"30.00 ""Hg",11 mi
Auckland,,New Zealand,July,58 °F,46 °F,52 °F,"4.50""",85%,47 °F,17 mph,"29.99 ""Hg",11 mi
Auckland,,New Zealand,August,59 °F,47 °F,53 °F,"3.91""",83%,48 °F,19 mph,"29.97 ""Hg",11 mi
Auckland,,New Zealand,September,62 °F,49 °F,55 °F,"3.44""",81%,49 °F,20 mph,"30.00 ""Hg",12 mi
Auckland,,New Zealand,October,64 °F,52 °F,58 °F,"3.23""",79%,51 °F,23 mph,"30.00 ""Hg",11 mi
Auckland,,New Zealand,November,67 °F,55 °F,61 °F,"2.98""",77%,53 °F,22 mph,"29.97 ""Hg",11 mi
Auckland,,New Zealand,December,71 °F,59 °F,65 °F,"2.90""",76%,57 °F,21 mph,"29.96 ""Hg",12 mi
Jakarta,Jakarta Special Capital Region,Indonesia,January,87 °F,77 °F,82 °F,"8.29""",80%,75 °F,7 mph,"29.82 ""Hg",4 mi
Jakarta,Jakarta Special Capital Region,Indonesia,February,87 °F,77 °F,82 °F,"8.23""",81%,75 °F,6 mph,"29.83 ""Hg",4 mi
Jakarta,Jakarta Special Capital Region,Indonesia,March,89 °F,78 °F,83 °F,"6.20""",77%,75 °F,6 mph,"29.83 ""Hg",4 mi
Jakarta,Jakarta Special Capital Region,Indonesia,April,91 °F,78 °F,85 °F,"6.43""",76%,75 °F,6 mph,"29.82 ""Hg",4 mi
Jakarta,Jakarta Special Capital Region,Indonesia,May,92 °F,79 °F,85 °F,"5.82""",74%,76 °F,5 mph,"29.82 ""Hg",4 mi
Jakarta,Jakarta Special Capital Region,Indonesia,June,91 °F,78 °F,85 °F,"4.05""",73%,75 °F,5 mph,"29.83 ""Hg",4 mi
Jakarta,Jakarta Special Capital Region,Indonesia,July,90 °F,77 °F,84 °F,"5.06""",71%,73 °F,5 mph,"29.84 ""Hg",4 mi
Jakarta,Jakarta Special Capital Region,Indonesia,August,91 °F,78 °F,84 °F,"4.10""",69%,73 °F,6 mph,"29.85 ""Hg",4 mi
Jakarta,Jakarta Special Capital Region,Indonesia,September,91 °F,78 °F,85 °F,"3.77""",68%,73 °F,6 mph,"29.85 ""Hg",4 mi
Jakarta,Jakarta Special Capital Region,Indonesia,October,92 °F,79 °F,85 °F,"2.88""",70%,74 °F,6 mph,"29.83 ""Hg",4 mi
Jakarta,Jakarta Special Capital Region,Indonesia,November,91 °F,78 °F,85 °F,"4.20""",74%,75 °F,6 mph,"29.81 ""Hg",4 mi
Jakarta,Jakarta Special Capital Region,Indonesia,December,89 °F,78 °F,84 °F,"4.67""",76%,74 °F,7 mph,"29.81 ""Hg",4 mi
Rome,,Italy,January,55 °F,37 °F,46 °F,"1.90""",74%,39 °F,8 mph,"30.06 ""Hg",5 mi
Rome,,Italy,February,58 °F,38 °F,48 °F,"1.67""",67%,38 °F,9 mph,"30.03 ""Hg",5 mi
Rome,,Italy,March,62 °F,43 °F,53 °F,"1.63""",65%,42 °F,11 mph,"29.99 ""Hg",6 mi
Rome,,Italy,April,67 °F,48 °F,58 °F,"2.24""",67%,48 °F,10 mph,"29.93 ""Hg",6 mi
Rome,,Italy,May,76 °F,56 °F,66 °F,"1.88""",64%,55 °F,10 mph,"29.96 ""Hg",6 mi
Rome,,Italy,June,84 °F,63 °F,73 °F,"1.14""",58%,59 °F,10 mph,"29.97 ""Hg",6 mi
Rome,,Italy,July,89 °F,67 °F,78 °F,"1.01""",55%,62 °F,11 mph,"29.95 ""Hg",7 mi
Rome,,Italy,August,90 °F,67 °F,79 °F,"1.12""",57%,64 °F,10 mph,"29.95 ""Hg",6 mi
Rome,,Italy,September,81 °F,60 °F,71 °F,"2.24""",64%,59 °F,9 mph,"29.98 ""Hg",6 mi
Rome,,Italy,October,73 °F,53 °F,63 °F,"2.94""",72%,55 °F,8 mph,"30.02 ""Hg",6 mi
Rome,,Italy,November,64 °F,47 °F,55 °F,"3.28""",76%,48 °F,8 mph,"30.00 ""Hg",6 mi
Rome,,Italy,December,56 °F,40 °F,48 °F,"2.77""",77%,41 °F,8 mph,"30.05 ""Hg",5 mi
Bangkok,,Thailand,January,90 °F,73 °F,82 °F,"0.94""",66%,68 °F,9 mph,"29.90 ""Hg",5 mi
Bangkok,,Thailand,February,93 °F,76 °F,84 °F,"0.57""",68%,71 °F,11 mph,"29.87 ""Hg",5 mi
Bangkok,,Thailand,March,95 °F,79 °F,87 °F,"2.37""",70%,74 °F,13 mph,"29.83 ""Hg",6 mi
Bangkok,,Thailand,April,97 °F,80 °F,88 °F,"4.67""",71%,76 °F,13 mph,"29.79 ""Hg",6 mi
Bangkok,,Thailand,May,95 °F,80 °F,88 °F,"7.99""",73%,76 °F,12 mph,"29.75 ""Hg",6 mi
Bangkok,,Thailand,June,94 °F,79 °F,86 °F,"8.28""",74%,76 °F,13 mph,"29.73 ""Hg",6 mi
Bangkok,,Thailand,July,93 °F,79 °F,86 °F,"7.45""",75%,75 °F,13 mph,"29.73 ""Hg",6 mi
Bangkok,,Thailand,August,92 °F,79 °F,85 °F,"7.87""",76%,75 °F,13 mph,"29.74 ""Hg",6 mi
Bangkok,,Thailand,September,92 °F,78 °F,85 °F,"12.48""",79%,76 °F,11 mph,"29.77 ""Hg",6 mi
Bangkok,,Thailand,October,91 °F,78 °F,84 °F,"7.89""",78%,75 °F,9 mph,"29.83 ""Hg",6 mi
Bangkok,,Thailand,November,91 °F,76 °F,84 °F,"1.69""",69%,71 °F,9 mph,"29.86 ""Hg",6 mi
Bangkok,,Thailand,December,89 °F,73 °F,81 °F,"0.72""",64%,67 °F,9 mph,"29.90 ""Hg",5 mi
Jerusalem,,Israel,January,65 °F,49 °F,57 °F,"5.37""",71%,45 °F,13 mph,"30.07 ""Hg",6 mi
Jerusalem,,Israel,February,66 °F,49 °F,58 °F,"3.81""",70%,46 °F,13 mph,"30.04 ""Hg",6 mi
Jerusalem,,Israel,March,70 °F,52 °F,61 °F,"2.03""",67%,48 °F,14 mph,"29.99 ""Hg",6 mi
Jerusalem,,Israel,April,76 °F,57 °F,67 °F,"1.06""",63%,51 °F,13 mph,"29.93 ""Hg",6 mi
Jerusalem,,Israel,May,82 °F,63 °F,72 °F,"0.92""",61%,57 °F,14 mph,"29.89 ""Hg",6 mi
Jerusalem,,Israel,June,86 °F,70 °F,78 °F,"0.62""",64%,64 °F,14 mph,"29.83 ""Hg",6 mi
Jerusalem,,Israel,July,89 °F,74 °F,82 °F,"0.90""",66%,68 °F,14 mph,"29.74 ""Hg",6 mi
Jerusalem,,Israel,August,90 °F,75 °F,83 °F,"0.72""",66%,70 °F,13 mph,"29.77 ""Hg",6 mi
Jerusalem,,Israel,September,88 °F,73 °F,80 °F,"0.59""",64%,66 °F,13 mph,"29.87 ""Hg",6 mi
Jerusalem,,Israel,October,84 °F,67 °F,75 °F,"0.83""",63%,61 °F,12 mph,"29.95 ""Hg",6 mi
Jerusalem,,Israel,November,77 °F,58 °F,67 °F,"2.44""",62%,52 °F,12 mph,"30.01 ""Hg",6 mi
Jerusalem,,Israel,December,69 °F,51 °F,60 °F,"4.18""",68%,47 °F,12 mph,"30.07 ""Hg",6 mi
Salt Lake City,Utah,USA,January,39 °F,23 °F,31 °F,"1.40""",75%,23 °F,8 mph,"30.21 ""Hg",8 mi
Salt Lake City,Utah,USA,February,44 °F,27 °F,36 °F,"1.29""",67%,25 °F,10 mph,"30.09 ""Hg",9 mi
Salt Lake City,Utah,USA,March,55 °F,35 °F,45 °F,"1.76""",55%,29 °F,11 mph,"30.01 ""Hg",11 mi
Salt Lake City,Utah,USA,April,62 °F,40 °F,51 °F,"2.13""",50%,32 °F,12 mph,"29.93 ""Hg",11 mi
Salt Lake City,Utah,USA,May,73 °F,49 °F,61 °F,"1.78""",45%,38 °F,11 mph,"29.87 ""Hg",11 mi
Salt Lake City,Utah,USA,June,85 °F,58 °F,71 °F,"0.89""",35%,41 °F,11 mph,"29.83 ""Hg",11 mi
Salt Lake City,Utah,USA,July,94 °F,67 °F,81 °F,"0.53""",30%,45 °F,11 mph,"29.85 ""Hg",11 mi
Salt Lake City,Utah,USA,August,92 °F,65 °F,78 °F,"0.66""",32%,45 °F,12 mph,"29.87 ""Hg",11 mi
Salt Lake City,Utah,USA,September,81 °F,55 °F,68 °F,"1.01""",39%,40 °F,10 mph,"29.93 ""Hg",11 mi
Salt Lake City,Utah,USA,October,65 °F,42 °F,54 °F,"1.33""",51%,35 °F,10 mph,"30.02 ""Hg",11 mi
Salt Lake City,Utah,USA,November,51 °F,31 °F,41 °F,"1.25""",64%,28 °F,9 mph,"30.13 ""Hg",10 mi
Salt Lake City,Utah,USA,December,39 °F,24 °F,31 °F,"1.37""",74%,23 °F,9 mph,"30.19 ""Hg",8 mi
Barcelona,Barcelona,Spain,January,57 °F,42 °F,49 °F,"1.62""",73%,40 °F,17 mph,"30.12 ""Hg",7 mi
Barcelona,Barcelona,Spain,February,58 °F,43 °F,51 °F,"1.28""",72%,41 °F,16 mph,"30.10 ""Hg",7 mi
Barcelona,Barcelona,Spain,March,61 °F,47 °F,54 °F,"1.49""",73%,45 °F,16 mph,"30.06 ""Hg",7 mi
Barcelona,Barcelona,Spain,April,65 °F,51 °F,58 °F,"1.88""",73%,49 °F,16 mph,"29.97 ""Hg",8 mi
Barcelona,Barcelona,Spain,May,71 °F,57 °F,64 °F,"1.69""",74%,55 °F,15 mph,"29.99 ""Hg",8 mi
Barcelona,Barcelona,Spain,June,78 °F,65 °F,71 °F,"1.02""",72%,61 °F,15 mph,"30.02 ""Hg",8 mi
Barcelona,Barcelona,Spain,July,83 °F,70 °F,76 °F,"1.06""",71%,66 °F,15 mph,"30.01 ""Hg",8 mi
Barcelona,Barcelona,Spain,August,84 °F,70 °F,77 °F,"1.88""",71%,67 °F,15 mph,"30.00 ""Hg",8 mi
Barcelona,Barcelona,Spain,September,79 °F,65 °F,72 °F,"3.42""",73%,62 °F,15 mph,"30.02 ""Hg",8 mi
Barcelona,Barcelona,Spain,October,72 °F,58 °F,65 °F,"3.22""",76%,56 °F,15 mph,"30.03 ""Hg",7 mi
Barcelona,Barcelona,Spain,November,64 °F,49 °F,56 °F,"1.89""",73%,47 °F,16 mph,"30.02 ""Hg",8 mi
Barcelona,Barcelona,Spain,December,59 °F,43 °F,51 °F,"1.34""",73%,41 °F,17 mph,"30.11 ""Hg",8 mi
Johannesburg,,South Africa,January,80 °F,59 °F,69 °F,"5.55""",70%,57 °F,16 mph,"30.00 ""Hg",11 mi
Johannesburg,,South Africa,February,79 °F,58 °F,69 °F,"4.78""",70%,56 °F,14 mph,"30.02 ""Hg",10 mi
Johannesburg,,South Africa,March,77 °F,56 °F,67 °F,"3.80""",68%,53 °F,14 mph,"30.06 ""Hg",10 mi
Johannesburg,,South Africa,April,73 °F,51 °F,62 °F,"1.76""",63%,47 °F,14 mph,"30.13 ""Hg",10 mi
Johannesburg,,South Africa,May,69 °F,45 °F,57 °F,"0.93""",52%,37 °F,13 mph,"30.19 ""Hg",10 mi
Johannesburg,,South Africa,June,65 °F,40 °F,52 °F,"0.32""",49%,31 °F,14 mph,"30.27 ""Hg",9 mi
Johannesburg,,South Africa,July,64 °F,39 °F,52 °F,"0.15""",47%,29 °F,14 mph,"30.30 ""Hg",9 mi
Johannesburg,,South Africa,August,70 °F,43 °F,57 °F,"0.51""",44%,31 °F,17 mph,"30.21 ""Hg",10 mi
Johannesburg,,South Africa,September,77 °F,49 °F,63 °F,"0.86""",42%,35 °F,18 mph,"30.13 ""Hg",10 mi
Johannesburg,,South Africa,October,79 °F,53 °F,66 °F,"2.81""",54%,45 °F,19 mph,"30.07 ""Hg",11 mi
Johannesburg,,South Africa,November,79 °F,55 °F,67 °F,"4.01""",63%,51 °F,18 mph,"30.02 ""Hg",11 mi
Johannesburg,,South Africa,December,79 °F,58 °F,68 °F,"5.62""",69%,55 °F,17 mph,"30.01 ""Hg",11 mi
San Francisco,California,USA,January,57 °F,45 °F,51 °F,"4.01""",79%,45 °F,9 mph,"30.14 ""Hg",9 mi
San Francisco,California,USA,February,60 °F,47 °F,53 °F,"3.93""",76%,45 °F,13 mph,"30.08 ""Hg",10 mi
San Francisco,California,USA,March,62 °F,48 °F,55 °F,"2.58""",73%,46 °F,16 mph,"30.07 ""Hg",10 mi
San Francisco,California,USA,April,64 °F,50 °F,57 °F,"1.35""",69%,46 °F,21 mph,"30.05 ""Hg",10 mi
San Francisco,California,USA,May,67 °F,52 °F,60 °F,"0.48""",69%,48 °F,24 mph,"30.00 ""Hg",10 mi
San Francisco,California,USA,June,70 °F,54 °F,62 °F,"0.14""",68%,51 °F,24 mph,"29.95 ""Hg",11 mi
San Francisco,California,USA,July,71 °F,56 °F,64 °F,"0.01""",71%,53 °F,23 mph,"29.95 ""Hg",10 mi
San Francisco,California,USA,August,72 °F,57 °F,65 °F,"0.04""",72%,54 °F,22 mph,"29.94 ""Hg",10 mi
San Francisco,California,USA,September,73 °F,56 °F,65 °F,"0.08""",70%,53 °F,19 mph,"29.93 ""Hg",10 mi
San Francisco,California,USA,October,71 °F,54 °F,62 °F,"0.94""",68%,50 °F,14 mph,"30.00 ""Hg",10 mi
San Francisco,California,USA,November,63 °F,49 °F,56 °F,"2.00""",74%,48 °F,10 mph,"30.10 ""Hg",9 mi
San Francisco,California,USA,December,57 °F,45 °F,51 °F,"4.30""",77%,44 °F,10 mph,"30.13 ""Hg",9 mi
Beijing,Beijing Municipality,China,January,36 °F,17 °F,27 °F,"0.11""",43%,4 °F,12 mph,"30.38 ""Hg",6 mi
Beijing,Beijing Municipality,China,February,43 °F,22 °F,33 °F,"0.31""",41%,9 °F,11 mph,"30.29 ""Hg",6 mi
Beijing,Beijing Municipality,China,March,56 °F,33 °F,45 °F,"0.40""",40%,19 °F,13 mph,"30.13 ""Hg",6 mi
Beijing,Beijing Municipality,China,April,70 °F,46 °F,58 °F,"0.98""",43%,33 °F,13 mph,"29.94 ""Hg",6 mi
Beijing,Beijing Municipality,China,May,81 °F,57 °F,69 °F,"1.55""",49%,47 °F,12 mph,"29.79 ""Hg",7 mi
Beijing,Beijing Municipality,China,June,88 °F,67 °F,77 °F,"2.78""",60%,60 °F,10 mph,"29.67 ""Hg",6 mi
Beijing,Beijing Municipality,China,July,89 °F,72 °F,81 °F,"6.32""",74%,70 °F,9 mph,"29.64 ""Hg",5 mi
Beijing,Beijing Municipality,China,August,87 °F,70 °F,79 °F,"4.96""",75%,69 °F,9 mph,"29.75 ""Hg",5 mi
Beijing,Beijing Municipality,China,September,80 °F,60 °F,70 °F,"2.39""",68%,57 °F,9 mph,"29.95 ""Hg",6 mi
Beijing,Beijing Municipality,China,October,67 °F,45 °F,56 °F,"1.33""",61%,40 °F,9 mph,"30.15 ""Hg",6 mi
Beijing,Beijing Municipality,China,November,51 °F,31 °F,41 °F,"0.65""",55%,23 °F,10 mph,"30.26 ""Hg",5 mi
Beijing,Beijing Municipality,China,December,39 °F,20 °F,30 °F,"0.10""",47%,9 °F,12 mph,"30.37 ""Hg",6 mi
Karachi,Sindh,Pakistan,January,79 °F,54 °F,67 °F,"0.58""",49%,44 °F,10 mph,"30.03 ""Hg",4 mi
Karachi,Sindh,Pakistan,February,84 °F,59 °F,72 °F,"0.10""",49%,49 °F,12 mph,"29.97 ""Hg",4 mi
Karachi,Sindh,Pakistan,March,90 °F,68 °F,79 °F,"0.31""",53%,57 °F,13 mph,"29.88 ""Hg",4 mi
Karachi,Sindh,Pakistan,April,95 °F,76 °F,85 °F,"0.04""",58%,66 °F,16 mph,"29.78 ""Hg",4 mi
Karachi,Sindh,Pakistan,May,96 °F,81 °F,89 °F,"0.14""",66%,74 °F,20 mph,"29.67 ""Hg",4 mi
Karachi,Sindh,Pakistan,June,96 °F,84 °F,90 °F,"0.82""",68%,76 °F,22 mph,"29.54 ""Hg",4 mi
Karachi,Sindh,Pakistan,July,92 °F,83 °F,88 °F,"2.84""",71%,76 °F,22 mph,"29.51 ""Hg",4 mi
Karachi,Sindh,Pakistan,August,90 °F,81 °F,85 °F,"3.62""",73%,75 °F,20 mph,"29.58 ""Hg",4 mi
Karachi,Sindh,Pakistan,September,92 °F,79 °F,86 °F,"1.59""",69%,73 °F,18 mph,"29.69 ""Hg",4 mi
Karachi,Sindh,Pakistan,October,96 °F,74 °F,85 °F,"0.25""",58%,65 °F,11 mph,"29.84 ""Hg",4 mi
Karachi,Sindh,Pakistan,November,90 °F,64 °F,77 °F,"0.08""",49%,53 °F,9 mph,"29.95 ""Hg",4 mi
Karachi,Sindh,Pakistan,December,82 °F,57 °F,69 °F,"0.40""",48%,46 °F,9 mph,"30.02 ""Hg",3 mi
San Juan,,Puerto Rico,January,83 °F,72 °F,78 °F,"4.05""",78%,69 °F,14 mph,"30.03 ""Hg",10 mi
San Juan,,Puerto Rico,February,84 °F,72 °F,78 °F,"2.66""",76%,69 °F,15 mph,"30.03 ""Hg",10 mi
San Juan,,Puerto Rico,March,85 °F,72 °F,79 °F,"2.18""",74%,69 °F,15 mph,"30.01 ""Hg",10 mi
San Juan,,Puerto Rico,April,86 °F,74 °F,80 °F,"4.62""",74%,70 °F,15 mph,"29.98 ""Hg",10 mi
San Juan,,Puerto Rico,May,88 °F,76 °F,82 °F,"5.56""",77%,73 °F,15 mph,"29.99 ""Hg",10 mi
San Juan,,Puerto Rico,June,89 °F,77 °F,83 °F,"4.91""",77%,74 °F,16 mph,"30.02 ""Hg",10 mi
San Juan,,Puerto Rico,July,89 °F,78 °F,83 °F,"6.09""",78%,75 °F,18 mph,"30.03 ""Hg",10 mi
San Juan,,Puerto Rico,August,89 °F,78 °F,84 °F,"6.32""",78%,75 °F,16 mph,"29.99 ""Hg",10 mi
San Juan,,Puerto Rico,September,89 °F,78 °F,83 °F,"6.49""",77%,75 °F,12 mph,"29.94 ""Hg",10 mi
San Juan,,Puerto Rico,October,89 °F,77 °F,83 °F,"5.31""",78%,74 °F,11 mph,"29.92 ""Hg",10 mi
San Juan,,Puerto Rico,November,86 °F,75 °F,81 °F,"7.27""",79%,73 °F,11 mph,"29.93 ""Hg",10 mi
San Juan,,Puerto Rico,December,84 °F,73 °F,79 °F,"4.95""",78%,71 °F,13 mph,"29.99 ""Hg",10 mi
Beirut,,Lebanon,January,64 °F,52 °F,58 °F,"5.24""",64%,45 °F,13 mph,"30.07 ""Hg",6 mi
Beirut,,Lebanon,February,65 °F,52 °F,59 °F,"4.02""",64%,46 °F,13 mph,"30.04 ""Hg",5 mi
Beirut,,Lebanon,March,68 °F,55 °F,62 °F,"2.59""",64%,49 °F,13 mph,"29.99 ""Hg",6 mi
Beirut,,Lebanon,April,73 °F,59 °F,66 °F,"1.09""",66%,54 °F,13 mph,"29.94 ""Hg",5 mi
Beirut,,Lebanon,May,79 °F,65 °F,72 °F,"0.55""",69%,60 °F,12 mph,"29.89 ""Hg",5 mi
Beirut,,Lebanon,June,83 °F,71 °F,77 °F,"0.06""",70%,67 °F,13 mph,"29.83 ""Hg",6 mi
Beirut,,Lebanon,July,87 °F,76 °F,82 °F,"0.01""",71%,71 °F,14 mph,"29.74 ""Hg",6 mi
Beirut,,Lebanon,August,88 °F,78 °F,83 °F,"0.09""",69%,72 °F,12 mph,"29.77 ""Hg",6 mi
Beirut,,Lebanon,September,86 °F,76 °F,81 °F,"0.30""",64%,67 °F,12 mph,"29.87 ""Hg",6 mi
Beirut,,Lebanon,October,82 °F,70 °F,76 °F,"1.61""",61%,61 °F,11 mph,"29.97 ""Hg",6 mi
Beirut,,Lebanon,November,75 °F,62 °F,69 °F,"3.12""",58%,52 °F,11 mph,"30.03 ""Hg",6 mi
Beirut,,Lebanon,December,68 °F,56 °F,62 °F,"5.05""",62%,47 °F,12 mph,"30.08 ""Hg",6 mi
Kathmandu,,Nepal,January,65 °F,38 °F,51 °F,"0.64""",67%,39 °F,6 mph,"30.01 ""Hg",3 mi
Kathmandu,,Nepal,February,71 °F,43 °F,57 °F,"0.95""",64%,43 °F,7 mph,"29.97 ""Hg",3 mi
Kathmandu,,Nepal,March,78 °F,49 °F,63 °F,"1.72""",59%,46 °F,9 mph,"29.88 ""Hg",4 mi
Kathmandu,,Nepal,April,82 °F,55 °F,69 °F,"2.42""",57%,51 °F,9 mph,"29.76 ""Hg",4 mi
Kathmandu,,Nepal,May,84 °F,61 °F,72 °F,"4.00""",66%,59 °F,8 mph,"29.68 ""Hg",4 mi
Kathmandu,,Nepal,June,85 °F,67 °F,76 °F,"8.49""",76%,67 °F,8 mph,"29.58 ""Hg",4 mi
Kathmandu,,Nepal,July,83 °F,69 °F,76 °F,"18.75""",84%,69 °F,7 mph,"29.57 ""Hg",5 mi
Kathmandu,,Nepal,August,84 °F,68 °F,76 °F,"12.30""",85%,69 °F,7 mph,"29.61 ""Hg",5 mi
Kathmandu,,Nepal,September,83 °F,66 °F,75 °F,"10.45""",82%,67 °F,7 mph,"29.72 ""Hg",4 mi
Kathmandu,,Nepal,October,80 °F,58 °F,69 °F,"1.93""",74%,59 °F,7 mph,"29.86 ""Hg",4 mi
Kathmandu,,Nepal,November,73 °F,48 °F,60 °F,"0.03""",71%,49 °F,6 mph,"29.95 ""Hg",4 mi
Kathmandu,,Nepal,December,67 °F,40 °F,54 °F,"0.48""",70%,42 °F,5 mph,"30.01 ""Hg",3 mi
San Salvador,,El Salvador,January,88 °F,65 °F,76 °F,"0.13""",68%,64 °F,14 mph,"29.96 ""Hg",9 mi
San Salvador,,El Salvador,February,89 °F,66 °F,77 °F,"0.12""",66%,65 °F,14 mph,"29.94 ""Hg",8 mi
San Salvador,,El Salvador,March,91 °F,67 °F,79 °F,"0.45""",66%,66 °F,14 mph,"29.93 ""Hg",8 mi
San Salvador,,El Salvador,April,90 °F,70 °F,80 °F,"1.94""",71%,69 °F,12 mph,"29.91 ""Hg",7 mi
San Salvador,,El Salvador,May,88 °F,70 °F,79 °F,"5.58""",80%,71 °F,10 mph,"29.90 ""Hg",6 mi
San Salvador,,El Salvador,June,86 °F,70 °F,78 °F,"8.87""",83%,72 °F,9 mph,"29.90 ""Hg",7 mi
San Salvador,,El Salvador,July,87 °F,69 °F,78 °F,"7.49""",81%,71 °F,10 mph,"29.93 ""Hg",8 mi
San Salvador,,El Salvador,August,87 °F,69 °F,78 °F,"8.79""",82%,71 °F,10 mph,"29.92 ""Hg",8 mi
San Salvador,,El Salvador,September,86 °F,69 °F,77 °F,"9.27""",86%,72 °F,9 mph,"29.90 ""Hg",7 mi
San Salvador,,El Salvador,October,85 °F,69 °F,77 °F,"6.82""",84%,71 °F,10 mph,"29.89 ""Hg",7 mi
San Salvador,,El Salvador,November,86 °F,67 °F,76 °F,"1.51""",77%,68 °F,13 mph,"29.92 ""Hg",8 mi
San Salvador,,El Salvador,December,87 °F,65 °F,76 °F,"0.32""",72%,66 °F,14 mph,"29.94 ""Hg",9 mi
Belgrade,,Serbia,January,42 °F,32 °F,37 °F,"2.21""",78%,30 °F,10 mph,"30.08 ""Hg",7 mi
Belgrade,,Serbia,February,48 °F,35 °F,42 °F,"1.62""",72%,32 °F,11 mph,"30.09 ""Hg",9 mi
Belgrade,,Serbia,March,57 °F,41 °F,49 °F,"2.30""",63%,35 °F,10 mph,"30.02 ""Hg",10 mi
Belgrade,,Serbia,April,67 °F,48 °F,58 °F,"1.87""",58%,42 °F,10 mph,"29.97 ""Hg",12 mi
Belgrade,,Serbia,May,73 °F,56 °F,65 °F,"4.38""",64%,51 °F,9 mph,"29.93 ""Hg",13 mi
Belgrade,,Serbia,June,82 °F,64 °F,73 °F,"3.26""",62%,58 °F,8 mph,"29.95 ""Hg",13 mi
Belgrade,,Serbia,July,86 °F,67 °F,77 °F,"2.24""",58%,60 °F,8 mph,"29.94 ""Hg",13 mi
Belgrade,,Serbia,August,87 °F,67 °F,77 °F,"1.79""",56%,59 °F,8 mph,"29.98 ""Hg",13 mi
Belgrade,,Serbia,September,77 °F,59 °F,68 °F,"1.90""",62%,53 °F,8 mph,"30.03 ""Hg",13 mi
Belgrade,,Serbia,October,67 °F,50 °F,58 °F,"2.23""",71%,47 °F,10 mph,"30.10 ""Hg",10 mi
Belgrade,,Serbia,November,56 °F,43 °F,49 °F,"1.84""",76%,41 °F,11 mph,"30.09 ""Hg",8 mi
Belgrade,,Serbia,December,44 °F,35 °F,39 °F,"2.16""",80%,33 °F,10 mph,"30.17 ""Hg",6 mi
Kingston,,Jamaica,January,88 °F,73 °F,80 °F,"0.79""",69%,69 °F,16 mph,"29.98 ""Hg",9 mi
Kingston,,Jamaica,February,88 °F,73 °F,80 °F,"0.85""",69%,69 °F,18 mph,"29.98 ""Hg",9 mi
Kingston,,Jamaica,March,88 °F,73 °F,81 °F,"1.09""",69%,69 °F,17 mph,"29.97 ""Hg",9 mi
Kingston,,Jamaica,April,89 °F,75 °F,82 °F,"0.99""",70%,71 °F,18 mph,"29.94 ""Hg",8 mi
Kingston,,Jamaica,May,90 °F,76 °F,83 °F,"3.75""",71%,73 °F,21 mph,"29.93 ""Hg",8 mi
Kingston,,Jamaica,June,91 °F,78 °F,85 °F,"2.22""",70%,73 °F,26 mph,"29.94 ""Hg",8 mi
Kingston,,Jamaica,July,92 °F,78 °F,85 °F,"2.16""",69%,73 °F,23 mph,"29.96 ""Hg",8 mi
Kingston,,Jamaica,August,92 °F,78 °F,85 °F,"3.06""",71%,74 °F,20 mph,"29.93 ""Hg",8 mi
Kingston,,Jamaica,September,92 °F,78 °F,85 °F,"4.37""",72%,74 °F,17 mph,"29.90 ""Hg",8 mi
Kingston,,Jamaica,October,91 °F,77 °F,84 °F,"6.14""",74%,74 °F,15 mph,"29.88 ""Hg",8 mi
Kingston,,Jamaica,November,90 °F,75 °F,83 °F,"3.30""",72%,72 °F,14 mph,"29.90 ""Hg",9 mi
Kingston,,Jamaica,December,89 °F,74 °F,81 °F,"1.54""",70%,70 °F,15 mph,"29.95 ""Hg",9 mi
Santiago,,Chile,January,88 °F,55 °F,72 °F,"0.13""",50%,49 °F,16 mph,"29.89 ""Hg",6 mi
Santiago,,Chile,February,87 °F,54 °F,71 °F,"0.39""",54%,50 °F,14 mph,"29.90 ""Hg",6 mi
Santiago,,Chile,March,84 °F,51 °F,68 °F,"0.18""",57%,48 °F,12 mph,"29.93 ""Hg",6 mi
Santiago,,Chile,April,77 °F,46 °F,61 °F,"0.51""",65%,45 °F,9 mph,"30.00 ""Hg",5 mi
Santiago,,Chile,May,68 °F,41 °F,55 °F,"1.25""",73%,43 °F,7 mph,"30.06 ""Hg",4 mi
Santiago,,Chile,June,62 °F,38 °F,50 °F,"2.36""",79%,41 °F,7 mph,"30.10 ""Hg",4 mi
Santiago,,Chile,July,62 °F,36 °F,49 °F,"1.50""",79%,39 °F,7 mph,"30.12 ""Hg",4 mi
Santiago,,Chile,August,65 °F,39 °F,52 °F,"1.21""",75%,41 °F,8 mph,"30.11 ""Hg",4 mi
Santiago,,Chile,September,69 °F,42 °F,56 °F,"0.60""",70%,43 °F,10 mph,"30.07 ""Hg",5 mi
Santiago,,Chile,October,75 °F,46 °F,61 °F,"0.34""",62%,44 °F,12 mph,"30.02 ""Hg",6 mi
Santiago,,Chile,November,81 °F,50 °F,65 °F,"0.15""",54%,45 °F,14 mph,"29.97 ""Hg",6 mi
Santiago,,Chile,December,85 °F,53 °F,69 °F,"0.15""",51%,47 °F,16 mph,"29.92 ""Hg",6 mi
Bengaluru,Karnataka,India,January,84 °F,62 °F,73 °F,"1.77""",58%,56 °F,4 mph,"29.90 ""Hg",4 mi
Bengaluru,Karnataka,India,February,89 °F,64 °F,76 °F,"2.35""",48%,53 °F,4 mph,"29.86 ""Hg",4 mi
Bengaluru,Karnataka,India,March,93 °F,69 °F,81 °F,"4.02""",44%,55 °F,4 mph,"29.80 ""Hg",4 mi
Bengaluru,Karnataka,India,April,95 °F,73 °F,84 °F,"4.71""",52%,62 °F,3 mph,"29.75 ""Hg",4 mi
Bengaluru,Karnataka,India,May,92 °F,72 °F,82 °F,"6.20""",65%,67 °F,5 mph,"29.71 ""Hg",4 mi
Bengaluru,Karnataka,India,June,86 °F,70 °F,78 °F,"5.13""",74%,67 °F,9 mph,"29.70 ""Hg",4 mi
Bengaluru,Karnataka,India,July,84 °F,69 °F,76 °F,"5.00""",78%,67 °F,9 mph,"29.72 ""Hg",4 mi
Bengaluru,Karnataka,India,August,83 °F,69 °F,76 °F,"5.56""",79%,67 °F,8 mph,"29.74 ""Hg",4 mi
Bengaluru,Karnataka,India,September,84 °F,68 °F,76 °F,"8.72""",76%,67 °F,6 mph,"29.76 ""Hg",4 mi
Bengaluru,Karnataka,India,October,85 °F,68 °F,76 °F,"7.06""",73%,65 °F,4 mph,"29.81 ""Hg",4 mi
Bengaluru,Karnataka,India,November,83 °F,66 °F,74 °F,"3.32""",72%,62 °F,4 mph,"29.86 ""Hg",4 mi
Bengaluru,Karnataka,India,December,82 °F,63 °F,73 °F,"1.15""",68%,59 °F,4 mph,"29.89 ""Hg",4 mi
Kinshasa,,Congo Dem. Rep.,January,88 °F,72 °F,80 °F,"5.46""",80%,72 °F,7 mph,"29.82 ""Hg",6 mi
Kinshasa,,Congo Dem. Rep.,February,89 °F,72 °F,81 °F,"6.17""",79%,72 °F,8 mph,"29.81 ""Hg",6 mi
Kinshasa,,Congo Dem. Rep.,March,90 °F,73 °F,82 °F,"7.90""",78%,72 °F,8 mph,"29.80 ""Hg",7 mi
Kinshasa,,Congo Dem. Rep.,April,91 °F,73 °F,82 °F,"6.96""",78%,72 °F,7 mph,"29.81 ""Hg",7 mi
Kinshasa,,Congo Dem. Rep.,May,89 °F,72 °F,81 °F,"4.86""",80%,72 °F,7 mph,"29.84 ""Hg",6 mi
Kinshasa,,Congo Dem. Rep.,June,84 °F,69 °F,76 °F,"0.47""",80%,69 °F,8 mph,"29.89 ""Hg",4 mi
Kinshasa,,Congo Dem. Rep.,July,83 °F,67 °F,75 °F,"0.15""",77%,66 °F,9 mph,"29.92 ""Hg",4 mi
Kinshasa,,Congo Dem. Rep.,August,85 °F,68 °F,76 °F,"0.65""",71%,65 °F,10 mph,"29.90 ""Hg",5 mi
Kinshasa,,Congo Dem. Rep.,September,88 °F,71 °F,79 °F,"1.98""",70%,67 °F,11 mph,"29.87 ""Hg",6 mi
Kinshasa,,Congo Dem. Rep.,October,88 °F,72 °F,80 °F,"5.34""",76%,70 °F,9 mph,"29.84 ""Hg",6 mi
Kinshasa,,Congo Dem. Rep.,November,88 °F,72 °F,80 °F,"10.72""",80%,71 °F,8 mph,"29.82 ""Hg",7 mi
Kinshasa,,Congo Dem. Rep.,December,87 °F,72 °F,80 °F,"8.47""",82%,72 °F,7 mph,"29.83 ""Hg",6 mi
Santo Domingo,,Dominican Republic,January,86 °F,71 °F,79 °F,"1.63""",80%,71 °F,9 mph,"30.02 ""Hg",9 mi
Santo Domingo,,Dominican Republic,February,87 °F,71 °F,79 °F,"2.25""",80%,71 °F,9 mph,"30.02 ""Hg",9 mi
Santo Domingo,,Dominican Republic,March,87 °F,72 °F,80 °F,"2.50""",78%,71 °F,9 mph,"30.01 ""Hg",9 mi
Santo Domingo,,Dominican Republic,April,88 °F,73 °F,81 °F,"2.77""",80%,73 °F,10 mph,"29.98 ""Hg",9 mi
Santo Domingo,,Dominican Republic,May,89 °F,75 °F,82 °F,"4.15""",81%,75 °F,9 mph,"29.99 ""Hg",9 mi
Santo Domingo,,Dominican Republic,June,90 °F,77 °F,83 °F,"2.96""",81%,76 °F,9 mph,"30.01 ""Hg",9 mi
Santo Domingo,,Dominican Republic,July,91 °F,77 °F,84 °F,"5.34""",81%,76 °F,9 mph,"30.02 ""Hg",8 mi
Santo Domingo,,Dominican Republic,August,91 °F,76 °F,84 °F,"6.94""",82%,76 °F,9 mph,"29.98 ""Hg",9 mi
Santo Domingo,,Dominican Republic,September,91 °F,77 °F,84 °F,"4.40""",81%,76 °F,8 mph,"29.93 ""Hg",9 mi
Santo Domingo,,Dominican Republic,October,90 °F,76 °F,83 °F,"5.48""",82%,76 °F,8 mph,"29.91 ""Hg",9 mi
Santo Domingo,,Dominican Republic,November,89 °F,74 °F,82 °F,"4.74""",83%,74 °F,8 mph,"29.93 ""Hg",9 mi
Santo Domingo,,Dominican Republic,December,88 °F,73 °F,80 °F,"3.03""",81%,72 °F,9 mph,"30.00 ""Hg",9 mi
Berlin,,Germany,January,38 °F,30 °F,34 °F,"1.91""",88%,29 °F,16 mph,"30.04 ""Hg",5 mi
Berlin,,Germany,February,42 °F,31 °F,36 °F,"1.47""",83%,30 °F,16 mph,"30.03 ""Hg",6 mi
Berlin,,Germany,March,48 °F,34 °F,41 °F,"1.59""",78%,33 °F,16 mph,"30.01 ""Hg",6 mi
Berlin,,Germany,April,59 °F,41 °F,50 °F,"1.13""",70%,38 °F,14 mph,"29.97 ""Hg",7 mi
Berlin,,Germany,May,68 °F,49 °F,58 °F,"2.05""",69%,45 °F,14 mph,"29.99 ""Hg",7 mi
Berlin,,Germany,June,74 °F,55 °F,64 °F,"2.21""",68%,51 °F,13 mph,"30.00 ""Hg",8 mi
Berlin,,Germany,July,77 °F,59 °F,68 °F,"2.87""",69%,54 °F,13 mph,"29.96 ""Hg",7 mi
Berlin,,Germany,August,76 °F,58 °F,67 °F,"2.33""",70%,54 °F,13 mph,"29.98 ""Hg",7 mi
Berlin,,Germany,September,68 °F,51 °F,59 °F,"1.91""",78%,50 °F,13 mph,"30.02 ""Hg",7 mi
Berlin,,Germany,October,57 °F,44 °F,50 °F,"1.77""",84%,44 °F,14 mph,"30.02 ""Hg",6 mi
Berlin,,Germany,November,46 °F,37 °F,42 °F,"1.70""",89%,37 °F,14 mph,"29.99 ""Hg",5 mi
Berlin,,Germany,December,40 °F,32 °F,36 °F,"1.75""",89%,32 °F,16 mph,"30.01 ""Hg",5 mi
Kiritimati,Christmas Island,Kiribati,January,87 °F,78 °F,82 °F,"9.21""",81%,74 °F,20 mph,"61.35 ""Hg",17 mi
Kiritimati,Christmas Island,Kiribati,February,87 °F,78 °F,82 °F,"6.33""",82%,74 °F,19 mph,"66.96 ""Hg",15 mi
Kiritimati,Christmas Island,Kiribati,March,88 °F,78 °F,83 °F,"6.17""",83%,76 °F,18 mph,"58.25 ""Hg",15 mi
Kiritimati,Christmas Island,Kiribati,April,89 °F,78 °F,83 °F,"6.69""",84%,76 °F,16 mph,"85.32 ""Hg",15 mi
Kiritimati,Christmas Island,Kiribati,May,89 °F,79 °F,84 °F,"8.36""",82%,74 °F,14 mph,"86.73 ""Hg",17 mi
Kiritimati,Christmas Island,Kiribati,June,89 °F,78 °F,84 °F,"11.71""",79%,74 °F,14 mph,"85.28 ""Hg",16 mi
Kiritimati,Christmas Island,Kiribati,July,88 °F,78 °F,83 °F,"12.37""",78%,73 °F,16 mph,"77.24 ""Hg",16 mi
Kiritimati,Christmas Island,Kiribati,August,87 °F,78 °F,82 °F,"13.52""",77%,74 °F,16 mph,"70.97 ""Hg",15 mi
Kiritimati,Christmas Island,Kiribati,September,88 °F,78 °F,83 °F,"13.85""",77%,73 °F,16 mph,"101.74 ""Hg",15 mi
Kiritimati,Christmas Island,Kiribati,October,87 °F,78 °F,82 °F,"11.52""",77%,73 °F,15 mph,"83.59 ""Hg",16 mi
Kiritimati,Christmas Island,Kiribati,November,87 °F,78 °F,83 °F,"8.79""",77%,73 °F,15 mph,"104.89 ""Hg",17 mi
Kiritimati,Christmas Island,Kiribati,December,87 °F,78 °F,83 °F,"9.35""",79%,74 °F,17 mph,"74.01 ""Hg",16 mi
São Paulo,São Paulo,Brazil,January,84 °F,68 °F,76 °F,"9.14""",76%,65 °F,12 mph,"29.93 ""Hg",6 mi
São Paulo,São Paulo,Brazil,February,84 °F,68 °F,76 °F,"7.64""",75%,65 °F,12 mph,"29.95 ""Hg",6 mi
São Paulo,São Paulo,Brazil,March,83 °F,67 °F,75 °F,"5.70""",77%,64 °F,12 mph,"29.98 ""Hg",6 mi
São Paulo,São Paulo,Brazil,April,80 °F,64 °F,72 °F,"2.30""",76%,61 °F,12 mph,"30.03 ""Hg",6 mi
São Paulo,São Paulo,Brazil,May,75 °F,59 °F,67 °F,"1.72""",76%,57 °F,11 mph,"30.08 ""Hg",6 mi
São Paulo,São Paulo,Brazil,June,74 °F,58 °F,66 °F,"1.67""",74%,55 °F,10 mph,"30.13 ""Hg",6 mi
São Paulo,São Paulo,Brazil,July,74 °F,56 °F,65 °F,"1.56""",72%,52 °F,10 mph,"30.16 ""Hg",6 mi
São Paulo,São Paulo,Brazil,August,77 °F,57 °F,67 °F,"1.31""",70%,53 °F,12 mph,"30.14 ""Hg",6 mi
São Paulo,São Paulo,Brazil,September,78 °F,59 °F,69 °F,"2.64""",74%,56 °F,13 mph,"30.08 ""Hg",5 mi
São Paulo,São Paulo,Brazil,October,80 °F,62 °F,71 °F,"3.52""",77%,59 °F,14 mph,"30.01 ""Hg",6 mi
São Paulo,São Paulo,Brazil,November,80 °F,63 °F,72 °F,"4.58""",76%,61 °F,15 mph,"29.96 ""Hg",6 mi
São Paulo,São Paulo,Brazil,December,83 °F,66 °F,74 °F,"6.13""",76%,63 °F,14 mph,"29.93 ""Hg",6 mi
Bogota,,Colombia,January,69 °F,44 °F,56 °F,"1.83""",79%,48 °F,10 mph,"30.11 ""Hg",7 mi
Bogota,,Colombia,February,69 °F,46 °F,57 °F,"3.54""",79%,49 °F,10 mph,"30.12 ""Hg",6 mi
Bogota,,Colombia,March,68 °F,48 °F,58 °F,"4.26""",80%,50 °F,10 mph,"30.12 ""Hg",6 mi
Bogota,,Colombia,April,68 °F,50 °F,59 °F,"4.32""",82%,51 °F,9 mph,"30.14 ""Hg",7 mi
Bogota,,Colombia,May,67 °F,50 °F,58 °F,"5.02""",82%,51 °F,10 mph,"30.16 ""Hg",7 mi
Bogota,,Colombia,June,66 °F,49 °F,58 °F,"3.54""",79%,50 °F,11 mph,"30.17 ""Hg",7 mi
Bogota,,Colombia,July,66 °F,48 °F,57 °F,"2.69""",77%,48 °F,12 mph,"30.18 ""Hg",7 mi
Bogota,,Colombia,August,66 °F,48 °F,57 °F,"2.82""",77%,48 °F,11 mph,"30.17 ""Hg",7 mi
Bogota,,Colombia,September,67 °F,46 °F,57 °F,"3.21""",77%,48 °F,10 mph,"30.16 ""Hg",7 mi
Bogota,,Colombia,October,67 °F,47 °F,57 °F,"4.84""",81%,50 °F,10 mph,"30.13 ""Hg",7 mi
Bogota,,Colombia,November,67 °F,48 °F,58 °F,"5.75""",83%,51 °F,9 mph,"30.10 ""Hg",6 mi
Bogota,,Colombia,December,68 °F,46 °F,57 °F,"3.11""",81%,49 °F,10 mph,"30.11 ""Hg",7 mi
Kolkata,West Bengal,India,January,78 °F,55 °F,66 °F,"0.60""",71%,55 °F,4 mph,"29.97 ""Hg",1 mi
Kolkata,West Bengal,India,February,85 °F,62 °F,73 °F,"0.61""",66%,60 °F,4 mph,"29.91 ""Hg",1 mi
Kolkata,West Bengal,India,March,93 °F,71 °F,82 °F,"1.17""",64%,66 °F,6 mph,"29.82 ""Hg",2 mi
Kolkata,West Bengal,India,April,97 °F,77 °F,87 °F,"2.00""",69%,74 °F,11 mph,"29.73 ""Hg",2 mi
Kolkata,West Bengal,India,May,97 °F,78 °F,88 °F,"5.70""",74%,77 °F,11 mph,"29.63 ""Hg",2 mi
Kolkata,West Bengal,India,June,94 °F,80 °F,87 °F,"9.30""",80%,79 °F,9 mph,"29.53 ""Hg",2 mi
Kolkata,West Bengal,India,July,92 °F,80 °F,86 °F,"12.92""",84%,79 °F,8 mph,"29.52 ""Hg",2 mi
Kolkata,West Bengal,India,August,92 °F,80 °F,86 °F,"13.62""",85%,79 °F,7 mph,"29.56 ""Hg",2 mi
Kolkata,West Bengal,India,September,92 °F,79 °F,85 °F,"10.29""",84%,78 °F,6 mph,"29.66 ""Hg",2 mi
Kolkata,West Bengal,India,October,91 °F,75 °F,83 °F,"5.61""",79%,74 °F,4 mph,"29.81 ""Hg",2 mi
Kolkata,West Bengal,India,November,86 °F,67 °F,76 °F,"1.14""",72%,65 °F,3 mph,"29.90 ""Hg",1 mi
Kolkata,West Bengal,India,December,80 °F,57 °F,69 °F,"0.45""",73%,58 °F,4 mph,"29.97 ""Hg",1 mi
Seattle,Washington,USA,January,48 °F,37 °F,43 °F,"4.41""",81%,37 °F,9 mph,"30.07 ""Hg",9 mi
Seattle,Washington,USA,February,50 °F,37 °F,44 °F,"3.09""",76%,37 °F,9 mph,"30.06 ""Hg",10 mi
Seattle,Washington,USA,March,54 °F,40 °F,47 °F,"3.26""",73%,38 °F,10 mph,"30.04 ""Hg",10 mi
Seattle,Washington,USA,April,59 °F,44 °F,52 °F,"2.20""",68%,41 °F,10 mph,"30.05 ""Hg",10 mi
Seattle,Washington,USA,May,66 °F,50 °F,58 °F,"1.56""",65%,46 °F,9 mph,"30.04 ""Hg",11 mi
Seattle,Washington,USA,June,71 °F,54 °F,63 °F,"1.07""",63%,49 °F,9 mph,"30.03 ""Hg",11 mi
Seattle,Washington,USA,July,77 °F,58 °F,68 °F,"0.39""",61%,53 °F,8 mph,"30.05 ""Hg",12 mi
Seattle,Washington,USA,August,77 °F,59 °F,68 °F,"0.57""",62%,54 °F,8 mph,"30.02 ""Hg",11 mi
Seattle,Washington,USA,September,71 °F,54 °F,63 °F,"1.28""",68%,51 °F,8 mph,"30.02 ""Hg",11 mi
Seattle,Washington,USA,October,61 °F,47 °F,54 °F,"3.05""",78%,47 °F,8 mph,"30.07 ""Hg",9 mi
Seattle,Washington,USA,November,53 °F,41 °F,47 °F,"5.10""",81%,41 °F,9 mph,"30.06 ""Hg",9 mi
Seattle,Washington,USA,December,47 °F,37 °F,42 °F,"4.86""",82%,37 °F,9 mph,"30.08 ""Hg",9 mi
Boston,Massachusetts,USA,January,37 °F,24 °F,30 °F,"3.21""",63%,19 °F,20 mph,"30.05 ""Hg",9 mi
Boston,Massachusetts,USA,February,39 °F,25 °F,32 °F,"3.19""",61%,19 °F,20 mph,"30.04 ""Hg",9 mi
Boston,Massachusetts,USA,March,45 °F,31 °F,38 °F,"4.05""",61%,25 °F,20 mph,"30.05 ""Hg",9 mi
Boston,Massachusetts,USA,April,56 °F,41 °F,48 °F,"3.60""",61%,34 °F,19 mph,"29.99 ""Hg",9 mi
Boston,Massachusetts,USA,May,66 °F,50 °F,58 °F,"3.41""",66%,46 °F,17 mph,"30.00 ""Hg",9 mi
Boston,Massachusetts,USA,June,77 °F,60 °F,68 °F,"3.95""",67%,56 °F,16 mph,"29.95 ""Hg",9 mi
Boston,Massachusetts,USA,July,82 °F,66 °F,74 °F,"3.56""",67%,62 °F,15 mph,"29.95 ""Hg",9 mi
Boston,Massachusetts,USA,August,81 °F,65 °F,73 °F,"3.21""",68%,61 °F,15 mph,"30.00 ""Hg",9 mi
Boston,Massachusetts,USA,September,73 °F,59 °F,66 °F,"3.63""",70%,56 °F,16 mph,"30.06 ""Hg",9 mi
Boston,Massachusetts,USA,October,62 °F,48 °F,55 °F,"4.10""",68%,44 °F,18 mph,"30.06 ""Hg",9 mi
Boston,Massachusetts,USA,November,52 °F,38 °F,45 °F,"3.59""",65%,33 °F,18 mph,"30.09 ""Hg",9 mi
Boston,Massachusetts,USA,December,43 °F,30 °F,36 °F,"4.14""",65%,25 °F,19 mph,"30.08 ""Hg",9 mi
Kuala Lumpur,,Malaysia,January,91 °F,75 °F,83 °F,"9.22""",79%,74 °F,6 mph,"29.84 ""Hg",6 mi
Kuala Lumpur,,Malaysia,February,92 °F,75 °F,84 °F,"7.34""",77%,74 °F,6 mph,"29.84 ""Hg",6 mi
Kuala Lumpur,,Malaysia,March,93 °F,76 °F,84 °F,"10.19""",79%,75 °F,7 mph,"29.82 ""Hg",6 mi
Kuala Lumpur,,Malaysia,April,93 °F,76 °F,84 °F,"11.07""",81%,76 °F,7 mph,"29.81 ""Hg",6 mi
Kuala Lumpur,,Malaysia,May,93 °F,77 °F,85 °F,"8.88""",80%,76 °F,7 mph,"29.80 ""Hg",6 mi
Kuala Lumpur,,Malaysia,June,92 °F,76 °F,84 °F,"6.22""",78%,75 °F,7 mph,"29.80 ""Hg",7 mi
Kuala Lumpur,,Malaysia,July,91 °F,76 °F,83 °F,"6.82""",78%,74 °F,7 mph,"29.81 ""Hg",7 mi
Kuala Lumpur,,Malaysia,August,91 °F,76 °F,83 °F,"7.14""",78%,74 °F,7 mph,"29.82 ""Hg",6 mi
Kuala Lumpur,,Malaysia,September,91 °F,75 °F,83 °F,"9.01""",79%,74 °F,7 mph,"29.83 ""Hg",6 mi
Kuala Lumpur,,Malaysia,October,91 °F,75 °F,83 °F,"11.29""",81%,75 °F,7 mph,"29.83 ""Hg",6 mi
Kuala Lumpur,,Malaysia,November,90 °F,75 °F,83 °F,"13.36""",84%,75 °F,6 mph,"29.82 ""Hg",6 mi
Kuala Lumpur,,Malaysia,December,90 °F,75 °F,82 °F,"10.63""",83%,75 °F,6 mph,"29.83 ""Hg",6 mi
Seoul,,South Korea,January,35 °F,19 °F,27 °F,"0.56""",64%,15 °F,10 mph,"30.27 ""Hg",5 mi
Seoul,,South Korea,February,41 °F,23 °F,32 °F,"0.85""",62%,18 °F,11 mph,"30.22 ""Hg",5 mi
Seoul,,South Korea,March,51 °F,33 °F,42 °F,"1.00""",62%,27 °F,12 mph,"30.11 ""Hg",5 mi
Seoul,,South Korea,April,63 °F,43 °F,53 °F,"1.92""",62%,38 °F,13 mph,"29.98 ""Hg",5 mi
Seoul,,South Korea,May,73 °F,54 °F,63 °F,"2.60""",67%,50 °F,12 mph,"29.86 ""Hg",5 mi
Seoul,,South Korea,June,80 °F,64 °F,72 °F,"3.11""",73%,61 °F,11 mph,"29.75 ""Hg",4 mi
Seoul,,South Korea,July,84 °F,72 °F,78 °F,"5.69""",81%,70 °F,11 mph,"29.73 ""Hg",4 mi
Seoul,,South Korea,August,86 °F,72 °F,79 °F,"6.09""",79%,71 °F,11 mph,"29.78 ""Hg",5 mi
Seoul,,South Korea,September,79 °F,62 °F,71 °F,"2.67""",75%,60 °F,10 mph,"29.94 ""Hg",5 mi
Seoul,,South Korea,October,68 °F,48 °F,58 °F,"1.33""",71%,46 °F,9 mph,"30.11 ""Hg",5 mi
Seoul,,South Korea,November,53 °F,36 °F,44 °F,"1.56""",70%,33 °F,10 mph,"30.19 ""Hg",5 mi
Seoul,,South Korea,December,39 °F,23 °F,31 °F,"0.62""",66%,19 °F,10 mph,"30.27 ""Hg",5 mi
Brasilia,Distrito Federal,Brazil,January,82 °F,66 °F,74 °F,"5.49""",74%,63 °F,10 mph,"29.95 ""Hg",8 mi
Brasilia,Distrito Federal,Brazil,February,83 °F,65 °F,74 °F,"4.62""",75%,64 °F,10 mph,"29.97 ""Hg",8 mi
Brasilia,Distrito Federal,Brazil,March,82 °F,65 °F,74 °F,"5.42""",76%,64 °F,9 mph,"29.97 ""Hg",8 mi
Brasilia,Distrito Federal,Brazil,April,82 °F,64 °F,73 °F,"3.17""",73%,62 °F,9 mph,"30.00 ""Hg",8 mi
Brasilia,Distrito Federal,Brazil,May,81 °F,59 °F,70 °F,"0.69""",68%,57 °F,8 mph,"30.05 ""Hg",8 mi
Brasilia,Distrito Federal,Brazil,June,80 °F,55 °F,67 °F,"0.12""",63%,53 °F,9 mph,"30.10 ""Hg",8 mi
Brasilia,Distrito Federal,Brazil,July,80 °F,54 °F,67 °F,"0.00""",57%,49 °F,9 mph,"30.12 ""Hg",8 mi
Brasilia,Distrito Federal,Brazil,August,83 °F,56 °F,70 °F,"0.39""",49%,48 °F,10 mph,"30.08 ""Hg",8 mi
Brasilia,Distrito Federal,Brazil,September,86 °F,62 °F,74 °F,"1.12""",49%,52 °F,11 mph,"30.02 ""Hg",8 mi
Brasilia,Distrito Federal,Brazil,October,86 °F,65 °F,76 °F,"2.72""",61%,58 °F,10 mph,"29.97 ""Hg",8 mi
Brasilia,Distrito Federal,Brazil,November,82 °F,66 °F,74 °F,"5.95""",75%,63 °F,10 mph,"29.94 ""Hg",8 mi
Brasilia,Distrito Federal,Brazil,December,82 °F,66 °F,74 °F,"6.07""",76%,64 °F,10 mph,"29.94 ""Hg",8 mi
Kuwait City,,Kuwait,January,67 °F,45 °F,56 °F,"3.89""",63%,42 °F,14 mph,"30.13 ""Hg",5 mi
Kuwait City,,Kuwait,February,72 °F,48 °F,60 °F,"1.81""",53%,41 °F,15 mph,"30.07 ""Hg",5 mi
Kuwait City,,Kuwait,March,81 °F,56 °F,68 °F,"2.04""",42%,41 °F,16 mph,"29.97 ""Hg",6 mi
Kuwait City,,Kuwait,April,91 °F,66 °F,79 °F,"3.88""",33%,45 °F,17 mph,"29.87 ""Hg",5 mi
Kuwait City,,Kuwait,May,104 °F,77 °F,91 °F,"2.93""",21%,44 °F,17 mph,"29.75 ""Hg",5 mi
Kuwait City,,Kuwait,June,113 °F,84 °F,98 °F,"3.51""",13%,39 °F,22 mph,"29.58 ""Hg",5 mi
Kuwait City,,Kuwait,July,116 °F,87 °F,101 °F,"2.61""",14%,43 °F,21 mph,"29.48 ""Hg",5 mi
Kuwait City,,Kuwait,August,116 °F,86 °F,101 °F,"1.60""",18%,47 °F,18 mph,"29.53 ""Hg",5 mi
Kuwait City,,Kuwait,September,109 °F,79 °F,94 °F,"0.63""",21%,46 °F,16 mph,"29.70 ""Hg",6 mi
Kuwait City,,Kuwait,October,98 °F,69 °F,83 °F,"1.85""",35%,49 °F,13 mph,"29.90 ""Hg",5 mi
Kuwait City,,Kuwait,November,81 °F,57 °F,69 °F,"1.44""",50%,47 °F,14 mph,"30.05 ""Hg",6 mi
Kuwait City,,Kuwait,December,70 °F,48 °F,59 °F,"2.81""",61%,44 °F,13 mph,"30.14 ""Hg",5 mi
Shanghai,Shanghai Municipality,China,January,47 °F,35 °F,41 °F,"2.38""",72%,32 °F,15 mph,"30.32 ""Hg",4 mi
Shanghai,Shanghai Municipality,China,February,51 °F,38 °F,45 °F,"2.06""",71%,35 °F,15 mph,"30.25 ""Hg",5 mi
Shanghai,Shanghai Municipality,China,March,58 °F,45 °F,52 °F,"2.79""",70%,41 °F,16 mph,"30.14 ""Hg",5 mi
Shanghai,Shanghai Municipality,China,April,69 °F,54 °F,62 °F,"2.45""",69%,50 °F,16 mph,"29.99 ""Hg",5 mi
Shanghai,Shanghai Municipality,China,May,78 °F,64 °F,71 °F,"2.95""",71%,59 °F,16 mph,"29.85 ""Hg",5 mi
Shanghai,Shanghai Municipality,China,June,83 °F,71 °F,77 °F,"4.89""",79%,69 °F,14 mph,"29.72 ""Hg",5 mi
Shanghai,Shanghai Municipality,China,July,92 °F,79 °F,85 °F,"4.21""",76%,76 °F,16 mph,"29.68 ""Hg",5 mi
Shanghai,Shanghai Municipality,China,August,91 °F,79 °F,85 °F,"5.73""",77%,75 °F,16 mph,"29.72 ""Hg",6 mi
Shanghai,Shanghai Municipality,China,September,83 °F,72 °F,78 °F,"3.55""",74%,68 °F,15 mph,"29.91 ""Hg",6 mi
Shanghai,Shanghai Municipality,China,October,74 °F,61 °F,68 °F,"1.99""",71%,57 °F,14 mph,"30.11 ""Hg",5 mi
Shanghai,Shanghai Municipality,China,November,64 °F,51 °F,57 °F,"2.02""",72%,47 °F,14 mph,"30.21 ""Hg",4 mi
Shanghai,Shanghai Municipality,China,December,52 °F,39 °F,46 °F,"1.74""",70%,36 °F,14 mph,"30.32 ""Hg",4 mi
Brisbane,Queensland,Australia,January,84 °F,71 °F,77 °F,"4.79""",72%,67 °F,18 mph,"29.90 ""Hg",9 mi
Brisbane,Queensland,Australia,February,84 °F,70 °F,77 °F,"5.39""",74%,67 °F,17 mph,"29.91 ""Hg",9 mi
Brisbane,Queensland,Australia,March,82 °F,67 °F,75 °F,"4.68""",75%,65 °F,16 mph,"29.98 ""Hg",9 mi
Brisbane,Queensland,Australia,April,79 °F,62 °F,70 °F,"2.80""",74%,61 °F,15 mph,"30.07 ""Hg",9 mi
Brisbane,Queensland,Australia,May,74 °F,56 °F,65 °F,"3.54""",74%,55 °F,14 mph,"30.10 ""Hg",9 mi
Brisbane,Queensland,Australia,June,70 °F,52 °F,61 °F,"2.41""",73%,51 °F,14 mph,"30.12 ""Hg",10 mi
Brisbane,Queensland,Australia,July,70 °F,49 °F,59 °F,"1.25""",70%,48 °F,14 mph,"30.13 ""Hg",10 mi
Brisbane,Queensland,Australia,August,72 °F,50 °F,61 °F,"1.38""",69%,48 °F,15 mph,"30.12 ""Hg",9 mi
Brisbane,Queensland,Australia,September,75 °F,55 °F,65 °F,"1.29""",70%,54 °F,17 mph,"30.08 ""Hg",9 mi
Brisbane,Queensland,Australia,October,78 °F,60 °F,69 °F,"3.04""",70%,58 °F,18 mph,"30.04 ""Hg",9 mi
Brisbane,Queensland,Australia,November,80 °F,65 °F,73 °F,"3.78""",71%,62 °F,19 mph,"29.97 ""Hg",9 mi
Brisbane,Queensland,Australia,December,83 °F,68 °F,75 °F,"4.69""",72%,65 °F,19 mph,"29.92 ""Hg",9 mi
Kyiv,,Ukraine,January,31 °F,22 °F,27 °F,"1.55""",86%,23 °F,14 mph,"30.09 ""Hg",6 mi
Kyiv,,Ukraine,February,34 °F,23 °F,29 °F,"1.56""",82%,23 °F,14 mph,"30.06 ""Hg",6 mi
Kyiv,,Ukraine,March,44 °F,30 °F,37 °F,"1.59""",73%,28 °F,15 mph,"30.01 ""Hg",7 mi
Kyiv,,Ukraine,April,59 °F,41 °F,50 °F,"1.66""",62%,36 °F,13 mph,"29.97 ""Hg",8 mi
Kyiv,,Ukraine,May,70 °F,51 °F,60 °F,"2.58""",63%,46 °F,12 mph,"29.96 ""Hg",9 mi
Kyiv,,Ukraine,June,76 °F,58 °F,67 °F,"2.90""",64%,54 °F,12 mph,"29.93 ""Hg",9 mi
Kyiv,,Ukraine,July,80 °F,61 °F,70 °F,"2.75""",66%,58 °F,11 mph,"29.91 ""Hg",9 mi
Kyiv,,Ukraine,August,79 °F,59 °F,69 °F,"2.25""",65%,55 °F,10 mph,"29.98 ""Hg",9 mi
Kyiv,,Ukraine,September,68 °F,50 °F,59 °F,"2.21""",72%,48 °F,11 mph,"30.03 ""Hg",8 mi
Kyiv,,Ukraine,October,55 °F,40 °F,48 °F,"1.73""",79%,40 °F,12 mph,"30.11 ""Hg",7 mi
Kyiv,,Ukraine,November,42 °F,32 °F,37 °F,"1.96""",87%,33 °F,13 mph,"30.12 ""Hg",5 mi
Kyiv,,Ukraine,December,33 °F,25 °F,29 °F,"1.92""",88%,26 °F,14 mph,"30.10 ""Hg",5 mi
Singapore,,Singapore,January,87 °F,76 °F,82 °F,"9.77""",80%,74 °F,14 mph,"29.84 ""Hg",6 mi
Singapore,,Singapore,February,89 °F,76 °F,83 °F,"4.57""",78%,74 °F,14 mph,"29.84 ""Hg",7 mi
Singapore,,Singapore,March,90 °F,77 °F,84 °F,"6.60""",79%,76 °F,10 mph,"29.82 ""Hg",6 mi
Singapore,,Singapore,April,91 °F,77 °F,84 °F,"7.28""",79%,77 °F,7 mph,"29.80 ""Hg",6 mi
Singapore,,Singapore,May,90 °F,78 °F,84 °F,"6.60""",79%,77 °F,7 mph,"29.79 ""Hg",6 mi
Singapore,,Singapore,June,90 °F,78 °F,84 °F,"5.80""",78%,76 °F,9 mph,"29.80 ""Hg",7 mi
Singapore,,Singapore,July,89 °F,78 °F,83 °F,"8.47""",78%,76 °F,11 mph,"29.80 ""Hg",7 mi
Singapore,,Singapore,August,89 °F,77 °F,83 °F,"6.94""",78%,76 °F,11 mph,"29.81 ""Hg",6 mi
Singapore,,Singapore,September,89 °F,77 °F,83 °F,"6.17""",77%,75 °F,10 mph,"29.82 ""Hg",6 mi
Singapore,,Singapore,October,89 °F,77 °F,83 °F,"7.96""",78%,76 °F,8 mph,"29.82 ""Hg",6 mi
Singapore,,Singapore,November,89 °F,76 °F,83 °F,"9.79""",81%,76 °F,7 mph,"29.80 ""Hg",6 mi
Singapore,,Singapore,December,88 °F,76 °F,82 °F,"12.00""",82%,75 °F,10 mph,"29.82 ""Hg",6 mi
Brussels,,Belgium,January,43 °F,35 °F,39 °F,"2.55""",85%,35 °F,19 mph,"30.05 ""Hg",7 mi
Brussels,,Belgium,February,45 °F,35 °F,40 °F,"2.25""",82%,35 °F,18 mph,"30.05 ""Hg",7 mi
Brussels,,Belgium,March,51 °F,38 °F,45 °F,"2.14""",77%,37 °F,17 mph,"30.04 ""Hg",7 mi
Brussels,,Belgium,April,58 °F,42 °F,50 °F,"1.59""",72%,41 °F,14 mph,"29.98 ""Hg",8 mi
Brussels,,Belgium,May,65 °F,48 °F,56 °F,"2.30""",73%,47 °F,14 mph,"30.00 ""Hg",9 mi
Brussels,,Belgium,June,71 °F,53 °F,62 °F,"2.37""",74%,53 °F,13 mph,"30.04 ""Hg",9 mi
Brussels,,Belgium,July,74 °F,57 °F,65 °F,"2.82""",74%,56 °F,13 mph,"30.01 ""Hg",9 mi
Brussels,,Belgium,August,73 °F,56 °F,65 °F,"3.05""",75%,56 °F,13 mph,"30.00 ""Hg",9 mi
Brussels,,Belgium,September,67 °F,52 °F,59 °F,"2.00""",79%,52 °F,13 mph,"30.04 ""Hg",8 mi
Brussels,,Belgium,October,59 °F,46 °F,53 °F,"2.40""",83%,47 °F,15 mph,"30.00 ""Hg",8 mi
Brussels,,Belgium,November,50 °F,40 °F,45 °F,"2.38""",86%,41 °F,16 mph,"29.98 ""Hg",7 mi
Brussels,,Belgium,December,44 °F,36 °F,40 °F,"3.06""",87%,36 °F,18 mph,"30.02 ""Hg",7 mi
La Paz,,Bolivia,January,59 °F,40 °F,49 °F,"5.68""",77%,40 °F,13 mph,"30.30 ""Hg",6 mi
La Paz,,Bolivia,February,59 °F,40 °F,49 °F,"4.22""",78%,40 °F,13 mph,"30.31 ""Hg",6 mi
La Paz,,Bolivia,March,59 °F,38 °F,49 °F,"3.58""",76%,39 °F,12 mph,"30.32 ""Hg",7 mi
La Paz,,Bolivia,April,60 °F,35 °F,47 °F,"1.63""",69%,35 °F,12 mph,"30.36 ""Hg",7 mi
La Paz,,Bolivia,May,60 °F,28 °F,44 °F,"0.52""",53%,25 °F,12 mph,"30.40 ""Hg",9 mi
La Paz,,Bolivia,June,58 °F,25 °F,42 °F,"0.25""",48%,20 °F,12 mph,"30.41 ""Hg",9 mi
La Paz,,Bolivia,July,58 °F,25 °F,41 °F,"0.34""",48%,20 °F,13 mph,"30.41 ""Hg",9 mi
La Paz,,Bolivia,August,60 °F,26 °F,43 °F,"0.95""",51%,23 °F,13 mph,"30.40 ""Hg",8 mi
La Paz,,Bolivia,September,61 °F,31 °F,46 °F,"1.16""",59%,29 °F,14 mph,"30.37 ""Hg",7 mi
La Paz,,Bolivia,October,62 °F,35 °F,48 °F,"2.02""",62%,33 °F,14 mph,"30.33 ""Hg",8 mi
La Paz,,Bolivia,November,63 °F,37 °F,50 °F,"2.08""",62%,34 °F,14 mph,"30.28 ""Hg",8 mi
La Paz,,Bolivia,December,61 °F,39 °F,50 °F,"3.94""",70%,38 °F,14 mph,"30.28 ""Hg",7 mi
Sofia,,Bulgaria,January,39 °F,23 °F,31 °F,"1.54""",85%,26 °F,10 mph,"30.16 ""Hg",4 mi
Sofia,,Bulgaria,February,46 °F,26 °F,36 °F,"1.36""",78%,28 °F,12 mph,"30.10 ""Hg",5 mi
Sofia,,Bulgaria,March,54 °F,32 °F,43 °F,"1.89""",70%,31 °F,13 mph,"30.03 ""Hg",6 mi
Sofia,,Bulgaria,April,63 °F,40 °F,52 °F,"2.65""",66%,39 °F,12 mph,"29.96 ""Hg",7 mi
Sofia,,Bulgaria,May,72 °F,49 °F,60 °F,"2.86""",69%,49 °F,11 mph,"29.96 ""Hg",7 mi
Sofia,,Bulgaria,June,79 °F,55 °F,67 °F,"3.11""",69%,55 °F,10 mph,"29.95 ""Hg",7 mi
Sofia,,Bulgaria,July,84 °F,59 °F,71 °F,"2.71""",63%,56 °F,11 mph,"29.93 ""Hg",7 mi
Sofia,,Bulgaria,August,85 °F,58 °F,72 °F,"2.16""",61%,55 °F,10 mph,"29.96 ""Hg",7 mi
Sofia,,Bulgaria,September,76 °F,51 °F,63 °F,"2.59""",67%,50 °F,10 mph,"30.02 ""Hg",7 mi
Sofia,,Bulgaria,October,65 °F,42 °F,54 °F,"2.36""",76%,44 °F,10 mph,"30.11 ""Hg",6 mi
Sofia,,Bulgaria,November,53 °F,34 °F,43 °F,"1.48""",82%,37 °F,10 mph,"30.13 ""Hg",5 mi
Sofia,,Bulgaria,December,41 °F,26 °F,34 °F,"1.71""",86%,29 °F,10 mph,"30.17 ""Hg",4 mi
Bucharest,,Romania,January,37 °F,23 °F,30 °F,"2.16""",88%,27 °F,10 mph,"30.13 ""Hg",4 mi
Bucharest,,Romania,February,44 °F,26 °F,35 °F,"1.33""",81%,29 °F,11 mph,"30.09 ""Hg",5 mi
Bucharest,,Romania,March,54 °F,32 °F,43 °F,"1.94""",71%,33 °F,12 mph,"30.02 ""Hg",6 mi
Bucharest,,Romania,April,65 °F,41 °F,53 °F,"1.85""",67%,41 °F,11 mph,"29.96 ""Hg",6 mi
Bucharest,,Romania,May,76 °F,50 °F,63 °F,"2.53""",68%,51 °F,10 mph,"29.95 ""Hg",6 mi
Bucharest,,Romania,June,83 °F,57 °F,70 °F,"3.20""",68%,58 °F,9 mph,"29.93 ""Hg",7 mi
Bucharest,,Romania,July,87 °F,60 °F,74 °F,"2.42""",64%,60 °F,8 mph,"29.91 ""Hg",7 mi
Bucharest,,Romania,August,87 °F,59 °F,73 °F,"1.88""",62%,58 °F,8 mph,"29.95 ""Hg",7 mi
Bucharest,,Romania,September,77 °F,51 °F,64 °F,"2.39""",68%,52 °F,8 mph,"30.02 ""Hg",6 mi
Bucharest,,Romania,October,64 °F,42 °F,53 °F,"2.29""",79%,46 °F,8 mph,"30.11 ""Hg",6 mi
Bucharest,,Romania,November,51 °F,34 °F,43 °F,"1.55""",85%,38 °F,9 mph,"30.12 ""Hg",5 mi
Bucharest,,Romania,December,40 °F,27 °F,33 °F,"1.82""",89%,30 °F,10 mph,"30.14 ""Hg",4 mi
Lagos,Lagos,Nigeria,January,93 °F,74 °F,83 °F,"2.41""",74%,73 °F,8 mph,"29.87 ""Hg",4 mi
Lagos,Lagos,Nigeria,February,93 °F,77 °F,85 °F,"1.90""",78%,76 °F,10 mph,"29.84 ""Hg",5 mi
Lagos,Lagos,Nigeria,March,92 °F,78 °F,85 °F,"3.17""",80%,77 °F,11 mph,"29.84 ""Hg",6 mi
Lagos,Lagos,Nigeria,April,92 °F,77 °F,84 °F,"3.53""",81%,77 °F,10 mph,"29.85 ""Hg",6 mi
Lagos,Lagos,Nigeria,May,90 °F,76 °F,83 °F,"7.27""",83%,77 °F,8 mph,"29.88 ""Hg",6 mi
Lagos,Lagos,Nigeria,June,86 °F,74 °F,80 °F,"7.81""",87%,75 °F,8 mph,"29.93 ""Hg",5 mi
Lagos,Lagos,Nigeria,July,84 °F,74 °F,79 °F,"7.43""",87%,74 °F,10 mph,"29.95 ""Hg",6 mi
Lagos,Lagos,Nigeria,August,84 °F,74 °F,79 °F,"2.93""",86%,73 °F,12 mph,"29.94 ""Hg",6 mi
Lagos,Lagos,Nigeria,September,85 °F,74 °F,80 °F,"5.92""",87%,75 °F,11 mph,"29.92 ""Hg",6 mi
Lagos,Lagos,Nigeria,October,87 °F,75 °F,81 °F,"7.52""",87%,76 °F,9 mph,"29.88 ""Hg",6 mi
Lagos,Lagos,Nigeria,November,90 °F,76 °F,83 °F,"6.40""",84%,77 °F,8 mph,"29.85 ""Hg",5 mi
Lagos,Lagos,Nigeria,December,92 °F,75 °F,84 °F,"1.16""",78%,74 °F,8 mph,"29.87 ""Hg",4 mi
St. John's,Newfoundland and Labrador,Canada,January,32 °F,19 °F,25 °F,"5.90""",84%,21 °F,29 mph,"29.79 ""Hg",10 mi
St. John's,Newfoundland and Labrador,Canada,February,31 °F,18 °F,25 °F,"4.91""",82%,20 °F,30 mph,"29.81 ""Hg",10 mi
St. John's,Newfoundland and Labrador,Canada,March,34 °F,22 °F,28 °F,"5.24""",82%,23 °F,28 mph,"29.87 ""Hg",10 mi
St. John's,Newfoundland and Labrador,Canada,April,42 °F,29 °F,35 °F,"4.71""",83%,29 °F,25 mph,"29.92 ""Hg",10 mi
St. John's,Newfoundland and Labrador,Canada,May,52 °F,35 °F,43 °F,"3.81""",82%,36 °F,23 mph,"29.98 ""Hg",10 mi
St. John's,Newfoundland and Labrador,Canada,June,61 °F,43 °F,52 °F,"3.61""",82%,45 °F,22 mph,"29.95 ""Hg",11 mi
St. John's,Newfoundland and Labrador,Canada,July,70 °F,52 °F,61 °F,"4.01""",82%,54 °F,22 mph,"29.97 ""Hg",11 mi
St. John's,Newfoundland and Labrador,Canada,August,70 °F,54 °F,62 °F,"3.88""",83%,56 °F,22 mph,"29.98 ""Hg",12 mi
St. John's,Newfoundland and Labrador,Canada,September,63 °F,47 °F,55 °F,"4.75""",84%,50 °F,23 mph,"30.00 ""Hg",12 mi
St. John's,Newfoundland and Labrador,Canada,October,52 °F,40 °F,46 °F,"6.02""",85%,41 °F,24 mph,"29.95 ""Hg",12 mi
St. John's,Newfoundland and Labrador,Canada,November,44 °F,32 °F,38 °F,"6.04""",84%,33 °F,27 mph,"29.95 ""Hg",11 mi
St. John's,Newfoundland and Labrador,Canada,December,36 °F,25 °F,31 °F,"6.66""",85%,26 °F,29 mph,"29.83 ""Hg",10 mi
Budapest,,Hungary,January,37 °F,26 °F,32 °F,"1.39""",88%,28 °F,12 mph,"30.12 ""Hg",4 mi
Budapest,,Hungary,February,43 °F,29 °F,36 °F,"1.38""",82%,29 °F,13 mph,"30.08 ""Hg",5 mi
Budapest,,Hungary,March,52 °F,35 °F,44 °F,"1.52""",71%,33 °F,15 mph,"30.03 ""Hg",6 mi
Budapest,,Hungary,April,64 °F,44 °F,54 °F,"1.72""",65%,40 °F,15 mph,"29.94 ""Hg",6 mi
Budapest,,Hungary,May,72 °F,52 °F,62 °F,"3.00""",68%,50 °F,13 mph,"29.96 ""Hg",6 mi
Budapest,,Hungary,June,79 °F,59 °F,69 °F,"3.12""",68%,56 °F,13 mph,"29.97 ""Hg",6 mi
Budapest,,Hungary,July,83 °F,62 °F,72 °F,"3.32""",66%,58 °F,13 mph,"29.95 ""Hg",6 mi
Budapest,,Hungary,August,83 °F,61 °F,72 °F,"2.43""",67%,58 °F,11 mph,"29.98 ""Hg",6 mi
Budapest,,Hungary,September,72 °F,53 °F,63 °F,"3.24""",72%,51 °F,12 mph,"30.03 ""Hg",6 mi
Budapest,,Hungary,October,61 °F,44 °F,53 °F,"2.12""",80%,45 °F,11 mph,"30.09 ""Hg",5 mi
Budapest,,Hungary,November,49 °F,36 °F,42 °F,"1.82""",86%,38 °F,12 mph,"30.08 ""Hg",5 mi
Budapest,,Hungary,December,38 °F,28 °F,33 °F,"1.70""",89%,30 °F,11 mph,"30.12 ""Hg",4 mi
Lahore,,Pakistan,January,65 °F,44 °F,55 °F,"1.59""",71%,43 °F,6 mph,"30.05 ""Hg",2 mi
Lahore,,Pakistan,February,72 °F,51 °F,61 °F,"1.58""",64%,47 °F,8 mph,"29.98 ""Hg",3 mi
Lahore,,Pakistan,March,82 °F,59 °F,71 °F,"2.47""",57%,52 °F,9 mph,"29.89 ""Hg",3 mi
Lahore,,Pakistan,April,94 °F,69 °F,82 °F,"1.49""",44%,55 °F,10 mph,"29.76 ""Hg",4 mi
Lahore,,Pakistan,May,103 °F,78 °F,90 °F,"1.88""",37%,59 °F,12 mph,"29.60 ""Hg",3 mi
Lahore,,Pakistan,June,102 °F,81 °F,91 °F,"3.94""",49%,68 °F,13 mph,"29.49 ""Hg",3 mi
Lahore,,Pakistan,July,96 °F,80 °F,88 °F,"11.56""",70%,76 °F,12 mph,"29.48 ""Hg",3 mi
Lahore,,Pakistan,August,94 °F,80 °F,87 °F,"8.07""",74%,77 °F,9 mph,"29.55 ""Hg",3 mi
Lahore,,Pakistan,September,94 °F,77 °F,85 °F,"5.28""",70%,72 °F,7 mph,"29.68 ""Hg",3 mi
Lahore,,Pakistan,October,90 °F,68 °F,79 °F,"0.92""",61%,61 °F,5 mph,"29.85 ""Hg",3 mi
Lahore,,Pakistan,November,80 °F,56 °F,68 °F,"0.91""",62%,51 °F,4 mph,"29.98 ""Hg",2 mi
Lahore,,Pakistan,December,70 °F,47 °F,58 °F,"0.87""",68%,45 °F,4 mph,"30.05 ""Hg",2 mi
Stockholm,,Sweden,January,34 °F,26 °F,30 °F,"1.33""",86%,26 °F,14 mph,"29.84 ""Hg",8 mi
Stockholm,,Sweden,February,35 °F,25 °F,30 °F,"1.09""",83%,25 °F,14 mph,"29.87 ""Hg",8 mi
Stockholm,,Sweden,March,41 °F,29 °F,35 °F,"0.94""",75%,27 °F,14 mph,"29.89 ""Hg",8 mi
Stockholm,,Sweden,April,51 °F,34 °F,43 °F,"1.04""",65%,31 °F,14 mph,"29.93 ""Hg",9 mi
Stockholm,,Sweden,May,62 °F,43 °F,52 °F,"1.18""",63%,39 °F,14 mph,"29.96 ""Hg",10 mi
Stockholm,,Sweden,June,69 °F,51 °F,60 °F,"1.92""",64%,47 °F,14 mph,"29.90 ""Hg",10 mi
Stockholm,,Sweden,July,74 °F,57 °F,65 °F,"2.09""",68%,53 °F,13 mph,"29.87 ""Hg",10 mi
Stockholm,,Sweden,August,71 °F,55 °F,63 °F,"2.26""",73%,54 °F,12 mph,"29.90 ""Hg",10 mi
Stockholm,,Sweden,September,62 °F,48 °F,55 °F,"1.72""",78%,48 °F,13 mph,"29.95 ""Hg",9 mi
Stockholm,,Sweden,October,51 °F,40 °F,45 °F,"1.83""",83%,40 °F,13 mph,"29.91 ""Hg",9 mi
Stockholm,,Sweden,November,42 °F,34 °F,38 °F,"1.64""",87%,34 °F,14 mph,"29.87 ""Hg",8 mi
Stockholm,,Sweden,December,36 °F,29 °F,33 °F,"1.77""",88%,29 °F,14 mph,"29.83 ""Hg",8 mi
Buenos Aires,,Argentina,January,85 °F,69 °F,77 °F,"4.53""",67%,64 °F,19 mph,"29.88 ""Hg",6 mi
Buenos Aires,,Argentina,February,83 °F,68 °F,75 °F,"4.90""",70%,64 °F,18 mph,"29.91 ""Hg",6 mi
Buenos Aires,,Argentina,March,79 °F,66 °F,72 °F,"4.49""",72%,62 °F,17 mph,"29.96 ""Hg",6 mi
Buenos Aires,,Argentina,April,73 °F,59 °F,66 °F,"4.52""",74%,56 °F,16 mph,"30.00 ""Hg",6 mi
Buenos Aires,,Argentina,May,66 °F,54 °F,60 °F,"3.64""",76%,51 °F,15 mph,"30.07 ""Hg",6 mi
Buenos Aires,,Argentina,June,61 °F,48 °F,55 °F,"2.17""",77%,46 °F,14 mph,"30.06 ""Hg",6 mi
Buenos Aires,,Argentina,July,59 °F,46 °F,53 °F,"2.66""",76%,44 °F,15 mph,"30.10 ""Hg",6 mi
Buenos Aires,,Argentina,August,63 °F,49 °F,56 °F,"2.62""",74%,46 °F,16 mph,"30.09 ""Hg",6 mi
Buenos Aires,,Argentina,September,66 °F,52 °F,59 °F,"3.01""",72%,49 °F,19 mph,"30.07 ""Hg",6 mi
Buenos Aires,,Argentina,October,72 °F,57 °F,65 °F,"4.39""",71%,54 °F,19 mph,"29.99 ""Hg",6 mi
Buenos Aires,,Argentina,November,78 °F,62 °F,70 °F,"3.81""",67%,57 °F,20 mph,"29.93 ""Hg",6 mi
Buenos Aires,,Argentina,December,83 °F,66 °F,75 °F,"3.67""",65%,61 °F,19 mph,"29.88 ""Hg",6 mi
Las Vegas,Nevada,USA,January,59 °F,40 °F,49 °F,"0.58""",41%,25 °F,8 mph,"30.11 ""Hg",11 mi
Las Vegas,Nevada,USA,February,63 °F,43 °F,53 °F,"0.83""",38%,26 °F,10 mph,"30.02 ""Hg",11 mi
Las Vegas,Nevada,USA,March,72 °F,50 °F,61 °F,"0.42""",29%,27 °F,12 mph,"29.94 ""Hg",12 mi
Las Vegas,Nevada,USA,April,79 °F,56 °F,68 °F,"0.21""",22%,26 °F,15 mph,"29.85 ""Hg",12 mi
Las Vegas,Nevada,USA,May,89 °F,66 °F,77 °F,"0.08""",19%,30 °F,15 mph,"29.78 ""Hg",12 mi
Las Vegas,Nevada,USA,June,100 °F,76 °F,88 °F,"0.05""",14%,31 °F,15 mph,"29.73 ""Hg",12 mi
Las Vegas,Nevada,USA,July,105 °F,81 °F,93 °F,"0.40""",19%,44 °F,13 mph,"29.77 ""Hg",12 mi
Las Vegas,Nevada,USA,August,103 °F,80 °F,92 °F,"0.32""",20%,44 °F,12 mph,"29.78 ""Hg",12 mi
Las Vegas,Nevada,USA,September,95 °F,72 °F,84 °F,"0.33""",21%,38 °F,10 mph,"29.82 ""Hg",11 mi
Las Vegas,Nevada,USA,October,82 °F,59 °F,70 °F,"0.33""",25%,31 °F,9 mph,"29.92 ""Hg",11 mi
Las Vegas,Nevada,USA,November,68 °F,47 °F,57 °F,"0.29""",31%,26 °F,8 mph,"30.04 ""Hg",11 mi
Las Vegas,Nevada,USA,December,57 °F,39 °F,48 °F,"0.47""",40%,23 °F,9 mph,"30.10 ""Hg",11 mi
Suva,,Fiji,January,87 °F,74 °F,81 °F,"12.71""",85%,75 °F,9 mph,"29.77 ""Hg",20 mi
Suva,,Fiji,February,88 °F,74 °F,81 °F,"11.27""",86%,75 °F,8 mph,"29.78 ""Hg",20 mi
Suva,,Fiji,March,87 °F,74 °F,81 °F,"13.46""",87%,75 °F,7 mph,"29.81 ""Hg",19 mi
Suva,,Fiji,April,85 °F,73 °F,79 °F,"11.71""",86%,74 °F,8 mph,"29.86 ""Hg",19 mi
Suva,,Fiji,May,83 °F,71 °F,77 °F,"8.72""",86%,71 °F,8 mph,"29.91 ""Hg",18 mi
Suva,,Fiji,June,81 °F,69 °F,75 °F,"6.45""",85%,70 °F,8 mph,"29.95 ""Hg",18 mi
Suva,,Fiji,July,80 °F,68 °F,74 °F,"5.32""",84%,68 °F,9 mph,"29.96 ""Hg",18 mi
Suva,,Fiji,August,79 °F,68 °F,73 °F,"4.94""",83%,68 °F,10 mph,"29.97 ""Hg",18 mi
Suva,,Fiji,September,80 °F,69 °F,75 °F,"6.53""",83%,69 °F,11 mph,"29.97 ""Hg",18 mi
Suva,,Fiji,October,82 °F,70 °F,76 °F,"9.44""",83%,70 °F,11 mph,"29.93 ""Hg",19 mi
Suva,,Fiji,November,84 °F,72 °F,78 °F,"9.05""",84%,72 °F,10 mph,"29.87 ""Hg",20 mi
Suva,,Fiji,December,86 °F,74 °F,80 °F,"13.08""",84%,74 °F,10 mph,"29.81 ""Hg",20 mi
Cairo,,Egypt,January,66 °F,50 °F,58 °F,"0.16""",61%,43 °F,14 mph,"30.09 ""Hg",5 mi
Cairo,,Egypt,February,69 °F,52 °F,60 °F,"0.18""",57%,43 °F,15 mph,"30.06 ""Hg",5 mi
Cairo,,Egypt,March,75 °F,56 °F,65 °F,"0.34""",54%,45 °F,17 mph,"30.00 ""Hg",5 mi
Cairo,,Egypt,April,82 °F,60 °F,71 °F,"0.07""",49%,48 °F,18 mph,"29.94 ""Hg",6 mi
Cairo,,Egypt,May,90 °F,67 °F,78 °F,"0.07""",47%,54 °F,17 mph,"29.89 ""Hg",6 mi
Cairo,,Egypt,June,94 °F,72 °F,83 °F,"0.00""",51%,60 °F,17 mph,"29.84 ""Hg",6 mi
Cairo,,Egypt,July,95 °F,75 °F,85 °F,"0.00""",58%,66 °F,15 mph,"29.77 ""Hg",6 mi
Cairo,,Egypt,August,95 °F,76 °F,86 °F,"0.07""",60%,68 °F,14 mph,"29.79 ""Hg",5 mi
Cairo,,Egypt,September,92 °F,73 °F,83 °F,"0.00""",59%,64 °F,15 mph,"29.89 ""Hg",6 mi
Cairo,,Egypt,October,86 °F,68 °F,77 °F,"0.09""",61%,60 °F,14 mph,"29.97 ""Hg",5 mi
Cairo,,Egypt,November,77 °F,60 °F,69 °F,"0.28""",62%,54 °F,12 mph,"30.03 ""Hg",5 mi
Cairo,,Egypt,December,69 °F,53 °F,61 °F,"0.24""",63%,47 °F,13 mph,"30.10 ""Hg",5 mi
Lima,Lima,Peru,January,80 °F,68 °F,74 °F,"0.53""",80%,66 °F,16 mph,"29.89 ""Hg",6 mi
Lima,Lima,Peru,February,82 °F,69 °F,76 °F,"0.16""",79%,67 °F,15 mph,"29.86 ""Hg",6 mi
Lima,Lima,Peru,March,81 °F,69 °F,75 °F,"0.31""",79%,66 °F,14 mph,"29.86 ""Hg",6 mi
Lima,Lima,Peru,April,77 °F,65 °F,71 °F,"0.04""",82%,64 °F,13 mph,"29.89 ""Hg",5 mi
Lima,Lima,Peru,May,72 °F,63 °F,68 °F,"0.03""",83%,61 °F,12 mph,"29.93 ""Hg",5 mi
Lima,Lima,Peru,June,69 °F,61 °F,65 °F,"0.06""",83%,59 °F,11 mph,"29.96 ""Hg",5 mi
Lima,Lima,Peru,July,67 °F,60 °F,64 °F,"0.06""",83%,57 °F,12 mph,"29.97 ""Hg",5 mi
Lima,Lima,Peru,August,66 °F,59 °F,63 °F,"0.04""",83%,56 °F,12 mph,"29.98 ""Hg",5 mi
Lima,Lima,Peru,September,67 °F,59 °F,63 °F,"0.04""",83%,57 °F,13 mph,"29.97 ""Hg",5 mi
Lima,Lima,Peru,October,69 °F,60 °F,65 °F,"0.09""",82%,58 °F,14 mph,"29.96 ""Hg",6 mi
Lima,Lima,Peru,November,72 °F,62 °F,67 °F,"0.11""",81%,60 °F,15 mph,"29.94 ""Hg",6 mi
Lima,Lima,Peru,December,76 °F,65 °F,70 °F,"0.14""",81%,63 °F,16 mph,"29.91 ""Hg",6 mi
Sydney,New South Wales,Australia,January,81 °F,68 °F,75 °F,"3.19""",71%,63 °F,24 mph,"29.93 ""Hg",8 mi
Sydney,New South Wales,Australia,February,80 °F,68 °F,74 °F,"4.79""",73%,64 °F,23 mph,"29.96 ""Hg",8 mi
Sydney,New South Wales,Australia,March,78 °F,65 °F,72 °F,"4.21""",72%,61 °F,22 mph,"30.04 ""Hg",8 mi
Sydney,New South Wales,Australia,April,74 °F,59 °F,67 °F,"3.77""",71%,56 °F,19 mph,"30.12 ""Hg",8 mi
Sydney,New South Wales,Australia,May,69 °F,54 °F,61 °F,"3.53""",69%,50 °F,19 mph,"30.13 ""Hg",9 mi
Sydney,New South Wales,Australia,June,65 °F,49 °F,57 °F,"4.48""",70%,46 °F,19 mph,"30.14 ""Hg",9 mi
Sydney,New South Wales,Australia,July,64 °F,47 °F,56 °F,"2.72""",65%,43 °F,19 mph,"30.12 ""Hg",9 mi
Sydney,New South Wales,Australia,August,66 °F,49 °F,58 °F,"2.60""",60%,42 °F,21 mph,"30.10 ""Hg",9 mi
Sydney,New South Wales,Australia,September,71 °F,53 °F,62 °F,"2.32""",61%,47 °F,22 mph,"30.04 ""Hg",9 mi
Sydney,New South Wales,Australia,October,74 °F,58 °F,66 °F,"2.27""",64%,51 °F,23 mph,"30.02 ""Hg",9 mi
Sydney,New South Wales,Australia,November,76 °F,62 °F,69 °F,"2.94""",68%,56 °F,24 mph,"29.97 ""Hg",8 mi
Sydney,New South Wales,Australia,December,79 °F,65 °F,72 °F,"2.48""",69%,60 °F,25 mph,"29.92 ""Hg",8 mi
Calgary,Alberta,Canada,January,31 °F,9 °F,20 °F,"0.36""",64%,10 °F,15 mph,"30.05 ""Hg",19 mi
Calgary,Alberta,Canada,February,32 °F,11 °F,21 °F,"0.45""",65%,11 °F,15 mph,"30.06 ""Hg",19 mi
Calgary,Alberta,Canada,March,40 °F,19 °F,30 °F,"0.67""",63%,17 °F,16 mph,"30.02 ""Hg",19 mi
Calgary,Alberta,Canada,April,52 °F,28 °F,40 °F,"1.07""",58%,24 °F,17 mph,"29.99 ""Hg",22 mi
Calgary,Alberta,Canada,May,62 °F,38 °F,50 °F,"2.24""",57%,33 °F,18 mph,"29.99 ""Hg",24 mi
Calgary,Alberta,Canada,June,68 °F,46 °F,57 °F,"3.88""",63%,43 °F,17 mph,"29.94 ""Hg",25 mi
Calgary,Alberta,Canada,July,75 °F,50 °F,62 °F,"2.42""",63%,49 °F,16 mph,"29.99 ""Hg",24 mi
Calgary,Alberta,Canada,August,74 °F,48 °F,61 °F,"1.99""",61%,46 °F,15 mph,"30.00 ""Hg",21 mi
Calgary,Alberta,Canada,September,65 °F,40 °F,53 °F,"1.30""",60%,38 °F,15 mph,"30.01 ""Hg",23 mi
Calgary,Alberta,Canada,October,53 °F,30 °F,42 °F,"0.66""",61%,27 °F,16 mph,"30.02 ""Hg",22 mi
Calgary,Alberta,Canada,November,40 °F,19 °F,29 °F,"0.58""",65%,18 °F,15 mph,"30.01 ""Hg",19 mi
Calgary,Alberta,Canada,December,31 °F,10 °F,21 °F,"0.50""",66%,10 °F,15 mph,"30.03 ""Hg",19 mi
Lisbon,,Portugal,January,58 °F,47 °F,53 °F,"2.74""",84%,47 °F,14 mph,"30.20 ""Hg",6 mi
Lisbon,,Portugal,February,60 °F,48 °F,54 °F,"1.96""",80%,47 °F,15 mph,"30.18 ""Hg",6 mi
Lisbon,,Portugal,March,65 °F,51 °F,58 °F,"1.82""",74%,48 °F,16 mph,"30.09 ""Hg",6 mi
Lisbon,,Portugal,April,67 °F,54 °F,60 °F,"1.96""",74%,50 °F,17 mph,"30.00 ""Hg",6 mi
Lisbon,,Portugal,May,72 °F,57 °F,65 °F,"1.56""",70%,53 °F,18 mph,"30.02 ""Hg",6 mi
Lisbon,,Portugal,June,78 °F,62 °F,70 °F,"0.37""",67%,56 °F,19 mph,"30.04 ""Hg",6 mi
Lisbon,,Portugal,July,82 °F,64 °F,73 °F,"0.09""",65%,58 °F,21 mph,"30.04 ""Hg",6 mi
Lisbon,,Portugal,August,83 °F,65 °F,74 °F,"0.34""",65%,59 °F,20 mph,"30.02 ""Hg",6 mi
Lisbon,,Portugal,September,80 °F,63 °F,71 °F,"1.04""",69%,58 °F,16 mph,"30.03 ""Hg",6 mi
Lisbon,,Portugal,October,73 °F,59 °F,66 °F,"2.74""",76%,57 °F,15 mph,"30.03 ""Hg",6 mi
Lisbon,,Portugal,November,64 °F,53 °F,58 °F,"3.05""",82%,52 °F,14 mph,"30.09 ""Hg",6 mi
Lisbon,,Portugal,December,59 °F,49 °F,54 °F,"3.37""",85%,49 °F,14 mph,"30.18 ""Hg",6 mi
Taipei,,Taiwan,January,67 °F,57 °F,62 °F,"2.24""",78%,55 °F,15 mph,"30.15 ""Hg",6 mi
Taipei,,Taiwan,February,69 °F,58 °F,63 °F,"2.70""",79%,56 °F,14 mph,"30.11 ""Hg",5 mi
Taipei,,Taiwan,March,73 °F,61 °F,67 °F,"1.99""",78%,59 °F,14 mph,"30.04 ""Hg",5 mi
Taipei,,Taiwan,April,79 °F,67 °F,73 °F,"2.21""",78%,64 °F,14 mph,"29.94 ""Hg",5 mi
Taipei,,Taiwan,May,85 °F,73 °F,79 °F,"2.94""",77%,70 °F,13 mph,"29.82 ""Hg",6 mi
Taipei,,Taiwan,June,90 °F,78 °F,84 °F,"3.25""",76%,75 °F,11 mph,"29.73 ""Hg",6 mi
Taipei,,Taiwan,July,94 °F,80 °F,87 °F,"3.42""",72%,76 °F,12 mph,"29.71 ""Hg",6 mi
Taipei,,Taiwan,August,93 °F,80 °F,86 °F,"5.51""",74%,76 °F,12 mph,"29.71 ""Hg",6 mi
Taipei,,Taiwan,September,89 °F,77 °F,83 °F,"4.92""",75%,73 °F,15 mph,"29.81 ""Hg",6 mi
Taipei,,Taiwan,October,82 °F,72 °F,77 °F,"3.43""",75%,68 °F,17 mph,"29.97 ""Hg",6 mi
Taipei,,Taiwan,November,77 °F,67 °F,72 °F,"2.73""",78%,64 °F,17 mph,"30.06 ""Hg",6 mi
Taipei,,Taiwan,December,70 °F,61 °F,65 °F,"2.86""",77%,57 °F,16 mph,"30.15 ""Hg",6 mi
Canberra,Australian Capital Territory,Australia,January,85 °F,57 °F,71 °F,"2.23""",59%,52 °F,15 mph,"29.91 ""Hg",11 mi
Canberra,Australian Capital Territory,Australia,February,82 °F,56 °F,69 °F,"2.44""",64%,53 °F,14 mph,"29.96 ""Hg",11 mi
Canberra,Australian Capital Territory,Australia,March,77 °F,52 °F,64 °F,"1.82""",66%,50 °F,12 mph,"30.04 ""Hg",11 mi
Canberra,Australian Capital Territory,Australia,April,70 °F,44 °F,57 °F,"1.16""",70%,45 °F,11 mph,"30.14 ""Hg",11 mi
Canberra,Australian Capital Territory,Australia,May,62 °F,37 °F,49 °F,"1.16""",75%,40 °F,11 mph,"30.17 ""Hg",10 mi
Canberra,Australian Capital Territory,Australia,June,56 °F,34 °F,45 °F,"1.90""",80%,38 °F,12 mph,"30.19 ""Hg",10 mi
Canberra,Australian Capital Territory,Australia,July,54 °F,32 °F,43 °F,"1.48""",79%,36 °F,13 mph,"30.16 ""Hg",10 mi
Canberra,Australian Capital Territory,Australia,August,57 °F,33 °F,45 °F,"1.71""",73%,35 °F,15 mph,"30.13 ""Hg",11 mi
Canberra,Australian Capital Territory,Australia,September,63 °F,38 °F,51 °F,"2.16""",68%,39 °F,16 mph,"30.06 ""Hg",11 mi
Canberra,Australian Capital Territory,Australia,October,69 °F,43 °F,56 °F,"1.94""",65%,43 °F,15 mph,"30.03 ""Hg",11 mi
Canberra,Australian Capital Territory,Australia,November,75 °F,49 °F,62 °F,"2.73""",63%,47 °F,15 mph,"29.96 ""Hg",11 mi
Canberra,Australian Capital Territory,Australia,December,81 °F,54 °F,67 °F,"2.40""",59%,49 °F,15 mph,"29.90 ""Hg",10 mi
London,England,United Kingdom,January,47 °F,35 °F,41 °F,"2.42""",84%,37 °F,17 mph,"29.96 ""Hg",6 mi
London,England,United Kingdom,February,48 °F,35 °F,42 °F,"1.90""",78%,35 °F,19 mph,"29.98 ""Hg",6 mi
London,England,United Kingdom,March,53 °F,38 °F,45 °F,"1.55""",73%,37 °F,18 mph,"30.01 ""Hg",6 mi
London,England,United Kingdom,April,58 °F,40 °F,49 °F,"1.43""",67%,39 °F,16 mph,"29.99 ""Hg",7 mi
London,England,United Kingdom,May,64 °F,46 °F,55 °F,"1.60""",68%,45 °F,16 mph,"29.99 ""Hg",7 mi
London,England,United Kingdom,June,70 °F,53 °F,61 °F,"1.81""",69%,51 °F,17 mph,"30.01 ""Hg",7 mi
London,England,United Kingdom,July,75 °F,57 °F,66 °F,"1.62""",67%,54 °F,15 mph,"30.00 ""Hg",7 mi
London,England,United Kingdom,August,73 °F,55 °F,64 °F,"2.29""",71%,54 °F,15 mph,"29.99 ""Hg",7 mi
London,England,United Kingdom,September,68 °F,50 °F,59 °F,"1.75""",75%,51 °F,14 mph,"30.04 ""Hg",7 mi
London,England,United Kingdom,October,60 °F,46 °F,53 °F,"2.95""",82%,48 °F,16 mph,"29.96 ""Hg",6 mi
London,England,United Kingdom,November,52 °F,39 °F,46 °F,"2.50""",85%,42 °F,15 mph,"29.92 ""Hg",6 mi
London,England,United Kingdom,December,50 °F,38 °F,44 °F,"2.73""",85%,40 °F,17 mph,"29.97 ""Hg",6 mi
Tallinn,,Estonia,January,31 °F,21 °F,26 °F,"2.76""",90%,23 °F,17 mph,"29.85 ""Hg",6 mi
Tallinn,,Estonia,February,33 °F,22 °F,28 °F,"3.49""",88%,25 °F,17 mph,"29.91 ""Hg",6 mi
Tallinn,,Estonia,March,40 °F,25 °F,32 °F,"3.23""",78%,26 °F,18 mph,"29.90 ""Hg",7 mi
Tallinn,,Estonia,April,50 °F,32 °F,41 °F,"1.66""",70%,31 °F,18 mph,"29.90 ""Hg",9 mi
Tallinn,,Estonia,May,63 °F,40 °F,52 °F,"1.52""",66%,40 °F,16 mph,"29.96 ""Hg",8 mi
Tallinn,,Estonia,June,70 °F,49 °F,59 °F,"2.73""",70%,50 °F,17 mph,"29.91 ""Hg",7 mi
Tallinn,,Estonia,July,73 °F,55 °F,64 °F,"2.35""",73%,55 °F,16 mph,"29.88 ""Hg",7 mi
Tallinn,,Estonia,August,71 °F,53 °F,62 °F,"4.11""",77%,55 °F,15 mph,"29.94 ""Hg",7 mi
Tallinn,,Estonia,September,63 °F,47 °F,55 °F,"2.36""",82%,49 °F,16 mph,"29.96 ""Hg",6 mi
Tallinn,,Estonia,October,51 °F,38 °F,44 °F,"3.20""",85%,40 °F,17 mph,"29.96 ""Hg",6 mi
Tallinn,,Estonia,November,42 °F,33 °F,38 °F,"2.64""",90%,35 °F,18 mph,"29.90 ""Hg",6 mi
Tallinn,,Estonia,December,36 °F,27 °F,31 °F,"2.25""",89%,29 °F,19 mph,"29.83 ""Hg",6 mi
Cape Town,,South Africa,January,82 °F,62 °F,72 °F,"0.47""",67%,58 °F,27 mph,"29.92 ""Hg",10 mi
Cape Town,,South Africa,February,83 °F,62 °F,72 °F,"0.48""",68%,59 °F,25 mph,"29.92 ""Hg",10 mi
Cape Town,,South Africa,March,80 °F,59 °F,70 °F,"0.75""",71%,57 °F,22 mph,"29.96 ""Hg",10 mi
Cape Town,,South Africa,April,76 °F,54 °F,65 °F,"1.83""",74%,54 °F,18 mph,"30.02 ""Hg",9 mi
Cape Town,,South Africa,May,70 °F,50 °F,60 °F,"2.15""",80%,52 °F,16 mph,"30.06 ""Hg",8 mi
Cape Town,,South Africa,June,66 °F,46 °F,56 °F,"3.19""",79%,48 °F,16 mph,"30.13 ""Hg",8 mi
Cape Town,,South Africa,July,65 °F,45 °F,55 °F,"3.10""",78%,47 °F,16 mph,"30.17 ""Hg",9 mi
Cape Town,,South Africa,August,66 °F,46 °F,56 °F,"2.74""",78%,47 °F,17 mph,"30.13 ""Hg",9 mi
Cape Town,,South Africa,September,68 °F,49 °F,59 °F,"1.65""",75%,49 °F,19 mph,"30.09 ""Hg",9 mi
Cape Town,,South Africa,October,74 °F,53 °F,63 °F,"1.21""",70%,51 °F,22 mph,"30.04 ""Hg",10 mi
Cape Town,,South Africa,November,76 °F,56 °F,66 °F,"1.19""",67%,53 °F,24 mph,"29.99 ""Hg",10 mi
Cape Town,,South Africa,December,80 °F,60 °F,70 °F,"0.77""",67%,56 °F,26 mph,"29.94 ""Hg",10 mi
Los Angeles,California,USA,January,69 °F,49 °F,59 °F,"3.37""",59%,42 °F,3 mph,"30.08 ""Hg",10 mi
Los Angeles,California,USA,February,68 °F,50 °F,59 °F,"3.57""",62%,44 °F,4 mph,"30.05 ""Hg",10 mi
Los Angeles,California,USA,March,70 °F,53 °F,62 °F,"2.09""",64%,47 °F,4 mph,"30.02 ""Hg",9 mi
Los Angeles,California,USA,April,73 °F,55 °F,64 °F,"0.69""",64%,49 °F,5 mph,"29.98 ""Hg",10 mi
Los Angeles,California,USA,May,74 °F,59 °F,66 °F,"0.35""",68%,54 °F,5 mph,"29.94 ""Hg",9 mi
Los Angeles,California,USA,June,78 °F,62 °F,70 °F,"0.09""",69%,57 °F,5 mph,"29.90 ""Hg",9 mi
Los Angeles,California,USA,July,83 °F,65 °F,74 °F,"0.04""",68%,61 °F,4 mph,"29.92 ""Hg",9 mi
Los Angeles,California,USA,August,85 °F,66 °F,75 °F,"0.07""",67%,61 °F,4 mph,"29.90 ""Hg",9 mi
Los Angeles,California,USA,September,83 °F,64 °F,74 °F,"0.14""",66%,60 °F,4 mph,"29.88 ""Hg",9 mi
Los Angeles,California,USA,October,79 °F,60 °F,70 °F,"0.62""",63%,54 °F,3 mph,"29.94 ""Hg",9 mi
Los Angeles,California,USA,November,73 °F,54 °F,63 °F,"0.85""",57%,46 °F,3 mph,"30.03 ""Hg",9 mi
Los Angeles,California,USA,December,68 °F,49 °F,58 °F,"2.52""",57%,41 °F,3 mph,"30.08 ""Hg",10 mi
Tashkent,,Uzbekistan,January,45 °F,30 °F,38 °F,"2.26""",74%,28 °F,8 mph,"30.25 ""Hg",5 mi
Tashkent,,Uzbekistan,February,50 °F,33 °F,41 °F,"3.03""",69%,29 °F,9 mph,"30.19 ""Hg",6 mi
Tashkent,,Uzbekistan,March,61 °F,42 °F,51 °F,"2.84""",62%,36 °F,10 mph,"30.08 ""Hg",6 mi
Tashkent,,Uzbekistan,April,72 °F,50 °F,61 °F,"2.58""",57%,44 °F,10 mph,"29.99 ""Hg",7 mi
Tashkent,,Uzbekistan,May,83 °F,58 °F,71 °F,"1.51""",49%,49 °F,10 mph,"29.88 ""Hg",9 mi
Tashkent,,Uzbekistan,June,93 °F,65 °F,79 °F,"0.60""",36%,49 °F,11 mph,"29.71 ""Hg",9 mi
Tashkent,,Uzbekistan,July,97 °F,68 °F,83 °F,"0.13""",33%,50 °F,10 mph,"29.64 ""Hg",8 mi
Tashkent,,Uzbekistan,August,95 °F,65 °F,80 °F,"0.12""",35%,49 °F,10 mph,"29.71 ""Hg",7 mi
Tashkent,,Uzbekistan,September,85 °F,56 °F,71 °F,"0.25""",39%,43 °F,9 mph,"29.91 ""Hg",6 mi
Tashkent,,Uzbekistan,October,72 °F,47 °F,59 °F,"1.00""",53%,39 °F,8 mph,"30.13 ""Hg",6 mi
Tashkent,,Uzbekistan,November,58 °F,39 °F,48 °F,"2.13""",67%,35 °F,7 mph,"30.23 ""Hg",5 mi
Tashkent,,Uzbekistan,December,48 °F,32 °F,40 °F,"2.39""",75%,30 °F,7 mph,"30.29 ""Hg",5 mi
Caracas,,Venezuela,January,84 °F,69 °F,76 °F,"1.00""",74%,66 °F,6 mph,"29.92 ""Hg",7 mi
Caracas,,Venezuela,February,84 °F,69 °F,76 °F,"0.52""",73%,66 °F,7 mph,"29.93 ""Hg",7 mi
Caracas,,Venezuela,March,85 °F,70 °F,78 °F,"0.63""",72%,67 °F,7 mph,"29.91 ""Hg",7 mi
Caracas,,Venezuela,April,86 °F,72 °F,79 °F,"1.84""",73%,68 °F,7 mph,"29.89 ""Hg",7 mi
Caracas,,Venezuela,May,87 °F,73 °F,80 °F,"2.94""",74%,70 °F,7 mph,"29.89 ""Hg",7 mi
Caracas,,Venezuela,June,86 °F,73 °F,79 °F,"4.42""",75%,69 °F,7 mph,"29.92 ""Hg",7 mi
Caracas,,Venezuela,July,85 °F,72 °F,79 °F,"4.69""",75%,69 °F,7 mph,"29.93 ""Hg",7 mi
Caracas,,Venezuela,August,86 °F,72 °F,79 °F,"5.29""",75%,69 °F,7 mph,"29.91 ""Hg",7 mi
Caracas,,Venezuela,September,87 °F,73 °F,80 °F,"4.58""",75%,70 °F,6 mph,"29.88 ""Hg",7 mi
Caracas,,Venezuela,October,87 °F,73 °F,80 °F,"4.98""",74%,69 °F,6 mph,"29.85 ""Hg",7 mi
Caracas,,Venezuela,November,85 °F,72 °F,79 °F,"3.90""",77%,70 °F,6 mph,"29.85 ""Hg",7 mi
Caracas,,Venezuela,December,85 °F,71 °F,78 °F,"2.24""",75%,68 °F,6 mph,"29.89 ""Hg",7 mi
Madrid,Madrid,Spain,January,51 °F,36 °F,44 °F,"1.28""",71%,34 °F,10 mph,"30.20 ""Hg",6 mi
Madrid,Madrid,Spain,February,55 °F,37 °F,46 °F,"1.34""",62%,34 °F,11 mph,"30.17 ""Hg",7 mi
Madrid,Madrid,Spain,March,62 °F,42 °F,52 °F,"1.32""",54%,35 °F,13 mph,"30.08 ""Hg",8 mi
Madrid,Madrid,Spain,April,66 °F,46 °F,56 °F,"1.70""",53%,39 °F,13 mph,"29.96 ""Hg",8 mi
Madrid,Madrid,Spain,May,75 °F,52 °F,63 °F,"1.72""",48%,43 °F,12 mph,"29.97 ""Hg",8 mi
Madrid,Madrid,Spain,June,86 °F,61 °F,73 °F,"0.73""",39%,47 °F,12 mph,"29.96 ""Hg",8 mi
Madrid,Madrid,Spain,July,93 °F,66 °F,79 °F,"0.34""",34%,48 °F,12 mph,"29.94 ""Hg",9 mi
Madrid,Madrid,Spain,August,91 °F,66 °F,78 °F,"0.39""",36%,49 °F,11 mph,"29.94 ""Hg",9 mi
Madrid,Madrid,Spain,September,82 °F,59 °F,70 °F,"1.01""",45%,47 °F,10 mph,"30.00 ""Hg",8 mi
Madrid,Madrid,Spain,October,70 °F,51 °F,60 °F,"2.44""",59%,45 °F,9 mph,"30.04 ""Hg",7 mi
Madrid,Madrid,Spain,November,58 °F,42 °F,50 °F,"2.08""",69%,40 °F,10 mph,"30.09 ""Hg",7 mi
Madrid,Madrid,Spain,December,52 °F,37 °F,45 °F,"1.70""",73%,36 °F,9 mph,"30.19 ""Hg",6 mi
Tegucigalpa,,Honduras,January,81 °F,57 °F,69 °F,"0.42""",73%,58 °F,15 mph,"29.97 ""Hg",7 mi
Tegucigalpa,,Honduras,February,84 °F,58 °F,71 °F,"0.20""",67%,57 °F,14 mph,"29.95 ""Hg",7 mi
Tegucigalpa,,Honduras,March,87 °F,59 °F,73 °F,"0.62""",62%,57 °F,14 mph,"29.92 ""Hg",7 mi
Tegucigalpa,,Honduras,April,89 °F,63 °F,76 °F,"1.81""",62%,60 °F,12 mph,"29.88 ""Hg",6 mi
Tegucigalpa,,Honduras,May,87 °F,65 °F,76 °F,"4.80""",71%,64 °F,10 mph,"29.87 ""Hg",6 mi
Tegucigalpa,,Honduras,June,85 °F,65 °F,75 °F,"6.18""",78%,65 °F,9 mph,"29.89 ""Hg",6 mi
Tegucigalpa,,Honduras,July,84 °F,64 °F,74 °F,"3.05""",75%,64 °F,12 mph,"29.93 ""Hg",6 mi
Tegucigalpa,,Honduras,August,85 °F,64 °F,75 °F,"4.41""",75%,64 °F,10 mph,"29.91 ""Hg",6 mi
Tegucigalpa,,Honduras,September,85 °F,64 °F,74 °F,"5.10""",79%,65 °F,8 mph,"29.88 ""Hg",6 mi
Tegucigalpa,,Honduras,October,83 °F,63 °F,73 °F,"6.24""",82%,65 °F,10 mph,"29.88 ""Hg",6 mi
Tegucigalpa,,Honduras,November,80 °F,61 °F,70 °F,"2.85""",80%,62 °F,15 mph,"29.93 ""Hg",6 mi
Tegucigalpa,,Honduras,December,80 °F,59 °F,69 °F,"0.84""",76%,60 °F,15 mph,"29.96 ""Hg",7 mi
Casablanca,,Morocco,January,64 °F,48 °F,56 °F,"2.69""",82%,50 °F,9 mph,"30.20 ""Hg",5 mi
Casablanca,,Morocco,February,65 °F,50 °F,57 °F,"1.75""",80%,51 °F,10 mph,"30.15 ""Hg",5 mi
Casablanca,,Morocco,March,67 °F,53 °F,60 °F,"1.53""",79%,53 °F,12 mph,"30.06 ""Hg",5 mi
Casablanca,,Morocco,April,69 °F,56 °F,63 °F,"1.37""",77%,55 °F,13 mph,"29.99 ""Hg",5 mi
Casablanca,,Morocco,May,72 °F,61 °F,67 °F,"0.66""",76%,59 °F,13 mph,"29.99 ""Hg",5 mi
Casablanca,,Morocco,June,76 °F,66 °F,71 °F,"0.11""",77%,63 °F,13 mph,"30.01 ""Hg",5 mi
Casablanca,,Morocco,July,78 °F,69 °F,74 °F,"0.14""",79%,66 °F,13 mph,"29.99 ""Hg",5 mi
Casablanca,,Morocco,August,80 °F,70 °F,75 °F,"0.02""",80%,68 °F,12 mph,"29.98 ""Hg",5 mi
Casablanca,,Morocco,September,78 °F,67 °F,73 °F,"0.41""",80%,66 °F,11 mph,"30.00 ""Hg",5 mi
Casablanca,,Morocco,October,76 °F,62 °F,69 °F,"1.51""",80%,62 °F,10 mph,"30.02 ""Hg",5 mi
Casablanca,,Morocco,November,70 °F,55 °F,62 °F,"2.95""",79%,55 °F,10 mph,"30.07 ""Hg",5 mi
Casablanca,,Morocco,December,66 °F,51 °F,58 °F,"2.40""",81%,52 °F,9 mph,"30.17 ""Hg",5 mi
Managua,,Nicaragua,January,90 °F,70 °F,80 °F,"0.45""",67%,67 °F,14 mph,"29.89 ""Hg",7 mi
Managua,,Nicaragua,February,91 °F,71 °F,81 °F,"0.36""",64%,67 °F,16 mph,"29.88 ""Hg",7 mi
Managua,,Nicaragua,March,93 °F,72 °F,83 °F,"0.33""",60%,67 °F,16 mph,"29.86 ""Hg",7 mi
Managua,,Nicaragua,April,95 °F,75 °F,85 °F,"1.13""",60%,69 °F,15 mph,"29.84 ""Hg",6 mi
Managua,,Nicaragua,May,92 °F,76 °F,84 °F,"4.91""",71%,72 °F,11 mph,"29.83 ""Hg",6 mi
Managua,,Nicaragua,June,89 °F,75 °F,82 °F,"6.52""",79%,73 °F,9 mph,"29.84 ""Hg",6 mi
Managua,,Nicaragua,July,89 °F,74 °F,82 °F,"5.92""",78%,73 °F,11 mph,"29.86 ""Hg",6 mi
Managua,,Nicaragua,August,90 °F,74 °F,82 °F,"6.15""",78%,73 °F,10 mph,"29.85 ""Hg",6 mi
Managua,,Nicaragua,September,89 °F,74 °F,82 °F,"7.12""",81%,74 °F,8 mph,"29.84 ""Hg",6 mi
Managua,,Nicaragua,October,88 °F,74 °F,81 °F,"6.96""",82%,73 °F,7 mph,"29.83 ""Hg",6 mi
Managua,,Nicaragua,November,89 °F,72 °F,81 °F,"2.48""",76%,71 °F,9 mph,"29.84 ""Hg",7 mi
Managua,,Nicaragua,December,89 °F,71 °F,80 °F,"0.61""",71%,69 °F,12 mph,"29.87 ""Hg",7 mi
Tehran,,Iran,January,48 °F,34 °F,41 °F,"1.28""",57%,25 °F,9 mph,"30.12 ""Hg",5 mi
Tehran,,Iran,February,53 °F,38 °F,45 °F,"1.36""",50%,26 °F,11 mph,"30.04 ""Hg",5 mi
Tehran,,Iran,March,62 °F,45 °F,53 °F,"1.45""",41%,28 °F,14 mph,"29.93 ""Hg",6 mi
Tehran,,Iran,April,73 °F,55 °F,64 °F,"1.36""",37%,35 °F,14 mph,"29.85 ""Hg",6 mi
Tehran,,Iran,May,83 °F,64 °F,74 °F,"0.51""",30%,38 °F,15 mph,"29.77 ""Hg",6 mi
Tehran,,Iran,June,94 °F,73 °F,84 °F,"0.32""",23%,40 °F,14 mph,"29.59 ""Hg",6 mi
Tehran,,Iran,July,99 °F,78 °F,88 °F,"0.26""",24%,45 °F,13 mph,"29.51 ""Hg",6 mi
Tehran,,Iran,August,97 °F,77 °F,87 °F,"0.19""",25%,45 °F,11 mph,"29.60 ""Hg",6 mi
Tehran,,Iran,September,89 °F,70 °F,80 °F,"0.16""",27%,40 °F,10 mph,"29.74 ""Hg",6 mi
Tehran,,Iran,October,77 °F,59 °F,68 °F,"0.50""",35%,37 °F,10 mph,"29.96 ""Hg",6 mi
Tehran,,Iran,November,61 °F,46 °F,53 °F,"1.24""",50%,33 °F,8 mph,"30.09 ""Hg",5 mi
Tehran,,Iran,December,51 °F,38 °F,44 °F,"1.23""",58%,29 °F,7 mph,"30.16 ""Hg",4 mi
Chicago,Illinois,USA,January,33 °F,20 °F,26 °F,"1.75""",74%,19 °F,18 mph,"30.12 ""Hg",8 mi
Chicago,Illinois,USA,February,36 °F,22 °F,29 °F,"1.76""",70%,20 °F,18 mph,"30.12 ""Hg",9 mi
Chicago,Illinois,USA,March,47 °F,31 °F,39 °F,"2.14""",65%,28 °F,18 mph,"30.10 ""Hg",9 mi
Chicago,Illinois,USA,April,59 °F,41 °F,50 °F,"3.49""",60%,36 °F,18 mph,"29.99 ""Hg",9 mi
Chicago,Illinois,USA,May,71 °F,51 °F,61 °F,"4.00""",62%,47 °F,16 mph,"29.98 ""Hg",10 mi
Chicago,Illinois,USA,June,81 °F,62 °F,72 °F,"4.09""",63%,58 °F,14 mph,"29.93 ""Hg",9 mi
Chicago,Illinois,USA,July,85 °F,68 °F,76 °F,"3.47""",63%,62 °F,13 mph,"29.96 ""Hg",10 mi
Chicago,Illinois,USA,August,83 °F,67 °F,75 °F,"3.94""",66%,62 °F,12 mph,"29.99 ""Hg",9 mi
Chicago,Illinois,USA,September,76 °F,59 °F,68 °F,"2.73""",63%,54 °F,14 mph,"30.02 ""Hg",10 mi
Chicago,Illinois,USA,October,63 °F,47 °F,55 °F,"3.50""",64%,43 °F,16 mph,"30.04 ""Hg",10 mi
Chicago,Illinois,USA,November,49 °F,35 °F,42 °F,"2.25""",67%,32 °F,17 mph,"30.10 ""Hg",9 mi
Chicago,Illinois,USA,December,38 °F,25 °F,32 °F,"1.98""",73%,24 °F,17 mph,"30.10 ""Hg",8 mi
Manila,,Philippines,January,87 °F,71 °F,79 °F,"2.31""",74%,69 °F,5 mph,"29.90 ""Hg",5 mi
Manila,,Philippines,February,88 °F,71 °F,79 °F,"1.58""",71%,69 °F,6 mph,"29.91 ""Hg",5 mi
Manila,,Philippines,March,91 °F,73 °F,82 °F,"1.70""",67%,70 °F,6 mph,"29.89 ""Hg",5 mi
Manila,,Philippines,April,94 °F,75 °F,85 °F,"1.43""",65%,72 °F,6 mph,"29.84 ""Hg",5 mi
Manila,,Philippines,May,94 °F,77 °F,86 °F,"6.16""",71%,75 °F,5 mph,"29.81 ""Hg",5 mi
Manila,,Philippines,June,92 °F,77 °F,84 °F,"11.73""",78%,76 °F,6 mph,"29.78 ""Hg",5 mi
Manila,,Philippines,July,89 °F,76 °F,83 °F,"19.63""",82%,76 °F,6 mph,"29.76 ""Hg",5 mi
Manila,,Philippines,August,88 °F,77 °F,82 °F,"23.42""",83%,76 °F,6 mph,"29.76 ""Hg",5 mi
Manila,,Philippines,September,89 °F,76 °F,83 °F,"17.62""",82%,76 °F,6 mph,"29.77 ""Hg",5 mi
Manila,,Philippines,October,89 °F,75 °F,82 °F,"11.00""",79%,74 °F,5 mph,"29.80 ""Hg",5 mi
Manila,,Philippines,November,89 °F,74 °F,82 °F,"3.67""",77%,73 °F,5 mph,"29.84 ""Hg",5 mi
Manila,,Philippines,December,88 °F,73 °F,81 °F,"4.77""",77%,72 °F,6 mph,"29.86 ""Hg",5 mi
Tokyo,,Japan,January,50 °F,37 °F,44 °F,"2.64""",44%,24 °F,15 mph,"29.99 ""Hg",6 mi
Tokyo,,Japan,February,51 °F,38 °F,45 °F,"2.66""",46%,25 °F,16 mph,"30.00 ""Hg",6 mi
Tokyo,,Japan,March,57 °F,43 °F,50 °F,"4.58""",54%,34 °F,18 mph,"29.97 ""Hg",6 mi
Tokyo,,Japan,April,66 °F,52 °F,59 °F,"5.50""",61%,46 °F,19 mph,"29.93 ""Hg",6 mi
Tokyo,,Japan,May,74 °F,61 °F,68 °F,"5.67""",68%,57 °F,19 mph,"29.87 ""Hg",6 mi
Tokyo,,Japan,June,79 °F,68 °F,73 °F,"6.87""",74%,64 °F,17 mph,"29.79 ""Hg",6 mi
Tokyo,,Japan,July,86 °F,75 °F,80 °F,"6.25""",76%,72 °F,19 mph,"29.78 ""Hg",6 mi
Tokyo,,Japan,August,89 °F,77 °F,83 °F,"6.12""",72%,73 °F,19 mph,"29.82 ""Hg",6 mi
Tokyo,,Japan,September,82 °F,71 °F,76 °F,"8.29""",71%,66 °F,17 mph,"29.91 ""Hg",6 mi
Tokyo,,Japan,October,72 °F,61 °F,67 °F,"8.46""",65%,55 °F,15 mph,"30.02 ""Hg",6 mi
Tokyo,,Japan,November,63 °F,51 °F,57 °F,"3.48""",57%,42 °F,14 mph,"30.05 ""Hg",6 mi
Tokyo,,Japan,December,54 °F,42 °F,48 °F,"2.09""",48%,30 °F,14 mph,"30.02 ""Hg",6 mi
Copenhagen,,Denmark,January,38 °F,31 °F,34 °F,"1.67""",88%,31 °F,25 mph,"29.94 ""Hg",6 mi
Copenhagen,,Denmark,February,39 °F,30 °F,35 °F,"1.23""",86%,31 °F,25 mph,"29.94 ""Hg",6 mi
Copenhagen,,Denmark,March,44 °F,32 °F,38 °F,"1.23""",81%,32 °F,23 mph,"29.96 ""Hg",7 mi
Copenhagen,,Denmark,April,53 °F,38 °F,45 °F,"1.11""",75%,37 °F,20 mph,"29.96 ""Hg",8 mi
Copenhagen,,Denmark,May,61 °F,46 °F,53 °F,"1.63""",73%,44 °F,19 mph,"29.98 ""Hg",9 mi
Copenhagen,,Denmark,June,68 °F,52 °F,60 °F,"1.89""",73%,51 °F,19 mph,"29.96 ""Hg",9 mi
Copenhagen,,Denmark,July,72 °F,57 °F,64 °F,"2.17""",74%,55 °F,18 mph,"29.93 ""Hg",9 mi
Copenhagen,,Denmark,August,71 °F,57 °F,64 °F,"2.41""",77%,56 °F,19 mph,"29.94 ""Hg",9 mi
Copenhagen,,Denmark,September,64 °F,52 °F,58 °F,"2.11""",81%,51 °F,21 mph,"29.98 ""Hg",9 mi
Copenhagen,,Denmark,October,55 °F,45 °F,50 °F,"2.28""",85%,45 °F,23 mph,"29.95 ""Hg",8 mi
Copenhagen,,Denmark,November,46 °F,39 °F,42 °F,"1.97""",88%,39 °F,23 mph,"29.91 ""Hg",7 mi
Copenhagen,,Denmark,December,41 °F,33 °F,37 °F,"1.91""",89%,34 °F,24 mph,"29.91 ""Hg",7 mi
Melbourne,Victoria,Australia,January,83 °F,56 °F,69 °F,"1.97""",60%,54 °F,13 mph,"29.90 ""Hg",7 mi
Melbourne,Victoria,Australia,February,82 °F,55 °F,68 °F,"1.48""",62%,54 °F,12 mph,"29.95 ""Hg",7 mi
Melbourne,Victoria,Australia,March,78 °F,52 °F,65 °F,"1.58""",64%,52 °F,11 mph,"30.03 ""Hg",8 mi
Melbourne,Victoria,Australia,April,70 °F,47 °F,58 °F,"2.41""",71%,49 °F,10 mph,"30.11 ""Hg",7 mi
Melbourne,Victoria,Australia,May,63 °F,43 °F,53 °F,"1.87""",76%,46 °F,11 mph,"30.14 ""Hg",8 mi
Melbourne,Victoria,Australia,June,58 °F,40 °F,49 °F,"1.85""",82%,44 °F,9 mph,"30.18 ""Hg",7 mi
Melbourne,Victoria,Australia,July,58 °F,40 °F,49 °F,"1.68""",78%,43 °F,13 mph,"30.09 ""Hg",8 mi
Melbourne,Victoria,Australia,August,59 °F,40 °F,50 °F,"2.15""",75%,42 °F,12 mph,"30.07 ""Hg",7 mi
Melbourne,Victoria,Australia,September,64 °F,43 °F,53 °F,"2.32""",70%,44 °F,11 mph,"30.05 ""Hg",7 mi
Melbourne,Victoria,Australia,October,70 °F,46 °F,58 °F,"2.02""",66%,46 °F,12 mph,"30.02 ""Hg",7 mi
Melbourne,Victoria,Australia,November,74 °F,50 °F,62 °F,"2.04""",65%,49 °F,11 mph,"29.95 ""Hg",7 mi
Melbourne,Victoria,Australia,December,79 °F,52 °F,66 °F,"1.70""",62%,51 °F,11 mph,"29.92 ""Hg",7 mi
Toronto,Ontario,Canada,January,31 °F,16 °F,23 °F,"2.32""",76%,17 °F,20 mph,"30.04 ""Hg",11 mi
Toronto,Ontario,Canada,February,32 °F,17 °F,24 °F,"2.04""",73%,17 °F,20 mph,"30.05 ""Hg",12 mi
Toronto,Ontario,Canada,March,41 °F,25 °F,33 °F,"1.87""",67%,23 °F,20 mph,"30.05 ""Hg",13 mi
Toronto,Ontario,Canada,April,54 °F,35 °F,44 °F,"3.09""",63%,31 °F,19 mph,"29.98 ""Hg",14 mi
Toronto,Ontario,Canada,May,67 °F,46 °F,56 °F,"2.94""",64%,43 °F,17 mph,"29.98 ""Hg",14 mi
Toronto,Ontario,Canada,June,77 °F,57 °F,67 °F,"3.18""",66%,54 °F,16 mph,"29.94 ""Hg",14 mi
Toronto,Ontario,Canada,July,82 °F,62 °F,72 °F,"3.03""",66%,59 °F,16 mph,"29.95 ""Hg",14 mi
Toronto,Ontario,Canada,August,80 °F,61 °F,70 °F,"2.67""",69%,59 °F,15 mph,"30.00 ""Hg",14 mi
Toronto,Ontario,Canada,September,73 °F,53 °F,63 °F,"2.75""",72%,53 °F,15 mph,"30.04 ""Hg",14 mi
Toronto,Ontario,Canada,October,59 °F,42 °F,51 °F,"2.69""",74%,42 °F,17 mph,"30.03 ""Hg",13 mi
Toronto,Ontario,Canada,November,46 °F,32 °F,39 °F,"2.65""",75%,32 °F,18 mph,"30.05 ""Hg",13 mi
Toronto,Ontario,Canada,December,36 °F,24 °F,30 °F,"2.31""",77%,24 °F,19 mph,"30.04 ""Hg",12 mi
Dallas,Texas,USA,January,58 °F,38 °F,48 °F,"2.51""",61%,34 °F,14 mph,"30.14 ""Hg",10 mi
Dallas,Texas,USA,February,62 °F,42 °F,52 °F,"2.81""",61%,37 °F,16 mph,"30.09 ""Hg",9 mi
Dallas,Texas,USA,March,70 °F,50 °F,60 °F,"3.57""",59%,45 °F,17 mph,"30.03 ""Hg",10 mi
Dallas,Texas,USA,April,77 °F,57 °F,67 °F,"3.11""",60%,52 °F,19 mph,"29.94 ""Hg",10 mi
Dallas,Texas,USA,May,85 °F,66 °F,75 °F,"4.76""",64%,62 °F,18 mph,"29.92 ""Hg",10 mi
Dallas,Texas,USA,June,93 °F,74 °F,83 °F,"3.76""",61%,68 °F,17 mph,"29.90 ""Hg",10 mi
Dallas,Texas,USA,July,97 °F,78 °F,87 °F,"1.74""",55%,69 °F,15 mph,"29.95 ""Hg",10 mi
Dallas,Texas,USA,August,97 °F,78 °F,87 °F,"2.18""",54%,68 °F,13 mph,"29.94 ""Hg",10 mi
Dallas,Texas,USA,September,90 °F,71 °F,80 °F,"2.96""",57%,63 °F,12 mph,"29.97 ""Hg",10 mi
Dallas,Texas,USA,October,80 °F,59 °F,69 °F,"4.62""",60%,54 °F,14 mph,"30.02 ""Hg",10 mi
Dallas,Texas,USA,November,68 °F,48 °F,58 °F,"2.97""",62%,44 °F,15 mph,"30.11 ""Hg",10 mi
Dallas,Texas,USA,December,59 °F,40 °F,50 °F,"2.90""",63%,37 °F,14 mph,"30.12 ""Hg",9 mi
Mexico City,Ciudad de México,Mexico,January,71 °F,43 °F,57 °F,"0.63""",49%,36 °F,10 mph,"29.89 ""Hg",8 mi
Mexico City,Ciudad de México,Mexico,February,76 °F,46 °F,61 °F,"0.50""",43%,35 °F,11 mph,"29.82 ""Hg",8 mi
Mexico City,Ciudad de México,Mexico,March,79 °F,49 °F,64 °F,"0.93""",40%,36 °F,12 mph,"29.76 ""Hg",8 mi
Mexico City,Ciudad de México,Mexico,April,81 °F,54 °F,67 °F,"1.72""",40%,39 °F,13 mph,"29.72 ""Hg",8 mi
Mexico City,Ciudad de México,Mexico,May,81 °F,55 °F,68 °F,"3.06""",46%,44 °F,13 mph,"29.72 ""Hg",7 mi
Mexico City,Ciudad de México,Mexico,June,78 °F,57 °F,67 °F,"6.66""",58%,49 °F,13 mph,"29.74 ""Hg",8 mi
Mexico City,Ciudad de México,Mexico,July,75 °F,56 °F,65 °F,"6.99""",64%,51 °F,12 mph,"29.82 ""Hg",8 mi
Mexico City,Ciudad de México,Mexico,August,75 °F,56 °F,66 °F,"7.76""",65%,51 °F,12 mph,"29.80 ""Hg",8 mi
Mexico City,Ciudad de México,Mexico,September,74 °F,56 °F,65 °F,"6.71""",67%,51 °F,12 mph,"29.78 ""Hg",8 mi
Mexico City,Ciudad de México,Mexico,October,74 °F,52 °F,63 °F,"3.49""",61%,47 °F,12 mph,"29.81 ""Hg",8 mi
Mexico City,Ciudad de México,Mexico,November,73 °F,47 °F,60 °F,"1.08""",56%,42 °F,11 mph,"29.88 ""Hg",7 mi
Mexico City,Ciudad de México,Mexico,December,72 °F,44 °F,58 °F,"0.20""",50%,38 °F,10 mph,"29.89 ""Hg",7 mi
Vancouver,British Columbia,Canada,January,45 °F,35 °F,40 °F,"6.76""",88%,37 °F,15 mph,"30.04 ""Hg",15 mi
Vancouver,British Columbia,Canada,February,47 °F,35 °F,41 °F,"3.74""",83%,36 °F,14 mph,"30.04 ""Hg",17 mi
Vancouver,British Columbia,Canada,March,51 °F,38 °F,44 °F,"4.38""",79%,38 °F,16 mph,"30.02 ""Hg",18 mi
Vancouver,British Columbia,Canada,April,56 °F,43 °F,49 °F,"3.19""",76%,41 °F,16 mph,"30.03 ""Hg",20 mi
Vancouver,British Columbia,Canada,May,63 °F,49 °F,56 °F,"2.14""",74%,47 °F,15 mph,"30.02 ""Hg",21 mi
Vancouver,British Columbia,Canada,June,68 °F,54 °F,61 °F,"1.84""",73%,51 °F,15 mph,"30.02 ""Hg",22 mi
Vancouver,British Columbia,Canada,July,73 °F,57 °F,65 °F,"1.17""",72%,55 °F,15 mph,"30.03 ""Hg",24 mi
Vancouver,British Columbia,Canada,August,73 °F,57 °F,65 °F,"1.18""",74%,56 °F,14 mph,"30.01 ""Hg",22 mi
Vancouver,British Columbia,Canada,September,66 °F,53 °F,60 °F,"2.55""",80%,53 °F,14 mph,"30.02 ""Hg",20 mi
Vancouver,British Columbia,Canada,October,57 °F,45 °F,51 °F,"4.90""",85%,46 °F,14 mph,"30.05 ""Hg",17 mi
Vancouver,British Columbia,Canada,November,49 °F,39 °F,44 °F,"6.99""",86%,40 °F,15 mph,"30.02 ""Hg",15 mi
Vancouver,British Columbia,Canada,December,44 °F,34 °F,39 °F,"6.67""",87%,36 °F,15 mph,"30.04 ""Hg",15 mi
Dar es Salaam,,Tanzania,January,90 °F,77 °F,83 °F,"2.39""",78%,75 °F,20 mph,"29.85 ""Hg",12 mi
Dar es Salaam,,Tanzania,February,90 °F,76 °F,83 °F,"3.46""",78%,75 °F,17 mph,"29.85 ""Hg",12 mi
Dar es Salaam,,Tanzania,March,90 °F,75 °F,82 °F,"6.01""",82%,75 °F,11 mph,"29.85 ""Hg",12 mi
Dar es Salaam,,Tanzania,April,87 °F,74 °F,81 °F,"10.49""",86%,75 °F,10 mph,"29.89 ""Hg",12 mi
Dar es Salaam,,Tanzania,May,86 °F,72 °F,79 °F,"5.64""",83%,72 °F,12 mph,"29.96 ""Hg",13 mi
Dar es Salaam,,Tanzania,June,85 °F,69 °F,77 °F,"1.19""",80%,69 °F,13 mph,"30.02 ""Hg",12 mi
Dar es Salaam,,Tanzania,July,85 °F,67 °F,76 °F,"1.25""",79%,67 °F,14 mph,"30.05 ""Hg",13 mi
Dar es Salaam,,Tanzania,August,86 °F,67 °F,76 °F,"1.28""",78%,68 °F,12 mph,"30.04 ""Hg",13 mi
Dar es Salaam,,Tanzania,September,87 °F,68 °F,77 °F,"0.89""",77%,68 °F,12 mph,"30.01 ""Hg",13 mi
Dar es Salaam,,Tanzania,October,88 °F,70 °F,79 °F,"3.09""",78%,70 °F,12 mph,"29.95 ""Hg",13 mi
Dar es Salaam,,Tanzania,November,89 °F,73 °F,81 °F,"5.27""",80%,73 °F,12 mph,"29.89 ""Hg",12 mi
Dar es Salaam,,Tanzania,December,90 °F,76 °F,83 °F,"4.13""",79%,75 °F,15 mph,"29.87 ""Hg",12 mi
Miami,Florida,USA,January,77 °F,61 °F,69 °F,"1.83""",71%,59 °F,13 mph,"30.12 ""Hg",9 mi
Miami,Florida,USA,February,79 °F,64 °F,71 °F,"2.22""",71%,61 °F,14 mph,"30.10 ""Hg",9 mi
Miami,Florida,USA,March,81 °F,66 °F,74 °F,"2.37""",67%,61 °F,15 mph,"30.07 ""Hg",9 mi
Miami,Florida,USA,April,84 °F,70 °F,77 °F,"3.27""",66%,65 °F,16 mph,"30.03 ""Hg",10 mi
Miami,Florida,USA,May,87 °F,74 °F,80 °F,"6.32""",67%,68 °F,14 mph,"30.01 ""Hg",9 mi
Miami,Florida,USA,June,89 °F,76 °F,83 °F,"10.62""",73%,73 °F,11 mph,"30.02 ""Hg",9 mi
Miami,Florida,USA,July,91 °F,78 °F,84 °F,"7.41""",71%,74 °F,11 mph,"30.05 ""Hg",9 mi
Miami,Florida,USA,August,91 °F,78 °F,84 °F,"9.48""",73%,74 °F,11 mph,"30.01 ""Hg",9 mi
Miami,Florida,USA,September,89 °F,77 °F,83 °F,"10.11""",75%,74 °F,11 mph,"29.96 ""Hg",9 mi
Miami,Florida,USA,October,86 °F,74 °F,80 °F,"7.11""",72%,71 °F,13 mph,"29.97 ""Hg",9 mi
Miami,Florida,USA,November,82 °F,69 °F,75 °F,"3.69""",71%,65 °F,13 mph,"30.04 ""Hg",9 mi
Miami,Florida,USA,December,79 °F,65 °F,72 °F,"2.50""",72%,62 °F,13 mph,"30.09 ""Hg",9 mi
Vienna,Vienna,Austria,January,38 °F,28 °F,33 °F,"1.04""",82%,27 °F,19 mph,"30.13 ""Hg",6 mi
Vienna,Vienna,Austria,February,43 °F,30 °F,36 °F,"1.07""",76%,29 °F,20 mph,"30.09 ""Hg",7 mi
Vienna,Vienna,Austria,March,51 °F,34 °F,43 °F,"1.32""",69%,32 °F,20 mph,"30.05 ""Hg",8 mi
Vienna,Vienna,Austria,April,62 °F,42 °F,52 °F,"1.24""",64%,40 °F,19 mph,"29.96 ""Hg",9 mi
Vienna,Vienna,Austria,May,69 °F,51 °F,60 °F,"2.11""",68%,48 °F,18 mph,"29.98 ""Hg",9 mi
Vienna,Vienna,Austria,June,77 °F,57 °F,67 °F,"2.20""",67%,55 °F,16 mph,"29.99 ""Hg",9 mi
Vienna,Vienna,Austria,July,80 °F,60 °F,70 °F,"2.71""",65%,57 °F,17 mph,"29.97 ""Hg",10 mi
Vienna,Vienna,Austria,August,80 °F,60 °F,70 °F,"2.50""",67%,57 °F,15 mph,"29.99 ""Hg",10 mi
Vienna,Vienna,Austria,September,70 °F,53 °F,61 °F,"1.88""",73%,51 °F,16 mph,"30.04 ""Hg",9 mi
Vienna,Vienna,Austria,October,59 °F,44 °F,51 °F,"1.55""",80%,45 °F,16 mph,"30.08 ""Hg",7 mi
Vienna,Vienna,Austria,November,47 °F,37 °F,42 °F,"1.13""",84%,37 °F,18 mph,"30.07 ""Hg",6 mi
Vienna,Vienna,Austria,December,39 °F,30 °F,34 °F,"0.98""",84%,30 °F,18 mph,"30.13 ""Hg",6 mi
Darwin,Northern Territory,Australia,January,90 °F,77 °F,83 °F,"16.06""",81%,76 °F,17 mph,"29.72 ""Hg",9 mi
Darwin,Northern Territory,Australia,February,89 °F,77 °F,83 °F,"15.41""",82%,76 °F,17 mph,"29.73 ""Hg",9 mi
Darwin,Northern Territory,Australia,March,90 °F,77 °F,83 °F,"11.13""",80%,75 °F,14 mph,"29.77 ""Hg",9 mi
Darwin,Northern Territory,Australia,April,92 °F,76 °F,84 °F,"3.70""",72%,72 °F,14 mph,"29.83 ""Hg",10 mi
Darwin,Northern Territory,Australia,May,90 °F,72 °F,81 °F,"0.73""",63%,65 °F,15 mph,"29.88 ""Hg",10 mi
Darwin,Northern Territory,Australia,June,88 °F,68 °F,78 °F,"0.09""",58%,59 °F,15 mph,"29.91 ""Hg",10 mi
Darwin,Northern Territory,Australia,July,88 °F,67 °F,77 °F,"0.04""",59%,59 °F,15 mph,"29.93 ""Hg",10 mi
Darwin,Northern Territory,Australia,August,89 °F,68 °F,79 °F,"0.06""",61%,61 °F,14 mph,"29.93 ""Hg",10 mi
Darwin,Northern Territory,Australia,September,92 °F,73 °F,82 °F,"0.64""",66%,68 °F,15 mph,"29.89 ""Hg",9 mi
Darwin,Northern Territory,Australia,October,93 °F,77 °F,85 °F,"2.47""",68%,72 °F,15 mph,"29.85 ""Hg",9 mi
Darwin,Northern Territory,Australia,November,93 °F,78 °F,85 °F,"5.32""",72%,74 °F,14 mph,"29.79 ""Hg",9 mi
Darwin,Northern Territory,Australia,December,91 °F,78 °F,85 °F,"10.16""",77%,75 °F,15 mph,"29.74 ""Hg",9 mi
Minneapolis,Minnesota,USA,January,24 °F,9 °F,17 °F,"0.84""",75%,10 °F,15 mph,"30.13 ""Hg",8 mi
Minneapolis,Minnesota,USA,February,28 °F,12 °F,20 °F,"0.90""",72%,13 °F,15 mph,"30.12 ""Hg",9 mi
Minneapolis,Minnesota,USA,March,42 °F,25 °F,33 °F,"1.66""",66%,23 °F,16 mph,"30.10 ""Hg",9 mi
Minneapolis,Minnesota,USA,April,56 °F,37 °F,47 °F,"2.89""",57%,31 °F,17 mph,"29.99 ""Hg",10 mi
Minneapolis,Minnesota,USA,May,69 °F,49 °F,59 °F,"3.83""",58%,44 °F,16 mph,"29.96 ""Hg",10 mi
Minneapolis,Minnesota,USA,June,79 °F,60 °F,70 °F,"4.58""",62%,56 °F,14 mph,"29.91 ""Hg",10 mi
Minneapolis,Minnesota,USA,July,84 °F,65 °F,74 °F,"3.94""",64%,61 °F,13 mph,"29.95 ""Hg",10 mi
Minneapolis,Minnesota,USA,August,81 °F,63 °F,72 °F,"4.48""",67%,60 °F,13 mph,"29.98 ""Hg",10 mi
Minneapolis,Minnesota,USA,September,73 °F,54 °F,64 °F,"2.92""",66%,52 °F,14 mph,"30.01 ""Hg",10 mi
Minneapolis,Minnesota,USA,October,58 °F,41 °F,50 °F,"2.57""",66%,38 °F,15 mph,"30.03 ""Hg",10 mi
Minneapolis,Minnesota,USA,November,42 °F,28 °F,35 °F,"1.47""",70%,26 °F,15 mph,"30.07 ""Hg",9 mi
Minneapolis,Minnesota,USA,December,29 °F,15 °F,22 °F,"1.25""",76%,16 °F,14 mph,"30.09 ""Hg",8 mi
Warsaw,,Poland,January,34 °F,25 °F,29 °F,"2.11""",88%,26 °F,17 mph,"30.04 ""Hg",6 mi
Warsaw,,Poland,February,37 °F,26 °F,32 °F,"2.09""",85%,27 °F,17 mph,"30.02 ""Hg",6 mi
Warsaw,,Poland,March,45 °F,30 °F,38 °F,"1.17""",76%,30 °F,17 mph,"30.00 ""Hg",7 mi
Warsaw,,Poland,April,58 °F,39 °F,48 °F,"1.55""",68%,37 °F,15 mph,"29.96 ""Hg",8 mi
Warsaw,,Poland,May,68 °F,47 °F,58 °F,"2.29""",68%,46 °F,15 mph,"29.98 ""Hg",9 mi
Warsaw,,Poland,June,74 °F,54 °F,64 °F,"2.48""",69%,53 °F,14 mph,"29.97 ""Hg",9 mi
Warsaw,,Poland,July,78 °F,58 °F,68 °F,"3.77""",71%,57 °F,13 mph,"29.94 ""Hg",9 mi
Warsaw,,Poland,August,76 °F,56 °F,66 °F,"2.55""",72%,56 °F,12 mph,"29.98 ""Hg",9 mi
Warsaw,,Poland,September,66 °F,48 °F,57 °F,"2.04""",79%,50 °F,13 mph,"30.03 ""Hg",8 mi
Warsaw,,Poland,October,55 °F,40 °F,48 °F,"1.63""",84%,43 °F,14 mph,"30.05 ""Hg",7 mi
Warsaw,,Poland,November,44 °F,34 °F,39 °F,"1.73""",89%,36 °F,15 mph,"30.03 ""Hg",6 mi
Warsaw,,Poland,December,37 °F,27 °F,32 °F,"1.50""",89%,30 °F,16 mph,"30.04 ""Hg",6 mi
Denver,Colorado,USA,January,46 °F,20 °F,33 °F,"0.47""",56%,16 °F,16 mph,"30.04 ""Hg",28 mi
Denver,Colorado,USA,February,47 °F,21 °F,34 °F,"0.64""",59%,17 °F,16 mph,"30.00 ""Hg",26 mi
Denver,Colorado,USA,March,56 °F,28 °F,42 °F,"1.18""",53%,21 °F,17 mph,"29.94 ""Hg",27 mi
Denver,Colorado,USA,April,62 °F,34 °F,48 °F,"1.86""",53%,27 °F,18 mph,"29.88 ""Hg",26 mi
Denver,Colorado,USA,May,71 °F,43 °F,57 °F,"2.35""",56%,38 °F,16 mph,"29.88 ""Hg",27 mi
Denver,Colorado,USA,June,83 °F,53 °F,68 °F,"2.01""",48%,44 °F,16 mph,"29.86 ""Hg",28 mi
Denver,Colorado,USA,July,89 °F,59 °F,74 °F,"2.34""",47%,49 °F,15 mph,"29.93 ""Hg",26 mi
Denver,Colorado,USA,August,87 °F,57 °F,72 °F,"1.89""",49%,48 °F,15 mph,"29.96 ""Hg",26 mi
Denver,Colorado,USA,September,80 °F,49 °F,65 °F,"1.33""",46%,39 °F,15 mph,"29.96 ""Hg",27 mi
Denver,Colorado,USA,October,66 °F,37 °F,52 °F,"0.97""",50%,29 °F,15 mph,"29.99 ""Hg",27 mi
Denver,Colorado,USA,November,55 °F,27 °F,41 °F,"0.65""",53%,21 °F,15 mph,"30.03 ""Hg",27 mi
Denver,Colorado,USA,December,46 °F,20 °F,33 °F,"0.59""",56%,15 °F,16 mph,"30.03 ""Hg",27 mi
Minsk,,Belarus,January,29 °F,21 °F,25 °F,"1.94""",87%,21 °F,13 mph,"30.02 ""Hg",5 mi
Minsk,,Belarus,February,31 °F,22 °F,26 °F,"1.64""",84%,22 °F,13 mph,"30.00 ""Hg",5 mi
Minsk,,Belarus,March,40 °F,27 °F,34 °F,"1.65""",74%,26 °F,14 mph,"29.98 ""Hg",6 mi
Minsk,,Belarus,April,55 °F,37 °F,46 °F,"1.78""",63%,33 °F,13 mph,"29.96 ""Hg",7 mi
Minsk,,Belarus,May,66 °F,47 °F,56 °F,"2.61""",63%,44 °F,13 mph,"29.97 ""Hg",7 mi
Minsk,,Belarus,June,72 °F,54 °F,63 °F,"2.95""",65%,51 °F,13 mph,"29.93 ""Hg",7 mi
Minsk,,Belarus,July,76 °F,58 °F,67 °F,"3.82""",68%,55 °F,12 mph,"29.92 ""Hg",7 mi
Minsk,,Belarus,August,74 °F,56 °F,65 °F,"2.78""",69%,54 °F,11 mph,"29.97 ""Hg",7 mi
Minsk,,Belarus,September,63 °F,47 °F,55 °F,"2.11""",76%,47 °F,12 mph,"30.03 ""Hg",6 mi
Minsk,,Belarus,October,50 °F,38 °F,44 °F,"2.25""",82%,39 °F,13 mph,"30.06 ""Hg",6 mi
Minsk,,Belarus,November,39 °F,31 °F,35 °F,"1.93""",88%,32 °F,13 mph,"30.05 ""Hg",4 mi
Minsk,,Belarus,December,31 °F,24 °F,28 °F,"1.86""",89%,25 °F,14 mph,"30.03 ""Hg",4 mi
Washington DC,,USA,January,44 °F,30 °F,37 °F,"2.83""",61%,24 °F,15 mph,"30.12 ""Hg",9 mi
Washington DC,,USA,February,47 °F,31 °F,40 °F,"2.77""",59%,25 °F,15 mph,"30.11 ""Hg",9 mi
Washington DC,,USA,March,56 °F,38 °F,47 °F,"3.48""",56%,31 °F,16 mph,"30.08 ""Hg",9 mi
Washington DC,,USA,April,67 °F,48 °F,57 °F,"3.25""",58%,42 °F,15 mph,"30.01 ""Hg",10 mi
Washington DC,,USA,May,76 °F,57 °F,67 °F,"4.04""",64%,54 °F,14 mph,"30.01 ""Hg",9 mi
Washington DC,,USA,June,85 °F,67 °F,76 °F,"4.31""",65%,63 °F,13 mph,"29.98 ""Hg",9 mi
Washington DC,,USA,July,89 °F,72 °F,81 °F,"4.36""",64%,67 °F,12 mph,"29.99 ""Hg",9 mi
Washington DC,,USA,August,87 °F,71 °F,79 °F,"3.47""",66%,66 °F,12 mph,"30.02 ""Hg",9 mi
Washington DC,,USA,September,80 °F,64 °F,72 °F,"3.96""",67%,60 °F,13 mph,"30.06 ""Hg",10 mi
Washington DC,,USA,October,69 °F,52 °F,61 °F,"3.73""",68%,49 °F,13 mph,"30.08 ""Hg",10 mi
Washington DC,,USA,November,58 °F,41 °F,49 °F,"2.94""",63%,37 °F,14 mph,"30.14 ""Hg",10 mi
Washington DC,,USA,December,48 °F,34 °F,41 °F,"3.22""",64%,29 °F,14 mph,"30.13 ""Hg",9 mi
Detroit,Michigan,USA,January,33 °F,21 °F,27 °F,"1.37""",74%,19 °F,17 mph,"30.08 ""Hg",8 mi
Detroit,Michigan,USA,February,35 °F,22 °F,28 °F,"1.35""",70%,20 °F,16 mph,"30.09 ""Hg",8 mi
Detroit,Michigan,USA,March,45 °F,29 °F,37 °F,"1.70""",65%,26 °F,16 mph,"30.08 ""Hg",9 mi
Detroit,Michigan,USA,April,58 °F,39 °F,48 °F,"2.34""",60%,34 °F,16 mph,"29.99 ""Hg",10 mi
Detroit,Michigan,USA,May,70 °F,50 °F,60 °F,"3.05""",61%,46 °F,14 mph,"29.99 ""Hg",10 mi
Detroit,Michigan,USA,June,80 °F,61 °F,70 °F,"2.69""",63%,56 °F,13 mph,"29.95 ""Hg",9 mi
Detroit,Michigan,USA,July,84 °F,66 °F,75 °F,"2.91""",63%,61 °F,12 mph,"29.97 ""Hg",10 mi
Detroit,Michigan,USA,August,82 °F,64 °F,73 °F,"3.02""",67%,61 °F,11 mph,"30.01 ""Hg",9 mi
Detroit,Michigan,USA,September,75 °F,57 °F,66 °F,"2.75""",68%,55 °F,12 mph,"30.04 ""Hg",10 mi
Detroit,Michigan,USA,October,62 °F,45 °F,54 °F,"2.09""",68%,43 °F,14 mph,"30.05 ""Hg",9 mi
Detroit,Michigan,USA,November,49 °F,35 °F,42 °F,"2.01""",70%,32 °F,15 mph,"30.09 ""Hg",9 mi
Detroit,Michigan,USA,December,38 °F,27 °F,32 °F,"1.70""",74%,25 °F,16 mph,"30.08 ""Hg",8 mi
Montevideo,,Uruguay,January,83 °F,67 °F,75 °F,"2.96""",63%,62 °F,16 mph,"29.89 ""Hg",8 mi
Montevideo,,Uruguay,February,81 °F,68 °F,74 °F,"3.17""",66%,63 °F,14 mph,"29.90 ""Hg",8 mi
Montevideo,,Uruguay,March,77 °F,63 °F,70 °F,"2.87""",68%,60 °F,14 mph,"29.97 ""Hg",8 mi
Montevideo,,Uruguay,April,72 °F,60 °F,66 °F,"2.75""",72%,57 °F,13 mph,"30.00 ""Hg",7 mi
Montevideo,,Uruguay,May,66 °F,53 °F,59 °F,"2.94""",76%,52 °F,12 mph,"30.04 ""Hg",7 mi
Montevideo,,Uruguay,June,61 °F,47 °F,54 °F,"2.18""",75%,47 °F,12 mph,"30.05 ""Hg",6 mi
Montevideo,,Uruguay,July,60 °F,46 °F,53 °F,"2.94""",75%,45 °F,13 mph,"30.09 ""Hg",6 mi
Montevideo,,Uruguay,August,64 °F,48 °F,56 °F,"3.80""",73%,47 °F,13 mph,"30.07 ""Hg",6 mi
Montevideo,,Uruguay,September,65 °F,52 °F,58 °F,"3.18""",71%,49 °F,14 mph,"30.04 ""Hg",7 mi
Montevideo,,Uruguay,October,70 °F,55 °F,63 °F,"3.20""",70%,53 °F,15 mph,"29.99 ""Hg",7 mi
Montevideo,,Uruguay,November,76 °F,60 °F,68 °F,"2.27""",64%,56 °F,16 mph,"29.93 ""Hg",8 mi
Montevideo,,Uruguay,December,82 °F,65 °F,73 °F,"3.10""",61%,60 °F,15 mph,"29.86 ""Hg",8 mi
Winnipeg,Manitoba,Canada,January,16 °F,2 °F,9 °F,"0.70""",75%,2 °F,9 mph,"30.07 ""Hg",N/A
Winnipeg,Manitoba,Canada,February,16 °F,0 °F,8 °F,"0.45""",71%,1 °F,8 mph,"30.12 ""Hg",N/A
Winnipeg,Manitoba,Canada,March,34 °F,17 °F,26 °F,"0.98""",67%,16 °F,8 mph,"30.08 ""Hg",N/A
Winnipeg,Manitoba,Canada,April,49 °F,29 °F,39 °F,"1.22""",55%,23 °F,9 mph,"30.03 ""Hg",N/A
Winnipeg,Manitoba,Canada,May,66 °F,45 °F,55 °F,"2.49""",52%,36 °F,9 mph,"29.97 ""Hg",N/A
Winnipeg,Manitoba,Canada,June,77 °F,57 °F,67 °F,"3.17""",57%,50 °F,7 mph,"29.85 ""Hg",N/A
Winnipeg,Manitoba,Canada,July,81 °F,62 °F,71 °F,"2.32""",60%,56 °F,7 mph,"29.91 ""Hg",N/A
Winnipeg,Manitoba,Canada,August,78 °F,59 °F,69 °F,"2.48""",61%,54 °F,7 mph,"29.91 ""Hg",N/A
Winnipeg,Manitoba,Canada,September,68 °F,50 °F,59 °F,"2.08""",64%,46 °F,7 mph,"29.94 ""Hg",N/A
Winnipeg,Manitoba,Canada,October,51 °F,36 °F,44 °F,"1.57""",68%,33 °F,8 mph,"29.94 ""Hg",N/A
Winnipeg,Manitoba,Canada,November,33 °F,20 °F,26 °F,"0.93""",75%,19 °F,8 mph,"30.02 ""Hg",N/A
Winnipeg,Manitoba,Canada,December,19 °F,6 °F,12 °F,"0.81""",78%,6 °F,8 mph,"30.05 ""Hg",N/A
Dhaka,,Bangladesh,January,76 °F,59 °F,67 °F,"0.39""",66%,55 °F,4 mph,"29.97 ""Hg",2 mi
Dhaka,,Bangladesh,February,83 °F,65 °F,74 °F,"0.30""",57%,57 °F,4 mph,"29.92 ""Hg",2 mi
Dhaka,,Bangladesh,March,90 °F,71 °F,81 °F,"0.91""",57%,63 °F,5 mph,"29.84 ""Hg",2 mi
Dhaka,,Bangladesh,April,93 °F,76 °F,84 °F,"5.69""",66%,71 °F,7 mph,"29.75 ""Hg",3 mi
Dhaka,,Bangladesh,May,93 °F,78 °F,85 °F,"9.51""",73%,75 °F,7 mph,"29.67 ""Hg",3 mi
Dhaka,,Bangladesh,June,91 °F,80 °F,86 °F,"12.78""",78%,77 °F,6 mph,"29.56 ""Hg",3 mi
Dhaka,,Bangladesh,July,90 °F,80 °F,85 °F,"16.81""",80%,78 °F,6 mph,"29.55 ""Hg",3 mi
Dhaka,,Bangladesh,August,91 °F,80 °F,86 °F,"13.67""",80%,78 °F,5 mph,"29.58 ""Hg",3 mi
Dhaka,,Bangladesh,September,91 °F,80 °F,86 °F,"8.47""",79%,77 °F,3 mph,"29.68 ""Hg",3 mi
Dhaka,,Bangladesh,October,90 °F,77 °F,83 °F,"5.88""",74%,73 °F,3 mph,"29.80 ""Hg",3 mi
Dhaka,,Bangladesh,November,85 °F,68 °F,77 °F,"0.70""",68%,64 °F,2 mph,"29.89 ""Hg",2 mi
Dhaka,,Bangladesh,December,78 °F,61 °F,70 °F,"0.88""",71%,59 °F,2 mph,"29.95 ""Hg",2 mi
Montréal,Quebec,Canada,January,24 °F,9 °F,16 °F,"2.80""",73%,9 °F,19 mph,"30.03 ""Hg",12 mi
Montréal,Quebec,Canada,February,26 °F,11 °F,19 °F,"2.36""",70%,11 °F,19 mph,"30.02 ""Hg",13 mi
Montréal,Quebec,Canada,March,37 °F,21 °F,29 °F,"2.60""",66%,19 °F,19 mph,"30.02 ""Hg",14 mi
Montréal,Quebec,Canada,April,52 °F,34 °F,43 °F,"3.34""",61%,29 °F,19 mph,"29.96 ""Hg",17 mi
Montréal,Quebec,Canada,May,67 °F,47 °F,57 °F,"2.78""",61%,43 °F,18 mph,"29.96 ""Hg",18 mi
Montréal,Quebec,Canada,June,76 °F,57 °F,66 °F,"3.23""",66%,54 °F,16 mph,"29.90 ""Hg",17 mi
Montréal,Quebec,Canada,July,80 °F,62 °F,71 °F,"3.20""",69%,60 °F,16 mph,"29.91 ""Hg",17 mi
Montréal,Quebec,Canada,August,78 °F,60 °F,69 °F,"3.30""",70%,59 °F,15 mph,"29.96 ""Hg",17 mi
Montréal,Quebec,Canada,September,70 °F,52 °F,61 °F,"3.05""",73%,52 °F,15 mph,"30.02 ""Hg",17 mi
Montréal,Quebec,Canada,October,56 °F,41 °F,48 °F,"3.85""",73%,40 °F,17 mph,"30.01 ""Hg",16 mi
Montréal,Quebec,Canada,November,43 °F,29 °F,36 °F,"3.06""",75%,29 °F,18 mph,"30.04 ""Hg",14 mi
Montréal,Quebec,Canada,December,31 °F,18 °F,24 °F,"3.12""",77%,18 °F,19 mph,"30.03 ""Hg",12 mi
Yangon,,Myanmar,January,91 °F,64 °F,77 °F,"0.30""",68%,66 °F,8 mph,"29.91 ""Hg",4 mi
Yangon,,Myanmar,February,95 °F,66 °F,81 °F,"0.02""",62%,67 °F,8 mph,"29.89 ""Hg",4 mi
Yangon,,Myanmar,March,99 °F,70 °F,85 °F,"0.03""",62%,70 °F,10 mph,"29.84 ""Hg",4 mi
Yangon,,Myanmar,April,100 °F,75 °F,88 °F,"0.50""",65%,74 °F,11 mph,"29.80 ""Hg",4 mi
Yangon,,Myanmar,May,97 °F,76 °F,86 °F,"5.90""",74%,76 °F,10 mph,"29.75 ""Hg",4 mi
Yangon,,Myanmar,June,89 °F,74 °F,82 °F,"14.92""",88%,77 °F,10 mph,"29.72 ""Hg",4 mi
Yangon,,Myanmar,July,87 °F,74 °F,81 °F,"16.46""",90%,77 °F,10 mph,"29.73 ""Hg",4 mi
Yangon,,Myanmar,August,87 °F,74 °F,81 °F,"13.63""",90%,77 °F,10 mph,"29.73 ""Hg",4 mi
Yangon,,Myanmar,September,89 °F,74 °F,82 °F,"12.05""",88%,77 °F,9 mph,"29.78 ""Hg",4 mi
Yangon,,Myanmar,October,91 °F,74 °F,82 °F,"7.19""",84%,77 °F,8 mph,"29.83 ""Hg",4 mi
Yangon,,Myanmar,November,92 °F,72 °F,82 °F,"2.38""",79%,75 °F,8 mph,"29.87 ""Hg",4 mi
Yangon,,Myanmar,December,91 °F,66 °F,78 °F,"0.06""",73%,69 °F,8 mph,"29.91 ""Hg",4 mi
Doha,,Qatar,January,73 °F,58 °F,66 °F,"0.43""",67%,53 °F,15 mph,"30.09 ""Hg",6 mi
Doha,,Qatar,February,75 °F,60 °F,68 °F,"0.55""",64%,53 °F,17 mph,"30.03 ""Hg",6 mi
Doha,,Qatar,March,82 °F,65 °F,73 °F,"0.59""",56%,54 °F,18 mph,"29.95 ""Hg",7 mi
Doha,,Qatar,April,92 °F,73 °F,82 °F,"0.27""",47%,57 °F,16 mph,"29.85 ""Hg",7 mi
Doha,,Qatar,May,103 °F,82 °F,93 °F,"0.16""",38%,59 °F,17 mph,"29.72 ""Hg",7 mi
Doha,,Qatar,June,108 °F,87 °F,97 °F,"0.01""",36%,62 °F,18 mph,"29.54 ""Hg",6 mi
Doha,,Qatar,July,108 °F,89 °F,99 °F,"0.11""",44%,69 °F,16 mph,"29.46 ""Hg",6 mi
Doha,,Qatar,August,107 °F,89 °F,98 °F,"0.00""",57%,77 °F,14 mph,"29.52 ""Hg",6 mi
Doha,,Qatar,September,103 °F,85 °F,94 °F,"0.10""",57%,74 °F,13 mph,"29.68 ""Hg",6 mi
Doha,,Qatar,October,96 °F,80 °F,88 °F,"0.22""",59%,70 °F,12 mph,"29.88 ""Hg",7 mi
Doha,,Qatar,November,86 °F,71 °F,79 °F,"0.62""",62%,63 °F,14 mph,"30.01 ""Hg",7 mi
Doha,,Qatar,December,77 °F,63 °F,70 °F,"0.50""",68%,57 °F,14 mph,"30.09 ""Hg",7 mi
Moscow,,Russia,January,24 °F,16 °F,20 °F,"2.30""",85%,17 °F,5 mph,"30.02 ""Hg",4 mi
Moscow,,Russia,February,28 °F,19 °F,24 °F,"1.65""",80%,18 °F,6 mph,"30.06 ""Hg",5 mi
Moscow,,Russia,March,38 °F,24 °F,31 °F,"1.74""",69%,21 °F,6 mph,"29.97 ""Hg",5 mi
Moscow,,Russia,April,52 °F,36 °F,44 °F,"1.66""",62%,30 °F,4 mph,"29.94 ""Hg",6 mi
Moscow,,Russia,May,67 °F,49 °F,58 °F,"3.15""",62%,44 °F,3 mph,"29.97 ""Hg",5 mi
Moscow,,Russia,June,73 °F,56 °F,64 °F,"2.48""",64%,51 °F,3 mph,"29.93 ""Hg",6 mi
Moscow,,Russia,July,75 °F,59 °F,67 °F,"3.29""",69%,56 °F,3 mph,"29.88 ""Hg",5 mi
Moscow,,Russia,August,74 °F,57 °F,65 °F,"2.48""",71%,54 °F,3 mph,"29.99 ""Hg",5 mi
Moscow,,Russia,September,61 °F,48 °F,55 °F,"2.19""",78%,47 °F,3 mph,"30.02 ""Hg",5 mi
Moscow,,Russia,October,48 °F,38 °F,43 °F,"2.27""",78%,36 °F,3 mph,"30.09 ""Hg",6 mi
Moscow,,Russia,November,37 °F,30 °F,33 °F,"2.28""",85%,29 °F,5 mph,"30.12 ""Hg",5 mi
Moscow,,Russia,December,29 °F,22 °F,26 °F,"2.21""",87%,22 °F,5 mph,"30.04 ""Hg",4 mi
Zagreb,,Croatia,January,41 °F,29 °F,35 °F,"2.11""",87%,29 °F,8 mph,"30.14 ""Hg",5 mi
Zagreb,,Croatia,February,47 °F,31 °F,39 °F,"2.10""",79%,30 °F,9 mph,"30.10 ""Hg",6 mi
Zagreb,,Croatia,March,56 °F,37 °F,46 °F,"2.18""",71%,34 °F,11 mph,"30.05 ""Hg",8 mi
Zagreb,,Croatia,April,65 °F,45 °F,55 °F,"2.65""",70%,42 °F,11 mph,"29.96 ""Hg",9 mi
Zagreb,,Croatia,May,73 °F,52 °F,63 °F,"3.33""",70%,51 °F,10 mph,"29.97 ""Hg",9 mi
Zagreb,,Croatia,June,80 °F,60 °F,70 °F,"3.90""",71%,58 °F,9 mph,"29.98 ""Hg",9 mi
Zagreb,,Croatia,July,83 °F,62 °F,73 °F,"3.29""",70%,60 °F,8 mph,"29.96 ""Hg",9 mi
Zagreb,,Croatia,August,83 °F,62 °F,72 °F,"2.81""",70%,60 °F,8 mph,"29.98 ""Hg",9 mi
Zagreb,,Croatia,September,73 °F,54 °F,64 °F,"3.59""",77%,54 °F,8 mph,"30.04 ""Hg",8 mi
Zagreb,,Croatia,October,63 °F,46 °F,54 °F,"3.13""",83%,47 °F,8 mph,"30.09 ""Hg",6 mi
Zagreb,,Croatia,November,51 °F,38 °F,45 °F,"3.30""",87%,39 °F,8 mph,"30.08 ""Hg",5 mi
Zagreb,,Croatia,December,41 °F,30 °F,36 °F,"2.86""",89%,31 °F,8 mph,"30.14 ""Hg",5 mi
Dubai,Dubai,United Arab Emirates,January,76 °F,60 °F,68 °F,"0.49""",62%,54 °F,14 mph,"30.07 ""Hg",6 mi
Dubai,Dubai,United Arab Emirates,February,79 °F,62 °F,70 °F,"0.20""",61%,55 °F,15 mph,"30.01 ""Hg",6 mi
Dubai,Dubai,United Arab Emirates,March,84 °F,67 °F,75 °F,"0.44""",57%,57 °F,16 mph,"29.93 ""Hg",6 mi
Dubai,Dubai,United Arab Emirates,April,93 °F,73 °F,83 °F,"0.13""",48%,58 °F,15 mph,"29.83 ""Hg",6 mi
Dubai,Dubai,United Arab Emirates,May,101 °F,80 °F,90 °F,"0.10""",44%,63 °F,16 mph,"29.70 ""Hg",6 mi
Dubai,Dubai,United Arab Emirates,June,104 °F,84 °F,94 °F,"0.00""",50%,70 °F,15 mph,"29.52 ""Hg",6 mi
Dubai,Dubai,United Arab Emirates,July,107 °F,89 °F,98 °F,"0.00""",49%,73 °F,16 mph,"29.44 ""Hg",5 mi
Dubai,Dubai,United Arab Emirates,August,107 °F,89 °F,98 °F,"0.15""",49%,73 °F,16 mph,"29.51 ""Hg",6 mi
Dubai,Dubai,United Arab Emirates,September,103 °F,85 °F,94 °F,"0.04""",55%,72 °F,15 mph,"29.67 ""Hg",6 mi
Dubai,Dubai,United Arab Emirates,October,97 °F,78 °F,87 °F,"0.05""",56%,68 °F,13 mph,"29.87 ""Hg",6 mi
Dubai,Dubai,United Arab Emirates,November,87 °F,71 °F,79 °F,"0.13""",57%,62 °F,13 mph,"29.98 ""Hg",6 mi
Dubai,Dubai,United Arab Emirates,December,80 °F,64 °F,72 °F,"0.42""",62%,57 °F,13 mph,"30.06 ""Hg",6 mi
Mumbai,Maharashtra,India,January,88 °F,63 °F,76 °F,"0.03""",57%,59 °F,8 mph,"29.92 ""Hg",2 mi
Mumbai,Maharashtra,India,February,89 °F,65 °F,77 °F,"0.01""",56%,60 °F,8 mph,"29.89 ""Hg",2 mi
Mumbai,Maharashtra,India,March,92 °F,70 °F,81 °F,"0.08""",60%,65 °F,9 mph,"29.84 ""Hg",2 mi
Mumbai,Maharashtra,India,April,92 °F,76 °F,84 °F,"0.19""",67%,72 °F,10 mph,"29.79 ""Hg",2 mi
Mumbai,Maharashtra,India,May,93 °F,80 °F,87 °F,"1.04""",70%,75 °F,12 mph,"29.74 ""Hg",3 mi
Mumbai,Maharashtra,India,June,90 °F,80 °F,85 °F,"18.59""",77%,77 °F,14 mph,"29.66 ""Hg",2 mi
Mumbai,Maharashtra,India,July,87 °F,78 °F,82 °F,"33.05""",83%,77 °F,16 mph,"29.65 ""Hg",2 mi
Mumbai,Maharashtra,India,August,87 °F,77 °F,82 °F,"18.57""",82%,76 °F,15 mph,"29.70 ""Hg",2 mi
Mumbai,Maharashtra,India,September,88 °F,77 °F,82 °F,"13.99""",81%,76 °F,10 mph,"29.75 ""Hg",2 mi
Mumbai,Maharashtra,India,October,93 °F,75 °F,84 °F,"3.69""",69%,72 °F,8 mph,"29.81 ""Hg",2 mi
Mumbai,Maharashtra,India,November,94 °F,71 °F,82 °F,"0.51""",58%,65 °F,8 mph,"29.86 ""Hg",2 mi
Mumbai,Maharashtra,India,December,91 °F,65 °F,78 °F,"0.10""",57%,61 °F,7 mph,"29.91 ""Hg",2 mi
Zürich,Zurich,Switzerland,January,39 °F,29 °F,34 °F,"3.04""",85%,30 °F,9 mph,"30.17 ""Hg",5 mi
Zürich,Zurich,Switzerland,February,43 °F,29 °F,36 °F,"2.50""",80%,30 °F,10 mph,"30.14 ""Hg",6 mi
Zürich,Zurich,Switzerland,March,52 °F,33 °F,43 °F,"2.69""",73%,34 °F,10 mph,"30.08 ""Hg",7 mi
Zürich,Zurich,Switzerland,April,60 °F,39 °F,50 °F,"2.77""",69%,39 °F,10 mph,"29.98 ""Hg",7 mi
Zürich,Zurich,Switzerland,May,67 °F,47 °F,57 °F,"4.59""",72%,47 °F,9 mph,"30.00 ""Hg",8 mi
Zürich,Zurich,Switzerland,June,74 °F,54 °F,64 °F,"4.18""",72%,53 °F,9 mph,"30.03 ""Hg",8 mi
Zürich,Zurich,Switzerland,July,77 °F,57 °F,67 °F,"4.87""",71%,56 °F,8 mph,"30.02 ""Hg",8 mi
Zürich,Zurich,Switzerland,August,76 °F,56 °F,66 °F,"4.49""",75%,57 °F,8 mph,"30.02 ""Hg",7 mi
Zürich,Zurich,Switzerland,September,68 °F,50 °F,59 °F,"3.28""",80%,51 °F,7 mph,"30.07 ""Hg",7 mi
Zürich,Zurich,Switzerland,October,58 °F,43 °F,51 °F,"3.40""",86%,46 °F,8 mph,"30.08 ""Hg",5 mi
Zürich,Zurich,Switzerland,November,46 °F,35 °F,41 °F,"2.77""",88%,37 °F,8 mph,"30.08 ""Hg",5 mi
Zürich,Zurich,Switzerland,December,40 °F,30 °F,35 °F,"3.37""",87%,32 °F,9 mph,"30.15 ""Hg",5 mi
Dublin,,Ireland,January,47 °F,36 °F,42 °F,"2.58""",87%,38 °F,25 mph,"29.90 ""Hg",10 mi
Dublin,,Ireland,February,48 °F,36 °F,42 °F,"2.17""",85%,38 °F,25 mph,"29.93 ""Hg",11 mi
Dublin,,Ireland,March,52 °F,38 °F,45 °F,"1.99""",83%,39 °F,23 mph,"29.97 ""Hg",11 mi
Dublin,,Ireland,April,55 °F,40 °F,48 °F,"1.98""",81%,41 °F,21 mph,"29.95 ""Hg",12 mi
Dublin,,Ireland,May,60 °F,44 °F,52 °F,"2.36""",79%,45 °F,20 mph,"29.97 ""Hg",12 mi
Dublin,,Ireland,June,65 °F,49 °F,57 °F,"2.48""",79%,50 °F,19 mph,"30.00 ""Hg",13 mi
Dublin,,Ireland,July,68 °F,53 °F,60 °F,"2.49""",80%,53 °F,18 mph,"29.96 ""Hg",13 mi
Dublin,,Ireland,August,67 °F,52 °F,60 °F,"2.87""",82%,53 °F,19 mph,"29.95 ""Hg",13 mi
Dublin,,Ireland,September,64 °F,49 °F,56 °F,"2.42""",84%,51 °F,19 mph,"29.98 ""Hg",12 mi
Dublin,,Ireland,October,58 °F,45 °F,51 °F,"3.10""",85%,46 °F,21 mph,"29.88 ""Hg",11 mi
Dublin,,Ireland,November,51 °F,40 °F,46 °F,"3.21""",88%,42 °F,23 mph,"29.85 ""Hg",11 mi
Dublin,,Ireland,December,48 °F,37 °F,42 °F,"3.02""",88%,39 °F,24 mph,"29.88 ""Hg",10 mi
Nairobi,,Kenya,January,79 °F,59 °F,69 °F,"2.34""",65%,55 °F,16 mph,"29.96 ""Hg",9 mi
Nairobi,,Kenya,February,81 °F,59 °F,70 °F,"1.90""",60%,54 °F,16 mph,"29.95 ""Hg",9 mi
Nairobi,,Kenya,March,81 °F,61 °F,71 °F,"2.88""",64%,56 °F,17 mph,"29.95 ""Hg",9 mi
Nairobi,,Kenya,April,78 °F,61 °F,69 °F,"2.92""",74%,59 °F,13 mph,"29.98 ""Hg",9 mi
Nairobi,,Kenya,May,75 °F,60 °F,67 °F,"2.50""",76%,58 °F,10 mph,"30.03 ""Hg",9 mi
Nairobi,,Kenya,June,73 °F,57 °F,65 °F,"0.79""",74%,55 °F,8 mph,"30.06 ""Hg",9 mi
Nairobi,,Kenya,July,72 °F,55 °F,64 °F,"0.43""",71%,53 °F,9 mph,"30.07 ""Hg",9 mi
Nairobi,,Kenya,August,74 °F,55 °F,64 °F,"0.69""",70%,53 °F,10 mph,"30.07 ""Hg",9 mi
Nairobi,,Kenya,September,77 °F,56 °F,67 °F,"0.62""",65%,53 °F,12 mph,"30.04 ""Hg",9 mi
Nairobi,,Kenya,October,79 °F,59 °F,69 °F,"1.88""",65%,55 °F,14 mph,"30.00 ""Hg",9 mi
Nairobi,,Kenya,November,76 °F,60 °F,68 °F,"3.88""",74%,58 °F,16 mph,"29.98 ""Hg",9 mi
Nairobi,,Kenya,December,77 °F,60 °F,68 °F,"3.03""",72%,57 °F,16 mph,"29.99 ""Hg",9 mi
